-- phpMyAdmin SQL Dump
-- version 5.0.4deb2~bpo10+1
-- https://www.phpmyadmin.net/
--
-- Host: localhost:3306
-- Generation Time: May 30, 2024 at 07:07 AM
-- Server version: 10.3.39-MariaDB-0+deb10u2
-- PHP Version: 7.3.31-1~deb10u6

SET SQL_MODE = "NO_AUTO_VALUE_ON_ZERO";
START TRANSACTION;
SET time_zone = "+00:00";


/*!40101 SET @OLD_CHARACTER_SET_CLIENT=@@CHARACTER_SET_CLIENT */;
/*!40101 SET @OLD_CHARACTER_SET_RESULTS=@@CHARACTER_SET_RESULTS */;
/*!40101 SET @OLD_COLLATION_CONNECTION=@@COLLATION_CONNECTION */;
/*!40101 SET NAMES utf8mb4 */;

--
-- Database: `u23535246_CineTechDB`
--

-- --------------------------------------------------------

--
-- Table structure for table `Actor`
--

CREATE TABLE `Actor` (
  `Actor_ID` int(11) NOT NULL,
  `Actor_Name` varchar(100) NOT NULL,
  `Films_ID` int(11) DEFAULT NULL,
  `Shows_ID` int(11) DEFAULT NULL
) ENGINE=InnoDB DEFAULT CHARSET=utf8mb4 COLLATE=utf8mb4_general_ci;

--
-- Dumping data for table `Actor`
--

INSERT INTO `Actor` (`Actor_ID`, `Actor_Name`, `Films_ID`, `Shows_ID`) VALUES
(1, 'Sylvester Stallone', NULL, NULL),
(2, 'Talia Shire', NULL, NULL),
(3, 'Burt Young', NULL, NULL),
(4, 'Carl Weathers', NULL, NULL),
(5, 'Burgess Meredith', NULL, NULL),
(6, 'Thayer David', NULL, NULL),
(7, 'Joe Spinell', NULL, NULL),
(8, 'Jimmy Gambina', NULL, NULL),
(9, 'Bill Baldwin', NULL, NULL),
(10, 'Al Silvani', NULL, NULL),
(11, 'George Memmoli', NULL, NULL),
(12, 'Jodi Letizia', NULL, NULL),
(13, 'Diana Lewis', NULL, NULL),
(14, 'George O\'Hanlon', NULL, NULL),
(15, 'Larry Carroll', NULL, NULL),
(16, 'Stan Shaw', NULL, NULL),
(17, 'Don Sherman', NULL, NULL),
(18, 'Billy Sands', NULL, NULL),
(19, 'Pedro Lovell', NULL, NULL),
(20, 'DeForest Covan', NULL, NULL),
(21, 'Simmy Bow', NULL, NULL),
(22, 'Tony Burton', NULL, NULL),
(23, 'Hank Rolike', NULL, NULL),
(24, 'Shirley O\'Hara', NULL, NULL),
(25, 'Kathleen Parker', NULL, NULL),
(26, 'Frank Stallone', NULL, NULL),
(27, 'Lloyd Kaufman', NULL, NULL),
(28, 'Jane Marla Robbins', NULL, NULL),
(29, 'Jack Hollander', NULL, NULL),
(30, 'Joe Sorbello', NULL, NULL),
(31, 'Christopher Avildsen', NULL, NULL),
(32, 'Frankie Van', NULL, NULL),
(33, 'Lou Fillipo', NULL, NULL),
(34, 'Paris Eagle', NULL, NULL),
(35, 'Frank Stallone', NULL, NULL),
(36, 'Robert L. Tangrea', NULL, NULL),
(37, 'Peter Glassberg', NULL, NULL),
(38, 'William E. Ring', NULL, NULL),
(39, 'Joseph C. Giambelluc', NULL, NULL),
(40, 'Joe Frazier', NULL, NULL),
(41, 'Butkus Stallone', NULL, NULL),
(42, 'Michael Dorn', NULL, NULL),
(43, 'Arnold Johnson', NULL, NULL),
(44, 'Stu Nahan', NULL, NULL),
(45, 'Frank Pesce', NULL, NULL),
(46, 'Lavelle Roby', NULL, NULL),
(47, 'Arthur Tovey', NULL, NULL),
(48, 'John Pleshette', NULL, NULL),
(49, 'Butkus Stallone', NULL, NULL),
(50, 'John Travolta', NULL, NULL),
(51, 'Olivia Newton-John', NULL, NULL),
(52, 'Stockard Channing', NULL, NULL),
(53, 'Jeff Conaway', NULL, NULL),
(54, 'Barry Pearl', NULL, NULL),
(55, 'Michael Tucci', NULL, NULL),
(56, 'Kelly Ward', NULL, NULL),
(57, 'Didi Conn', NULL, NULL),
(58, 'Jamie Donnelly', NULL, NULL),
(59, 'Dinah Manoff', NULL, NULL),
(60, 'Eve Arden', NULL, NULL),
(61, 'Frankie Avalon', NULL, NULL),
(62, 'Joan Blondell', NULL, NULL),
(63, 'Edd Byrnes', NULL, NULL),
(64, 'Sid Caesar', NULL, NULL),
(65, 'Alice Ghostley', NULL, NULL),
(66, 'Dody Goodman', NULL, NULL),
(67, 'Susan Buckner', NULL, NULL),
(68, 'Lorenzo Lamas', NULL, NULL),
(69, 'Fannie Flagg', NULL, NULL),
(70, 'Dick Patterson', NULL, NULL),
(71, 'Eddie Deezen', NULL, NULL),
(72, 'Darrell Zwerling', NULL, NULL),
(73, 'Ellen Travolta', NULL, NULL),
(74, 'Annette Charles', NULL, NULL),
(75, 'Dennis Stewart', NULL, NULL),
(76, 'Barbi Alison', NULL, NULL),
(77, 'Helena Andreyko', NULL, NULL),
(78, 'Jennifer Buchanan', NULL, NULL),
(79, 'Carol Culver', NULL, NULL),
(80, 'Cindy DeVore', NULL, NULL),
(81, 'Deborah Fishman', NULL, NULL),
(82, 'Antonia Franceschi', NULL, NULL),
(83, 'Sandra Gray', NULL, NULL),
(84, 'Mimi Lieber', NULL, NULL),
(85, 'Judy Susman', NULL, NULL),
(86, 'Larry Dusich', NULL, NULL),
(87, 'John Robert Garrett', NULL, NULL),
(88, 'Daniel Levins', NULL, NULL),
(89, 'Sean Moran', NULL, NULL),
(90, 'Greg Rosatti', NULL, NULL),
(91, 'Andy Roth', NULL, NULL),
(92, 'Lou Spadaccini', NULL, NULL),
(93, 'Andy Tennant', NULL, NULL),
(94, 'Richard Weisman', NULL, NULL),
(95, 'Michael Biehn', NULL, NULL),
(96, 'Wendie Jo Sperber', NULL, NULL),
(97, 'Paul Newman', NULL, NULL),
(98, 'Robert Redford', NULL, NULL),
(99, 'Robert Shaw', NULL, NULL),
(100, 'Charles Durning', NULL, NULL),
(101, 'Ray Walston', NULL, NULL),
(102, 'Eileen Brennan', NULL, NULL),
(103, 'Harold Gould', NULL, NULL),
(104, 'John Heffernan', NULL, NULL),
(105, 'Dana Elcar', NULL, NULL),
(106, 'Jack Kehoe', NULL, NULL),
(107, 'Dimitra Arliss', NULL, NULL),
(108, 'Robert Earl Jones', NULL, NULL),
(109, 'James Sloyan', NULL, NULL),
(110, 'Charles Dierkop', NULL, NULL),
(111, 'Lee Paul', NULL, NULL),
(112, 'Sally Kirkland', NULL, NULL),
(113, 'Avon Long', NULL, NULL),
(114, 'Arch Johnson', NULL, NULL),
(115, 'Ed Bakey', NULL, NULL),
(116, 'Brad Sullivan', NULL, NULL),
(117, 'John Quade', NULL, NULL),
(118, 'Larry D. Mann', NULL, NULL),
(119, 'Leonard Barr', NULL, NULL),
(120, 'Paulene Myers', NULL, NULL),
(121, 'Joe Tornatore', NULL, NULL),
(122, 'Jack Collins', NULL, NULL),
(123, 'Tom Spratley', NULL, NULL),
(124, 'Kenneth O\'Brien', NULL, NULL),
(125, 'Ken Sansom', NULL, NULL),
(126, 'Ta-Tanisha', NULL, NULL),
(127, 'William Benedict', NULL, NULL),
(128, 'Robert Brubaker', NULL, NULL),
(129, 'Kathleen Freeman', NULL, NULL),
(130, 'Susan French', NULL, NULL),
(131, 'Bruce Kimball', NULL, NULL),
(132, 'Alexander Lockwood', NULL, NULL),
(133, 'Chuck Morrell', NULL, NULL),
(134, 'Byron Morrow', NULL, NULL),
(135, 'Pearl Shear', NULL, NULL),
(136, 'Arthur Tovey', NULL, NULL),
(137, 'Guy Way', NULL, NULL),
(138, 'Jim Michael', NULL, NULL),
(139, 'Sylvester Stallone', NULL, NULL),
(140, 'Talia Shire', NULL, NULL),
(141, 'Burt Young', NULL, NULL),
(142, 'Carl Weathers', NULL, NULL),
(143, 'Burgess Meredith', NULL, NULL),
(144, 'Tony Burton', NULL, NULL),
(145, 'Joe Spinell', NULL, NULL),
(146, 'Leonard Gaines', NULL, NULL),
(147, 'Butkus Stallone', NULL, NULL),
(148, 'Sylvia Meals', NULL, NULL),
(149, 'Frank McRae', NULL, NULL),
(150, 'Al Silvani', NULL, NULL),
(151, 'John Pleshette', NULL, NULL),
(152, 'Stu Nahan', NULL, NULL),
(153, 'Bill Baldwin', NULL, NULL),
(154, 'Jerry Ziesmer', NULL, NULL),
(155, 'Paul Micale', NULL, NULL),
(156, 'Earl Montgomery', NULL, NULL),
(157, 'Herb Nanas', NULL, NULL),
(158, 'Stuart K. Robinson', NULL, NULL),
(159, 'Frank Stallone', NULL, NULL),
(160, 'Charles \"Honi\" Coles', NULL, NULL),
(161, 'Doug Flor', NULL, NULL),
(162, 'Robert Kondyra', NULL, NULL),
(163, 'James Zazzarino', NULL, NULL),
(164, 'Eddie \'El Annimal\' Lopez', NULL, NULL),
(165, 'Taurean Blacque', NULL, NULL),
(166, 'James J. Casino', NULL, NULL),
(167, 'Shaka Cumbuka', NULL, NULL),
(168, 'Roberto Durán', NULL, NULL),
(169, 'Lou Fillipo', NULL, NULL),
(170, 'Ruth Ann Flynn', NULL, NULL),
(171, 'Grainger Hines', NULL, NULL),
(172, 'Garrie Kelly', NULL, NULL),
(173, 'Ava Lazar', NULL, NULL),
(174, 'Joseph Letizia', NULL, NULL),
(175, 'René Le Vant', NULL, NULL),
(176, 'Tawny Little', NULL, NULL),
(177, 'Paul McCrane', NULL, NULL),
(178, 'Sonny Melendrez', NULL, NULL),
(179, 'Tony Munafo', NULL, NULL),
(180, 'Brent Musburger', NULL, NULL),
(181, 'Ed Ness', NULL, NULL),
(182, 'Fred Pinkard', NULL, NULL),
(183, 'Jane Marla Robbins', NULL, NULL),
(184, 'Hank Rolike', NULL, NULL),
(185, 'David L. Ross', NULL, NULL),
(186, 'Fran Ryan', NULL, NULL),
(187, 'Whitney Rydbeck', NULL, NULL),
(188, 'Shepherd Sanders', NULL, NULL),
(189, 'Jeff Temkin', NULL, NULL),
(190, 'Allan Warnick', NULL, NULL),
(191, 'Charles Winkler', NULL, NULL),
(192, 'James Zaza', NULL, NULL),
(193, 'Samuel Davis', NULL, NULL),
(194, 'Rutanya Alda', NULL, NULL),
(195, 'Butkus Stallone', NULL, NULL),
(196, 'Graham Chapman', NULL, NULL),
(197, 'John Cleese', NULL, NULL),
(198, 'Eric Idle', NULL, NULL),
(199, 'Terry Gilliam', NULL, NULL),
(200, 'Terry Jones', NULL, NULL),
(201, 'Michael Palin', NULL, NULL),
(202, 'Connie Booth', NULL, NULL),
(203, 'Carol Cleveland', NULL, NULL),
(204, 'Neil Innes', NULL, NULL),
(205, 'Bee Duffell', NULL, NULL),
(206, 'John Young', NULL, NULL),
(207, 'Rita Davies', NULL, NULL),
(208, 'Avril Stewart', NULL, NULL),
(209, 'Sally Kinghorn', NULL, NULL),
(210, 'Mark Zycon', NULL, NULL),
(211, 'Elspeth Cameron', NULL, NULL),
(212, 'Mitsuko Forstater', NULL, NULL),
(213, 'Sandy Johnson', NULL, NULL),
(214, 'Sandy Rose', NULL, NULL),
(215, 'Romilly Squire', NULL, NULL),
(216, 'Joni Flynn', NULL, NULL),
(217, 'Alison Walker', NULL, NULL),
(218, 'Loraine Ward', NULL, NULL),
(219, 'Anna Lanski', NULL, NULL),
(220, 'Sally Coombe', NULL, NULL),
(221, 'Vivienne MacDonald', NULL, NULL),
(222, 'Yvonne Dick', NULL, NULL),
(223, 'Daphne Darling', NULL, NULL),
(224, 'Fiona Gordon', NULL, NULL),
(225, 'Judy Lamb', NULL, NULL),
(226, 'Tracy Sneddon', NULL, NULL),
(227, 'Joyce Pollner', NULL, NULL),
(228, 'Mary Allen', NULL, NULL),
(229, 'Gloria Graham', NULL, NULL),
(230, 'Sylvia Taylor', NULL, NULL),
(231, 'Iain Banks', NULL, NULL),
(232, 'Julian Doyle', NULL, NULL),
(233, 'Margarita Doyle', NULL, NULL),
(234, 'Zack Matalon', NULL, NULL),
(235, 'Scott Mike', NULL, NULL),
(236, 'William Palin', NULL, NULL),
(237, 'Terry Jones', NULL, NULL),
(238, 'Tom Raeburn', NULL, NULL),
(239, 'Brian Ross', NULL, NULL),
(240, 'Roy Forge Smith', NULL, NULL),
(241, 'John Thornton', NULL, NULL),
(242, 'Maggie Weston', NULL, NULL),
(243, 'John Belushi', NULL, NULL),
(244, 'Tim Matheson', NULL, NULL),
(245, 'John Vernon', NULL, NULL),
(246, 'Verna Bloom', NULL, NULL),
(247, 'Tom Hulce', NULL, NULL),
(248, 'Cesare Danova', NULL, NULL),
(249, 'Peter Riegert', NULL, NULL),
(250, 'Mary Louise Weller', NULL, NULL),
(251, 'Stephen Furst', NULL, NULL),
(252, 'James Widdoes', NULL, NULL),
(253, 'Bruce McGill', NULL, NULL),
(254, 'Mark Metcalf', NULL, NULL),
(255, 'DeWayne Jessie', NULL, NULL),
(256, 'Karen Allen', NULL, NULL),
(257, 'James Daughton', NULL, NULL),
(258, 'Martha Smith', NULL, NULL),
(259, 'Sarah Holcomb', NULL, NULL),
(260, 'Lisa Baur', NULL, NULL),
(261, 'Kevin Bacon', NULL, NULL),
(262, 'Donald Sutherland', NULL, NULL),
(263, 'Douglas Kenney', NULL, NULL),
(264, 'Chris Miller', NULL, NULL),
(265, 'Bruce Bonnheim', NULL, NULL),
(266, 'Joshua Daniel', NULL, NULL),
(267, 'Sunny Johnson', NULL, NULL),
(268, 'Stacy Grooman', NULL, NULL),
(269, 'Eliza Roberts', NULL, NULL),
(270, 'Aseneth Jurgenson', NULL, NULL),
(271, 'Katherine Denning', NULL, NULL),
(272, 'Raymone Robinson', NULL, NULL),
(273, 'Robert Elliott', NULL, NULL),
(274, 'Reginald Farmer', NULL, NULL),
(275, 'Jebidiah R. Dumas', NULL, NULL),
(276, 'Priscilla Lauris', NULL, NULL),
(277, 'Rick Eby', NULL, NULL),
(278, 'John Freeman', NULL, NULL),
(279, 'Sean McCartin', NULL, NULL),
(280, 'Helen Vick', NULL, NULL),
(281, 'Rick Greenough', NULL, NULL),
(282, 'Stephen Bishop', NULL, NULL),
(283, 'John Landis', NULL, NULL),
(284, 'Graham Chapman', NULL, NULL),
(285, 'Michael Palin', NULL, NULL),
(286, 'Terry Jones', NULL, NULL),
(287, 'Eric Idle', NULL, NULL),
(288, 'Terry Gilliam', NULL, NULL),
(289, 'Graham Chapman', NULL, NULL),
(290, 'John Cleese', NULL, NULL),
(291, 'Terry Gilliam', NULL, NULL),
(292, 'Eric Idle', NULL, NULL),
(293, 'Terry Jones', NULL, NULL),
(294, 'Michael Palin', NULL, NULL),
(295, 'Terence Bayler', NULL, NULL),
(296, 'Carol Cleveland', NULL, NULL),
(297, 'Kenneth Colley', NULL, NULL),
(298, 'Neil Innes', NULL, NULL),
(299, 'Charles McKeown', NULL, NULL),
(300, 'John Young', NULL, NULL),
(301, 'Gwen Taylor', NULL, NULL),
(302, 'Sue Jones-Davies', NULL, NULL),
(303, 'Peter Brett', NULL, NULL),
(304, 'John Case', NULL, NULL),
(305, 'Chris Langham', NULL, NULL),
(306, 'Andrew MacLachlan', NULL, NULL),
(307, 'Bernard McKenna', NULL, NULL),
(308, 'Spike Milligan', NULL, NULL),
(309, 'George Harrison', NULL, NULL),
(310, 'Bing Crosby', NULL, NULL),
(311, 'Danny Kaye', NULL, NULL),
(312, 'Rosemary Clooney', NULL, NULL),
(313, 'Vera-Ellen', NULL, NULL),
(314, 'Dean Jagger', NULL, NULL),
(315, 'Mary Wickes', NULL, NULL),
(316, 'John Brascia', NULL, NULL),
(317, 'Anne Whitfield', NULL, NULL),
(318, 'Bea Allen', NULL, NULL),
(319, 'Frank Baker', NULL, NULL),
(320, 'Glen Cargyle', NULL, NULL),
(321, 'George Chakiris', NULL, NULL),
(322, 'Barrie Chase', NULL, NULL),
(323, 'Lorinne Crawford', NULL, NULL),
(324, 'Franklyn Farnum', NULL, NULL),
(325, 'Bess Flowers', NULL, NULL),
(326, 'Gavin Gordon', NULL, NULL),
(327, 'Johnny Grant', NULL, NULL),
(328, 'Percy Helton', NULL, NULL),
(329, 'I. Stanford Jolley', NULL, NULL),
(330, 'Sig Ruman', NULL, NULL),
(331, 'Grady Sutton', NULL, NULL),
(332, 'Herb Vigran', NULL, NULL),
(333, 'Robert Crosson', NULL, NULL),
(334, 'Henry Winkler', NULL, NULL),
(335, 'Sally Field', NULL, NULL),
(336, 'Harrison Ford', NULL, NULL),
(337, 'Val Avery', NULL, NULL),
(338, 'Olivia Cole', NULL, NULL),
(339, 'Hector Elias', NULL, NULL),
(340, 'Dennis Burkley', NULL, NULL),
(341, 'Tony Burton', NULL, NULL),
(342, 'Michael Cavanaugh', NULL, NULL),
(343, 'Helen Craig', NULL, NULL),
(344, 'John P. Finnegan', NULL, NULL),
(345, 'Betty McGuire', NULL, NULL),
(346, 'John O\'Leary', NULL, NULL),
(347, 'Tom Rosqui', NULL, NULL),
(348, 'Fred Stuthman', NULL, NULL),
(349, 'Caskey Swaim', NULL, NULL),
(350, 'Earle Towne', NULL, NULL),
(351, 'Kenneth Augustine', NULL, NULL),
(352, 'Rick Blanchard', NULL, NULL),
(353, 'Louis Carello', NULL, NULL),
(354, 'Robert Kretschmann', NULL, NULL),
(355, 'Alex Tinne', NULL, NULL),
(356, 'Dick Ziker', NULL, NULL),
(357, 'Ben Fuhrman', NULL, NULL),
(358, 'Bill Ackridge', NULL, NULL),
(359, 'Gary Bertz', NULL, NULL),
(360, 'Susan Bredhoff', NULL, NULL),
(361, 'William H. Burton Jr.', NULL, NULL),
(362, 'David R. Ellis', NULL, NULL),
(363, 'James W. Gavin', NULL, NULL),
(364, 'Pat Hustis', NULL, NULL),
(365, 'Bennie Moore', NULL, NULL),
(366, 'John Cassavetes', NULL, NULL),
(367, 'Bob Harks', NULL, NULL),
(368, 'Stuart Margolin', NULL, NULL),
(369, 'William Watson', NULL, NULL),
(370, 'James Worth', NULL, NULL),
(371, 'Clint Eastwood', NULL, NULL),
(372, 'Jessica Walter', NULL, NULL),
(373, 'Donna Mills', NULL, NULL),
(374, 'John Larch', NULL, NULL),
(375, 'Jack Ging', NULL, NULL),
(376, 'Irene Hervey', NULL, NULL),
(377, 'James McEachin', NULL, NULL),
(378, 'Clarice Taylor', NULL, NULL),
(379, 'Don Siegel', NULL, NULL),
(380, 'Duke Everts', NULL, NULL),
(381, 'George Fargo', NULL, NULL),
(382, 'Mervin W. Frates', NULL, NULL),
(383, 'Tim Frawley', NULL, NULL),
(384, 'Otis Kadani', NULL, NULL),
(385, 'Brit Lind', NULL, NULL),
(386, 'Paul E. Lippman', NULL, NULL),
(387, 'Jack Kosslyn', NULL, NULL),
(388, 'Ginna Patterson', NULL, NULL),
(389, 'Malcolm Moran', NULL, NULL),
(390, 'Cannonball Adderley', NULL, NULL),
(391, 'Boyd Cabeen', NULL, NULL),
(392, 'Barbara Chrysler', NULL, NULL),
(393, 'Don Hamilton', NULL, NULL),
(394, 'Robert S. Holman', NULL, NULL),
(395, 'Johnny Otis', NULL, NULL),
(396, 'Walter Scott', NULL, NULL),
(397, 'Walter Spear', NULL, NULL),
(398, 'William Tomlinson', NULL, NULL),
(399, 'Farid Shawqi', NULL, NULL),
(400, 'Hind Rostom', NULL, NULL),
(401, 'Youssef Chahine', NULL, NULL),
(402, 'Hassan el Baroudi', NULL, NULL),
(403, 'Abdel Aziz Khalil', NULL, NULL),
(404, 'Said Khalil', NULL, NULL),
(405, 'Farouq ElDemerdash', NULL, NULL),
(406, 'Ahmed Abaza', NULL, NULL),
(407, 'Safia Sarwat', NULL, NULL),
(408, 'Asaad Kellada', NULL, NULL),
(409, 'Sherine', NULL, NULL),
(410, 'Soheir', NULL, NULL),
(411, 'Esmat Mahmoud', NULL, NULL),
(412, 'Nawal Morsi', NULL, NULL),
(413, 'Gharib Moawad', NULL, NULL),
(414, 'Mohamed Mazhar', NULL, NULL),
(415, 'Galal Issa', NULL, NULL),
(416, 'Mahrous El Garhi', NULL, NULL),
(417, 'Ahmed Tantawi', NULL, NULL),
(418, 'S. Abdel Aziz', NULL, NULL),
(419, 'Nadia Lotfi', NULL, NULL),
(420, 'Hussein Ismail', NULL, NULL),
(421, 'Naima Wasfi', NULL, NULL),
(422, 'Abdel Ghani ElNagdi', NULL, NULL),
(423, 'Abdel Hamid Badawi', NULL, NULL),
(424, 'Hanaa Abdel Fattah', NULL, NULL),
(425, 'Lotfy ElHakim', NULL, NULL),
(426, 'Sayed ElAraby', NULL, NULL),
(427, 'Richard Pryor', NULL, NULL),
(428, 'Jennifer Lee Pryor', NULL, NULL),
(429, 'Uttam Kumar', NULL, NULL),
(430, 'Sulakshana Pandit', NULL, NULL),
(431, 'Utpal Dutt', NULL, NULL),
(432, 'Nandita Thakur', NULL, NULL),
(433, 'Satyendra Kapoor', NULL, NULL),
(434, 'Indrani Mukherjee', NULL, NULL),
(435, 'Prema Narayan', NULL, NULL),
(436, 'Amjad Khan', NULL, NULL),
(437, 'Bindu', NULL, NULL),
(438, 'Iftekhar', NULL, NULL),
(439, 'Shammi Kapoor', NULL, NULL),
(440, 'Vyjayanthimala', NULL, NULL),
(441, 'Rajendra Nath', NULL, NULL),
(442, 'Helen', NULL, NULL),
(443, 'Parveen Choudhary', NULL, NULL),
(444, 'Ajit Khan', NULL, NULL),
(445, 'D.K. Sapru', NULL, NULL),
(446, 'Leela Mishra', NULL, NULL),
(447, 'David Abraham Cheulkar', NULL, NULL),
(448, 'Asit Sen', NULL, NULL),
(449, 'Rashid Khan', NULL, NULL),
(450, 'Sunder', NULL, NULL),
(451, 'Sudhir', NULL, NULL),
(452, 'Leela Chitnis', NULL, NULL),
(453, 'Jane Fonda', NULL, NULL),
(454, 'Donald Sutherland', NULL, NULL),
(455, 'Pamela Donegan', NULL, NULL),
(456, 'Len Chandler', NULL, NULL),
(457, 'Michael Alaimo', NULL, NULL),
(458, 'Holly Near', NULL, NULL),
(459, 'Paul Mooney', NULL, NULL),
(460, 'Rita Martinson', NULL, NULL),
(461, 'Peter Boyle', NULL, NULL),
(462, 'Steve Jaffe', NULL, NULL),
(463, 'Yale Zimmerman', NULL, NULL),
(464, 'Graham Chapman', NULL, NULL),
(465, 'John Cleese', NULL, NULL),
(466, 'Eric Idle', NULL, NULL),
(467, 'Terry Jones', NULL, NULL),
(468, 'Michael Palin', NULL, NULL),
(469, 'Gert Westphal', NULL, NULL),
(470, 'Vyjayanthimala', NULL, NULL),
(471, 'Sunil Dutt', NULL, NULL),
(472, 'Prem Nath', NULL, NULL),
(473, 'Bipin Gupta', NULL, NULL),
(474, 'Gajanan Jagirdar', NULL, NULL),
(475, 'K.N. Singh', NULL, NULL),
(476, 'Ruby Myers', NULL, NULL),
(477, 'Narendra Nath', NULL, NULL),
(478, 'Baburao Pendharkar', NULL, NULL),
(479, 'Mridula Rani', NULL, NULL),
(480, 'Dharmendra', NULL, NULL),
(481, 'Hema Malini', NULL, NULL),
(482, 'Zeenat Aman', NULL, NULL),
(483, 'Prem Chopra', NULL, NULL),
(484, 'Zakir Mukhamedzhanov', NULL, NULL),
(485, 'Sofiko Chiaureli', NULL, NULL),
(486, 'Yelena Sanayeva', NULL, NULL),
(487, 'Frunzik Mkrtchyan', NULL, NULL),
(488, 'Maya-Gozel Aimedova', NULL, NULL),
(489, 'Shammi Kapoor', NULL, NULL),
(490, 'Kalpana Mohan', NULL, NULL),
(491, 'Lalita Pawar', NULL, NULL),
(492, 'Parveen Choudhary', NULL, NULL),
(493, 'Tun Tun', NULL, NULL),
(494, 'Iftekhar', NULL, NULL),
(495, 'Pratima Devi', NULL, NULL),
(496, 'Mahendra Sandhu', NULL, NULL),
(497, 'Danny Denzongpa', NULL, NULL),
(498, 'Jagdeep', NULL, NULL),
(499, 'Faryal', NULL, NULL),
(500, 'Padma Khanna', NULL, NULL);

-- --------------------------------------------------------

--
-- Table structure for table `Admins`
--

CREATE TABLE `Admins` (
  `admin_id` int(11) NOT NULL,
  `name` varchar(30) NOT NULL,
  `surname` varchar(30) NOT NULL,
  `username` varchar(20) NOT NULL,
  `email` varchar(50) NOT NULL,
  `salt` varchar(20) NOT NULL,
  `password` varchar(150) NOT NULL,
  `apikey` varchar(60) NOT NULL
) ENGINE=InnoDB DEFAULT CHARSET=utf8mb4 COLLATE=utf8mb4_general_ci;

--
-- Dumping data for table `Admins`
--

INSERT INTO `Admins` (`admin_id`, `name`, `surname`, `username`, `email`, `salt`, `password`, `apikey`) VALUES
(1, 'Bruce', 'Wayne', 'Batman', 'maybeBats@cinetech.com', 'BcQqT7Bb8w', 'b305c6d0e3f390a1bf781e9a0c6d732d21d550a7e9ad715d0647647d8326f9a3', 'a339329ae18082eb8eb8abc725a131d5'),
(2, 'Nobuhle', 'Mtshali', 'Reitu', 'nobuhle@cinetech.com', 'IZ5Br5550Q', '42f0536d8b9d813f69350ba6ceb3d776fa563eb87750807d4b7630b8dcdad7c7', 'c2d6a55c327d3d9a1f463752d53ba39c'),
(3, 'Amantle', 'Temo', 'AktTech49', 'AktTech49@cintech.com', 'kTJ1jorhoX', '5cbe3beb4611ad306624ea5780fff0228c97efef5557be7527f40a6fb3dbe965', '9ec0ef2860055e4bb1e49483bb126c2e'),
(5, 'Aundrea', 'Ncube', 'AundreezyTheRealest', 'aundrean@cinetech.com', 'wywCfotHDV', '21b12f2d49eb7cd82f396b0852f7a32c4fcb851450b3c4d88892dce889e69cab', '1125fbf9cd13ea8591de44ee91c69f05'),
(8, 'Peter', 'Parker', 'SpiderMan', 'Spidey@marvel.com', '9q7uq2MtCD', 'a39f70de1ba51f9d333668dfa394018d66ae8a31f7eb44111590fee393526f81', '62789942d6613ab6da254eb2f170e9c4');

-- --------------------------------------------------------

--
-- Table structure for table `CineTech_Film_Rating`
--

CREATE TABLE `CineTech_Film_Rating` (
  `Film_Rating_ID` int(11) NOT NULL,
  `Films_ID` int(11) NOT NULL,
  `Rating` int(11) NOT NULL
) ENGINE=InnoDB DEFAULT CHARSET=utf8mb4 COLLATE=utf8mb4_general_ci;

--
-- Dumping data for table `CineTech_Film_Rating`
--

INSERT INTO `CineTech_Film_Rating` (`Film_Rating_ID`, `Films_ID`, `Rating`) VALUES
(1, 2, 3),
(2, 2, 3);

-- --------------------------------------------------------

--
-- Table structure for table `CineTech_Show_Rating`
--

CREATE TABLE `CineTech_Show_Rating` (
  `Shows_Rating_ID` int(11) NOT NULL,
  `Show_ID` int(11) NOT NULL,
  `Rating` int(11) NOT NULL
) ENGINE=InnoDB DEFAULT CHARSET=utf8mb4 COLLATE=utf8mb4_general_ci;

--
-- Dumping data for table `CineTech_Show_Rating`
--

INSERT INTO `CineTech_Show_Rating` (`Shows_Rating_ID`, `Show_ID`, `Rating`) VALUES
(1, 2, 3),
(2, 6, 3);

-- --------------------------------------------------------

--
-- Table structure for table `Director`
--

CREATE TABLE `Director` (
  `Dir_ID` int(11) NOT NULL,
  `Dir_Name` varchar(100) NOT NULL,
  `Shows_ID` int(11) DEFAULT NULL,
  `Films_ID` int(11) DEFAULT NULL
) ENGINE=InnoDB DEFAULT CHARSET=utf8mb4 COLLATE=utf8mb4_general_ci;

--
-- Dumping data for table `Director`
--

INSERT INTO `Director` (`Dir_ID`, `Dir_Name`, `Shows_ID`, `Films_ID`) VALUES
(1, 'John G. Avildsen', 1, 2),
(2, 'Randal Kleiser', NULL, NULL),
(3, 'George Roy Hill', NULL, NULL),
(4, 'Sylvester Stallone', NULL, NULL),
(5, 'Terry Gilliam', NULL, NULL),
(6, 'Terry Jones', NULL, NULL),
(7, 'John Landis', NULL, NULL),
(8, 'Terry Jones', NULL, NULL),
(9, 'Michael Curtiz', NULL, NULL),
(10, 'Jeremy Kagan', NULL, NULL),
(11, 'Clint Eastwood', NULL, NULL),
(12, 'Youssef Chahine', NULL, NULL),
(13, 'Jeff Margolis', NULL, NULL),
(14, 'Alo Sarkar', NULL, NULL),
(15, 'Lekh Tandon', NULL, NULL),
(16, 'Francine Parker', NULL, NULL),
(17, 'Ian MacNaughton', NULL, NULL),
(18, 'Joachim Fest', NULL, NULL),
(19, 'Lekh Tandon', NULL, NULL),
(20, 'Umesh Mehra', NULL, NULL),
(21, 'Latif Faiziyev', NULL, NULL),
(22, 'Suhail Tatari', NULL, NULL),
(23, 'Lekh Tandon', NULL, NULL),
(24, 'Mohammed Hussain', NULL, NULL),
(25, 'Youssef Chahine', NULL, NULL),
(26, 'Larry Peerce', NULL, NULL),
(27, 'Youssef Chahine', NULL, NULL),
(28, 'Youssef Chahine', NULL, NULL),
(29, 'Youssef Chahine', NULL, NULL),
(30, 'Youssef Chahine', NULL, NULL),
(31, 'A. Salaam', NULL, NULL),
(32, 'Youssef Chahine', NULL, NULL),
(33, 'K. Ramanlal', NULL, NULL),
(34, 'Maroun Bagdadi', NULL, NULL),
(35, 'Tony Scott', NULL, NULL),
(36, 'Rowdy Herrington', NULL, NULL),
(37, 'Sylvester Stallone', NULL, NULL),
(38, 'Jim Henson', NULL, NULL),
(39, 'Sylvester Stallone', NULL, NULL),
(40, 'Michael Ritchie', NULL, NULL),
(41, 'Joe Dante', NULL, NULL),
(42, 'John G. Avildsen', NULL, NULL),
(43, 'Ivan Reitman', NULL, NULL),
(44, 'Sydney Pollack', NULL, NULL),
(45, 'Ron Howard', NULL, NULL),
(46, 'Ivan Reitman', NULL, NULL),
(47, 'Spike Lee', NULL, NULL),
(48, 'Arthur Allan Seidelman', NULL, NULL),
(49, 'Gary Andrews', NULL, NULL),
(50, 'Joel Oliansky', NULL, NULL),
(51, 'Alan Alda', NULL, NULL),
(52, 'Ian MacNaughton', NULL, NULL),
(53, 'Maroun Bagdadi', NULL, NULL),
(54, 'Yoshiyuki Tomino', NULL, NULL),
(55, 'Terry Hughes', NULL, NULL),
(56, 'Ian MacNaughton', NULL, NULL),
(57, 'Linda Otto', NULL, NULL),
(58, 'Yoshiyuki Tomino', NULL, NULL),
(59, 'Yoshiyuki Tomino', NULL, NULL),
(60, 'Mukul Anand', NULL, NULL),
(61, 'Alejandro Doria', NULL, NULL),
(62, 'Eric Laneuville', NULL, NULL),
(63, 'John Herzfeld', NULL, NULL),
(64, 'Babbar Subhash', NULL, NULL),
(65, 'Raj Khosla', NULL, NULL),
(66, 'Umesh Mehra', NULL, NULL),
(67, 'Latif Faiziyev', NULL, NULL),
(68, 'Umesh Mehra', NULL, NULL),
(69, 'Indra Kumar', NULL, NULL),
(70, 'Rajiv Mehra', NULL, NULL),
(71, 'Umesh Mehra', NULL, NULL),
(72, 'Ramesh Talwar', NULL, NULL),
(73, 'Rajiv Mehra', NULL, NULL),
(74, 'Roy Campanella II', NULL, NULL),
(75, 'Prakash Mehra', NULL, NULL),
(76, 'Youssef Chahine', NULL, NULL),
(77, 'Robert Markowitz', NULL, NULL),
(78, 'Larry Elikann', NULL, NULL),
(79, 'Rajiv Mehra', NULL, NULL),
(80, 'Buzz Kulik', NULL, NULL),
(81, 'Youssef Chahine', NULL, NULL),
(82, 'Nora Ephron', NULL, NULL),
(83, 'Robert Zemeckis', NULL, NULL),
(84, 'Quentin Tarantino', NULL, NULL),
(85, 'Dean Parisot', NULL, NULL),
(86, 'Hideaki Anno', NULL, NULL),
(87, 'Cameron Crowe', NULL, NULL),
(88, 'Roger Michell', NULL, NULL),
(89, 'Dennis Dugan', NULL, NULL),
(90, 'Sam Raimi', NULL, NULL),
(91, 'Jim Gillespie', NULL, NULL),
(92, 'Yasunao Aoki', NULL, NULL),
(93, 'Masashi Ikeda', NULL, NULL),
(94, 'Noah Baumbach', NULL, NULL),
(95, 'Jean-Jacques Annaud', NULL, NULL),
(96, 'Chris Columbus', NULL, NULL),
(97, 'Martin Campbell', NULL, NULL),
(98, 'Ted Demme', NULL, NULL),
(99, 'Hideaki Anno', NULL, NULL),
(100, 'Kazuya Tsurumaki', NULL, NULL),
(101, 'Howard Zieff', NULL, NULL),
(102, 'Mike Clattenburg', NULL, NULL),
(103, 'Marty Callner', NULL, NULL),
(104, 'James Moll', NULL, NULL),
(105, 'Mike Hodges', NULL, NULL),
(106, 'James Mangold', NULL, NULL),
(107, 'Tom Shadyac', NULL, NULL),
(108, 'Masayuki', NULL, NULL),
(109, 'Hideaki Anno', NULL, NULL),
(110, 'David Moreton', NULL, NULL),
(111, 'Bruno Stagnaro', NULL, NULL),
(112, 'Haile Gerima', NULL, NULL),
(113, 'Jeffrey Lau', NULL, NULL),
(114, 'Will Yapp', NULL, NULL),
(115, 'Ketan Mehta', NULL, NULL),
(116, 'Mani Ratnam', NULL, NULL),
(117, 'Luis Estrada', NULL, NULL),
(118, 'Jeffrey Lau', NULL, NULL),
(119, 'Les Mayfield', NULL, NULL),
(120, 'Kundan Shah', NULL, NULL),
(121, 'Mani Ratnam', NULL, NULL),
(122, 'Aziz Mirza', NULL, NULL),
(123, 'Mahesh Bhatt', NULL, NULL),
(124, 'Peter Segal', NULL, NULL),
(125, 'Sooraj Barjatya', NULL, NULL),
(126, 'Marcelo Piñeyro', NULL, NULL),
(127, 'Karan Johar', NULL, NULL),
(128, 'Umesh Mehra', NULL, NULL),
(129, 'Youssef Chahine', NULL, NULL),
(130, 'Rajiv Mehra', NULL, NULL),
(131, 'Indra Kumar', NULL, NULL),
(132, 'Elia Suleiman', NULL, NULL),
(133, 'Ketan Mehta', NULL, NULL),
(134, 'Sergio Cabrera', NULL, NULL),
(135, 'Mahesh Bhatt', NULL, NULL),
(136, 'K. S. Ravikumar', NULL, NULL),
(137, 'Sooraj Barjatya', NULL, NULL),
(138, 'Rajiv Mehra', NULL, NULL),
(139, 'Rahul Rawail', NULL, NULL),
(140, 'Praveen Nischol', NULL, NULL),
(141, 'Youssef Chahine', NULL, NULL),
(142, 'K. S. Ravikumar', NULL, NULL),
(143, 'Sohail Khan', NULL, NULL),
(144, 'Debbie Allen', NULL, NULL),
(145, 'Rajkumar Santoshi', NULL, NULL),
(146, 'Paul Miller', NULL, NULL),
(147, 'Shankar', NULL, NULL),
(148, 'Ziad Doueiri', NULL, NULL),
(149, 'Mahesh Bhatt', NULL, NULL),
(150, 'Umesh Mehra', NULL, NULL),
(151, 'Latif Faizav', NULL, NULL),
(152, 'Maroun Bagdadi', NULL, NULL),
(153, 'Yılmaz Erdoğan', NULL, NULL),
(154, 'Rahul Rawail', NULL, NULL),
(155, 'Rajiv Menon', NULL, NULL),
(156, 'Bunty Soorma', NULL, NULL),
(157, 'Mai Masri', NULL, NULL),
(158, 'Chuck Vinson', NULL, NULL),
(159, 'Youssef Chahine', NULL, NULL),
(160, 'Richard Michaels', NULL, NULL),
(161, 'Umesh Mehra', NULL, NULL),
(162, 'Michaël Prazan', NULL, NULL),
(163, 'Umesh Mehra', NULL, NULL),
(164, 'Royer Young', NULL, NULL),
(165, 'Chuck Vinson', NULL, NULL),
(166, 'Peter Jackson', NULL, NULL),
(167, 'Steven Spielberg', NULL, NULL),
(168, 'Edgar Wright', NULL, NULL),
(169, 'Christopher Nolan', NULL, NULL),
(170, 'Todd Phillips', NULL, NULL),
(171, 'Peter Jackson', NULL, NULL),
(172, 'Peter Jackson', NULL, NULL),
(173, 'Ang Lee', NULL, NULL),
(174, 'Frank Darabont', NULL, NULL),
(175, 'Sam Mendes', NULL, NULL),
(176, 'Will Gluck', NULL, NULL),
(177, 'Gabriele Muccino', NULL, NULL),
(178, 'Mike Nichols', NULL, NULL),
(179, 'Martin Scorsese', NULL, NULL),
(180, 'Steve Antin', NULL, NULL),
(181, 'Jon Favreau', NULL, NULL),
(182, 'Peter Segal', NULL, NULL),
(183, 'Wilson Yip', NULL, NULL),
(184, 'David Koepp', NULL, NULL),
(185, 'Brian Helgeland', NULL, NULL),
(186, 'Len Wiseman', NULL, NULL),
(187, 'Michael Bay', NULL, NULL),
(188, 'Nora Ephron', NULL, NULL),
(189, 'Antoine Fuqua', NULL, NULL),
(190, 'John Hamburg', NULL, NULL),
(191, 'Jean-Xavier de Lestrade', NULL, NULL),
(192, 'Paul W. S. Anderson', NULL, NULL),
(193, 'Stephen Sommers', NULL, NULL),
(194, 'David Bowers', NULL, NULL),
(195, 'Sam Fell', NULL, NULL),
(196, 'Gary Ross', NULL, NULL),
(197, 'Gil Kenan', NULL, NULL),
(198, 'Peter Jackson', NULL, NULL),
(199, 'Margaret Brown', NULL, NULL),
(200, 'Robert Luketic', NULL, NULL),
(201, 'James L. Brooks', NULL, NULL),
(202, 'Lorna Cook', NULL, NULL),
(203, 'Kelly Asbury', NULL, NULL),
(204, 'Anand Tucker', NULL, NULL),
(205, 'Michael Apted', NULL, NULL),
(206, 'Mark Neveldine', NULL, NULL),
(207, 'Brian Taylor', NULL, NULL),
(208, 'Shawn Levy', NULL, NULL),
(209, 'Rajkumar Hirani', NULL, NULL),
(210, 'Phil Joanou', NULL, NULL),
(211, 'Alexander Witt', NULL, NULL),
(212, 'Paul W. S. Anderson', NULL, NULL),
(213, 'Gabriele Muccino', NULL, NULL),
(214, 'Martin Campbell', NULL, NULL),
(215, 'Chen Wei-Ling', NULL, NULL),
(216, 'Mariana Chenillo', NULL, NULL),
(217, 'Chad Eikhoff', NULL, NULL),
(218, 'Jun Ki Sang', NULL, NULL),
(219, 'Farhan Akhtar', NULL, NULL),
(220, 'Takuya Igarashi', NULL, NULL),
(221, 'Rakeysh Omprakash Mehra', NULL, NULL),
(222, 'Martin Scorsese', NULL, NULL),
(223, 'Tyler Perry', NULL, NULL),
(224, 'Justin Chadwick', NULL, NULL),
(225, 'Ashutosh Gowariker', NULL, NULL),
(226, 'Mike Clattenburg', NULL, NULL),
(227, 'Jonas Elmer', NULL, NULL),
(228, 'Anurag Kashyap', NULL, NULL),
(229, 'Cisco Henson', NULL, NULL),
(230, 'Jérôme Mouscadet', NULL, NULL),
(231, 'Steve Carr', NULL, NULL),
(232, 'Woody Allen', NULL, NULL),
(233, 'Ryan Murphy', NULL, NULL),
(234, 'Michaël Prazan', NULL, NULL),
(235, 'Fu-chun Hsu', NULL, NULL),
(236, 'Santosh Sivan', NULL, NULL),
(237, 'Neeraj Pandey', NULL, NULL),
(238, 'Atom Egoyan', NULL, NULL),
(239, 'Lasse Hallström', NULL, NULL),
(240, 'Rob Letterman', NULL, NULL),
(241, 'Conrad Vernon', NULL, NULL),
(242, 'Li Wen Qi', NULL, NULL),
(243, 'Louis C.K.', NULL, NULL),
(244, 'Eric Bross', NULL, NULL),
(245, 'Tony Scott', NULL, NULL),
(246, 'Alan Mak', NULL, NULL),
(247, 'Andrew Lau', NULL, NULL),
(248, 'Paul Miller', NULL, NULL),
(249, 'Fernando Eimbcke', NULL, NULL),
(250, 'Imtiaz Ali', NULL, NULL),
(251, 'Soi Cheang', NULL, NULL),
(252, 'Tsai Yueh-Hsun', NULL, NULL),
(253, 'Dennis Dugan', NULL, NULL),
(254, 'Michael Drumm', NULL, NULL),
(255, 'Neeraj Vora', NULL, NULL),
(256, 'Mike Clattenburg', NULL, NULL),
(257, 'Rajkumar Santoshi', NULL, NULL),
(258, 'Lonzo Nzekwe', NULL, NULL),
(259, 'Barry Sonnenfeld', NULL, NULL),
(260, 'Priyadarshan', NULL, NULL),
(261, 'Satyajit Bhatkal', NULL, NULL),
(262, 'Mani Ratnam', NULL, NULL),
(263, 'Rohit Shetty', NULL, NULL),
(264, 'Munehisa Sakai', NULL, NULL),
(265, 'Kunle Afolayan', NULL, NULL),
(266, 'Imtiaz Ali', NULL, NULL),
(267, 'Abbas Tyrewala', NULL, NULL),
(268, 'Hidenori Inoue', NULL, NULL),
(269, 'Mitsuo Iso', NULL, NULL),
(270, 'Eduardo Pinto', NULL, NULL),
(271, 'Michel Kammoun', NULL, NULL),
(272, 'Mohamed Diab', NULL, NULL),
(273, 'Roger Allers', NULL, NULL),
(274, 'Jill Culton', NULL, NULL),
(275, 'Karan Johar', NULL, NULL),
(276, 'Aamir Khan', NULL, NULL),
(277, 'David Bowers', NULL, NULL),
(278, 'Madhur Bhandarkar', NULL, NULL),
(279, 'Nikkhil Advani', NULL, NULL),
(280, 'Joe Nussbaum', NULL, NULL),
(281, 'Navdeep Singh', NULL, NULL),
(282, 'Will Yapp', NULL, NULL),
(283, 'Matthew O\'Callaghan', NULL, NULL),
(284, 'Mike Clattenburg', NULL, NULL),
(285, 'Abhishek Chaubey', NULL, NULL),
(286, 'Troy Miller', NULL, NULL),
(287, 'Harald Zwart', NULL, NULL),
(288, 'Felix Chong', NULL, NULL),
(289, 'Ken Ghosh', NULL, NULL),
(290, 'Chineze Anyaene', NULL, NULL),
(291, 'Christian Charles', NULL, NULL),
(292, 'Dani Levy', NULL, NULL),
(293, 'Prakash Jha', NULL, NULL),
(294, 'Annemarie Jacir', NULL, NULL),
(295, 'Ayan Mukerji', NULL, NULL),
(296, 'Dennis Dugan', NULL, NULL),
(297, 'Paul Weiland', NULL, NULL),
(298, 'Ashutosh Gowariker', NULL, NULL),
(299, 'Nicole Holofcener', NULL, NULL),
(300, 'Ted Emery', NULL, NULL),
(301, 'Ömer Faruk Sorak', NULL, NULL),
(302, 'Nelson McCormick', NULL, NULL),
(303, 'Amol Palekar', NULL, NULL),
(304, 'Shashilal K. Nair', NULL, NULL),
(305, 'Hirotsugu Kawasaki', NULL, NULL),
(306, 'Fabrice Nzinzi', NULL, NULL),
(307, 'Karan Johar', NULL, NULL),
(308, 'Shannon Hartman', NULL, NULL),
(309, 'Aziz Mirza', NULL, NULL),
(310, 'Fred Savage', NULL, NULL),
(311, 'Tarun Mansukhani', NULL, NULL),
(312, 'Tyler Perry', NULL, NULL),
(313, 'Wilson Yip', NULL, NULL),
(314, 'Toshiyuki Tsuru', NULL, NULL),
(315, 'Ricardo Arnaiz', NULL, NULL),
(316, 'Farah Khan', NULL, NULL),
(317, 'Ashutosh Gowariker', NULL, NULL),
(318, 'Dante Lam', NULL, NULL),
(319, 'Farhan Akhtar', NULL, NULL),
(320, 'Abhishek Kapoor', NULL, NULL),
(321, 'Punit Malhotra', NULL, NULL),
(322, 'Zoya Akhtar', NULL, NULL),
(323, 'Rajiv Chilaka', NULL, NULL),
(324, 'Hajime Kamegaki', NULL, NULL),
(325, 'Masahiko Murata', NULL, NULL),
(326, 'Kevin Rodney Sullivan', NULL, NULL),
(327, 'Andrew Lau', NULL, NULL),
(328, 'Farah Khan', NULL, NULL),
(329, 'Erik Canuel', NULL, NULL),
(330, 'Andrew Lau', NULL, NULL),
(331, 'Ketche', NULL, NULL),
(332, 'Tensai Okamura', NULL, NULL),
(333, 'Ding Hei', NULL, NULL),
(334, 'Chen Ming Zhang', NULL, NULL),
(335, 'Farhan Akhtar', NULL, NULL),
(336, 'Soham Shah', NULL, NULL),
(337, 'Ava DuVernay', NULL, NULL),
(338, 'David Zeiger', NULL, NULL),
(339, 'Bahij Hojeij', NULL, NULL),
(340, 'Toshiya Shinohara', NULL, NULL),
(341, 'Toshiya Shinohara', NULL, NULL),
(342, 'Ryoo Seung-wan', NULL, NULL),
(343, 'Vondie Curtis-Hall', NULL, NULL),
(344, 'Benny Chan', NULL, NULL),
(345, 'Vijay Lalwani', NULL, NULL),
(346, 'Vivek Agnihotri', NULL, NULL),
(347, 'Anusha Rizvi', NULL, NULL),
(348, 'Anurag Basu', NULL, NULL),
(349, 'Randa Chahal Sabbag', NULL, NULL),
(350, 'Yasmin Ahmad', NULL, NULL),
(351, 'Toshiya Shinohara', NULL, NULL),
(352, 'Toshiya Shinohara', NULL, NULL),
(353, 'Benz Kong To-Hoi', NULL, NULL),
(354, 'Vishal Bhardwaj', NULL, NULL),
(355, 'Pang Ho-cheung', NULL, NULL),
(356, 'Manny Rodriguez', NULL, NULL),
(357, 'Michael Simon', NULL, NULL),
(358, 'Philippe Aractingi', NULL, NULL),
(359, 'Najwa Najjar', NULL, NULL),
(360, 'Janja Glogovac', NULL, NULL),
(361, 'Maryo J. de los Reyes', NULL, NULL),
(362, 'Hajime Kamegaki', NULL, NULL),
(363, 'Masahiko Murata', NULL, NULL),
(364, 'Takahiro Imamura', NULL, NULL),
(365, 'Atsuji Shimizu', NULL, NULL),
(366, 'Jean Duval', NULL, NULL),
(367, 'Dave Borthwick', NULL, NULL),
(368, 'Frank Passingham', NULL, NULL),
(369, 'Shankar', NULL, NULL),
(370, 'Anees Bazmee', NULL, NULL),
(371, 'Ryoo Seung-wan', NULL, NULL),
(372, 'Han Hee', NULL, NULL),
(373, 'Leste Chen', NULL, NULL),
(374, 'Yılmaz Erdoğan', NULL, NULL),
(375, 'Priyadarshan', NULL, NULL),
(376, 'Vikram Bhatt', NULL, NULL),
(377, 'Vikramaditya Motwane', NULL, NULL),
(378, 'Mani Ratnam', NULL, NULL),
(379, 'Olaf de Fleur Johannesson', NULL, NULL),
(380, 'Rakeysh Omprakash Mehra', NULL, NULL),
(381, 'Reema Kagti', NULL, NULL),
(382, 'Sundar C', NULL, NULL),
(383, 'Siddharth P. Malhotra', NULL, NULL),
(384, 'Elia Suleiman', NULL, NULL),
(385, 'Tsai Yueh-Hsun', NULL, NULL),
(386, 'Rajiv Chilaka', NULL, NULL),
(387, 'Mike Clattenburg', NULL, NULL),
(388, 'Yasmin Ahmad', NULL, NULL),
(389, 'Milan Luthria', NULL, NULL),
(390, 'Mani Ratnam', NULL, NULL),
(391, 'Ken Ghosh', NULL, NULL),
(392, 'Ramy Imam', NULL, NULL),
(393, 'Habib Faisal', NULL, NULL),
(394, 'Chandra Sekhar Yeleti', NULL, NULL),
(395, 'Paul Miller', NULL, NULL),
(396, 'Yasmin Ahmad', NULL, NULL),
(397, 'Julia Reichert', NULL, NULL),
(398, 'Steven Bognar', NULL, NULL),
(399, 'Sandra Nashaat', NULL, NULL),
(400, 'Khaled Marei', NULL, NULL),
(401, 'Newton I. Aduaka', NULL, NULL),
(402, 'Bernie Denk', NULL, NULL),
(403, 'Bhaskar', NULL, NULL),
(404, 'Ahmad Awwad', NULL, NULL),
(405, 'Mohamed Yassin', NULL, NULL),
(406, 'Amr Arafa', NULL, NULL),
(407, 'P. Vasu', NULL, NULL),
(408, 'Josef Fares', NULL, NULL),
(409, 'Ramy Imam', NULL, NULL),
(410, 'Cathy Garcia-Molina', NULL, NULL),
(411, 'Sandra Nashaat', NULL, NULL),
(412, 'Sandra Nashaat', NULL, NULL),
(413, 'Ahmed Saleh', NULL, NULL),
(414, 'Laura Mañana', NULL, NULL),
(415, 'Sherif Arafa', NULL, NULL),
(416, 'Hawa Essuman', NULL, NULL),
(417, 'Kamla Abu Zekry', NULL, NULL),
(418, 'Cathy Garcia-Molina', NULL, NULL),
(419, 'Joe Dante', NULL, NULL),
(420, 'G.J. Echternkamp', NULL, NULL),
(421, 'Sherif Arafa', NULL, NULL),
(422, 'Philippe Aractingi', NULL, NULL),
(423, 'Annemarie Jacir', NULL, NULL),
(424, 'Alex Diaz', NULL, NULL),
(425, 'Sandra Nashaat', NULL, NULL),
(426, 'Mai Masri', NULL, NULL),
(427, 'Amir Ramses', NULL, NULL),
(428, 'Kamla Abu Zekry', NULL, NULL),
(429, 'Gary Ross', NULL, NULL),
(430, 'Sam Mendes', NULL, NULL),
(431, 'Christopher Miller', NULL, NULL),
(432, 'Phil Lord', NULL, NULL),
(433, 'Hiroshi Koujina', NULL, NULL),
(434, 'Judd Apatow', NULL, NULL),
(435, 'Tom Hooper', NULL, NULL),
(436, 'Todd Phillips', NULL, NULL),
(437, 'Gore Verbinski', NULL, NULL),
(438, 'Joshua Rous', NULL, NULL),
(439, 'Oliver Stone', NULL, NULL),
(440, 'Fu-chun Hsu', NULL, NULL),
(441, 'Asger Leth', NULL, NULL),
(442, 'Jaume Collet-Serra', NULL, NULL),
(443, 'S. S. Rajamouli', NULL, NULL),
(444, 'Michael Bay', NULL, NULL),
(445, 'Hwang Dong-hyuk', NULL, NULL),
(446, 'Paul W. S. Anderson', NULL, NULL),
(447, 'Maite Alberdi', NULL, NULL),
(448, 'Ruben Fleischer', NULL, NULL),
(449, 'Lisa Azuelos', NULL, NULL),
(450, 'Obi Emelonye', NULL, NULL),
(451, 'Manny Rodriguez', NULL, NULL),
(452, 'Robert Rodriguez', NULL, NULL),
(453, 'Abbas Alibhai Burmawalla', NULL, NULL),
(454, 'Mustan Alibhai Burmawalla', NULL, NULL),
(455, 'Keishi Ōtomo', NULL, NULL),
(456, 'David \'Tosh\' Gitonga', NULL, NULL),
(457, 'Anurag Basu', NULL, NULL),
(458, 'Susan Lacy', NULL, NULL),
(459, 'Puri Jagannadh', NULL, NULL),
(460, 'Zoya Akhtar', NULL, NULL),
(461, 'Prabhu Deva', NULL, NULL),
(462, 'Savage Steve Holland', NULL, NULL),
(463, 'David Lee Miller', NULL, NULL),
(464, 'Icíar Bollaín', NULL, NULL),
(465, 'Kiran Rao', NULL, NULL),
(466, 'Jay Karas', NULL, NULL),
(467, 'Petra Costa', NULL, NULL),
(468, 'Derek Yee Tung-Sing', NULL, NULL),
(469, 'Ted Emery', NULL, NULL),
(470, 'Chen Ming Zhang', NULL, NULL),
(471, 'Tatsuya Nagamine', NULL, NULL),
(472, 'Sachin Kundalkar', NULL, NULL),
(473, 'Ryan Polito', NULL, NULL),
(474, 'Jake Szymanski', NULL, NULL),
(475, 'Michael Simon', NULL, NULL),
(476, 'Hanung Bramantyo', NULL, NULL),
(477, 'Manny Rodriguez', NULL, NULL),
(478, 'Masahiko Murata', NULL, NULL),
(479, 'Farhan Akhtar', NULL, NULL),
(480, 'Tigmanshu Dhulia', NULL, NULL),
(481, 'Nitesh Tiwari', NULL, NULL),
(482, 'Vikas Bahl', NULL, NULL),
(483, 'Kunle Afolayan', NULL, NULL),
(484, 'T.J. Martin', NULL, NULL),
(485, 'Daniel Lindsay', NULL, NULL),
(486, 'Vishal Bhardwaj', NULL, NULL),
(487, 'Reema Kagti', NULL, NULL),
(488, 'Luv Ranjan', NULL, NULL),
(489, 'Johnnie To', NULL, NULL),
(490, 'Wai Ka-fai', NULL, NULL),
(491, 'Andrew Lau', NULL, NULL),
(492, 'Bejoy Nambiar', NULL, NULL),
(493, 'Abhinay Deo', NULL, NULL),
(494, 'Vishal Mahadkar', NULL, NULL),
(495, 'Abhinay Deo', NULL, NULL),
(496, 'Oleg Kuzovkov', NULL, NULL),
(497, 'Shakun Batra', NULL, NULL),
(498, 'Rajesh Mapuskar', NULL, NULL),
(499, 'Jun Robles Lana', NULL, NULL),
(500, 'Umesh Shukla', NULL, NULL);

-- --------------------------------------------------------

--
-- Table structure for table `favourites`
--

CREATE TABLE `favourites` (
  `user_id` int(11) NOT NULL,
  `shows_id` int(11) DEFAULT NULL,
  `films_id` int(11) DEFAULT NULL
) ENGINE=InnoDB DEFAULT CHARSET=utf8mb4 COLLATE=utf8mb4_general_ci;

--
-- Dumping data for table `favourites`
--

INSERT INTO `favourites` (`user_id`, `shows_id`, `films_id`) VALUES
(3, 6, NULL),
(5, NULL, 15),
(5, NULL, 76),
(5, 1, NULL),
(5, 1, 1),
(3, NULL, 5),
(5, 10, NULL),
(17, NULL, 1),
(20, NULL, 5),
(5, NULL, 3),
(5, NULL, 30),
(16, NULL, 9),
(16, NULL, 7),
(17, 2, NULL),
(17, NULL, 36),
(16, NULL, 2),
(18, NULL, 2),
(18, NULL, 2),
(17, NULL, 23),
(18, NULL, 2),
(18, NULL, 2),
(18, NULL, 2),
(18, NULL, 2),
(18, NULL, 2),
(18, NULL, 2),
(16, NULL, 4),
(18, NULL, 2),
(18, NULL, 22),
(18, 9, NULL),
(16, NULL, 33),
(16, 4, NULL);

-- --------------------------------------------------------

--
-- Table structure for table `Films`
--

CREATE TABLE `Films` (
  `Films_ID` int(11) NOT NULL,
  `Title` varchar(255) DEFAULT NULL,
  `Genre_ID` int(11) DEFAULT NULL,
  `Rating_ID` int(11) DEFAULT NULL,
  `Country` varchar(255) DEFAULT NULL,
  `Description` longtext DEFAULT NULL,
  `PosterURL` text DEFAULT NULL,
  `TrailerURL` text DEFAULT NULL,
  `ScreenshotURL` text DEFAULT NULL,
  `Runtime` int(11) DEFAULT NULL,
  `Release_Year` int(11) DEFAULT NULL
) ENGINE=InnoDB DEFAULT CHARSET=utf8mb4 COLLATE=utf8mb4_general_ci;

--
-- Dumping data for table `Films`
--

INSERT INTO `Films` (`Films_ID`, `Title`, `Genre_ID`, `Rating_ID`, `Country`, `Description`, `PosterURL`, `TrailerURL`, `ScreenshotURL`, `Runtime`, `Release_Year`) VALUES
(1, 'Rocky', 28, 1, 'US', 'When world heavyweight boxing champion, Apollo Creed wants to give an unknown fighter a shot at the title as a publicity stunt, his handlers choose palooka Rocky Balboa, an uneducated collector for a Philadelphia loan shark. Rocky teams up with trainer  Mickey Goldmill to make the most of this once in a lifetime break.\r\n', 'https://image.tmdb.org/t/p/original/gg1vsxx8RTbRS389ObHqzZ2aLHJ.jpg', 'u', 'u', 119, 1980),
(2, 'Grease', 21, 2, 'US', 'Australian good girl Sandy and greaser Danny fell in love over the summer. But when they unexpectedly discover they\'re now in the same high school, will they be able to rekindle their romance despite their eccentric friends?\r\n', 'https://www.themoviedb.org/t/p/w1280/6IGgKZh0ONwtGtr9iDW3M8ZUziO.jpg', '', '', 110, 1981),
(3, 'The Sting', 2, 3, 'US', 'A novice con man teams up with an acknowledged master to avenge the murder of a mutual friend by pulling off the ultimate big con and swindling a fortune from a big-time mobster.\r\n', 'https://www.themoviedb.org/t/p/w1280/ckmYng37zey8INYf6d10cVgIG93.jpg', '', '', 129, 1982),
(4, 'Rocky II', 24, 4, 'US', 'After Rocky goes the distance with champ Apollo Creed, both try to put the fight behind them and move on. Rocky settles down with Adrian but can\'t put his life together outside the ring, while Creed seeks a rematch to restore his reputation. Soon enough, the \"Master of Disaster\" and the \"Italian Stallion\" are set on a collision course for a climactic battle that is brutal and unforgettable.\r\n', 'https://www.themoviedb.org/t/p/w1280/nMaiiu0CzT77U4JZkUYV7KqdAjK.jpg', '', '', 119, 1983),
(5, 'Monty Python and the Holy Grail', 27, 5, 'GB', 'King Arthur, accompanied by his squire, recruits his Knights of the Round Table, including Sir Bedevere the Wise, Sir Lancelot the Brave, Sir Robin the Not-Quite-So-Brave-As-Sir-Lancelot and Sir Galahad the Pure. On the way, Arthur battles the Black Knight who, despite having had all his limbs chopped off, insists he can still fight. They reach Camelot, but Arthur decides not  to enter, as \"it is a silly place\".\r\n', 'https://www.themoviedb.org/t/p/w1280/xZ0rC0kuIsjk6RncpNK73kwstEP.jpg', '', '', 91, 1984),
(6, 'Animal House', 16, 6, 'US', 'At a 1962 College, Dean Vernon Wormer is determined to expel the entire Delta Tau Chi Fraternity, but those troublemakers have other plans for him.\r\n', 'https://www.themoviedb.org/t/p/w1280/1iYG1mu8dPIXPzUBZF4OE1KUMMl.jpg', '', '', 109, 1985),
(7, 'Life of Brian', 33, 7, 'GB', 'Brian Cohen is an average young Jewish man, but through a series of ridiculous events, he gains a reputation as the Messiah. When he\'s not dodging his followers or being scolded by his shrill mother, the hapless Brian has to contend with the pompous Pontius Pilate and acronym-obsessed members of a separatist movement. Rife with Monty Python\'s signature absurdity, the tale finds Brian\'s life paralleling Biblical lore, albeit with many more laughs.\r\n', 'https://media.themoviedb.org/t/p/w94_and_h141_bestv2/lSSA64WF0M0BXnjwr2quMh6shCl.jpg', '', '', 94, 1986),
(8, 'White Christmas', 33, 8, 'US', 'Two talented song-and-dance men team up after the war to become one of the hottest acts in show business. In time they befriend and become romantically involved with the beautiful Haynes sisters who comprise a sister act.\r\n', 'https://media.themoviedb.org/t/p/w300_and_h450_bestv2/A5kBQsHKbIptxJyELEpHQJROCRj.jpg', '', '', 120, 1987),
(9, 'Heroes', 26, 9, 'US', 'A Vietnam veteran suffering from post traumatic stress disorder breaks out of a VA hospital and goes on a road trip with a sympathetic traveler to find out what became of the other men in his unit.\r\n', 'https://media.themoviedb.org/t/p/w300_and_h450_bestv2/7Cn1Sj5yipu7tBX14BbaXuBHbL1.jpg', '', '', 112, 1988),
(10, 'Play Misty for Me', 7, 10, 'US', 'A brief fling between a male disc jockey and an obsessed female fan takes a frightening, and perhaps even deadly turn when another woman enters the picture.\r\n', 'https://media.themoviedb.org/t/p/w300_and_h450_bestv2/eQnmElivu2yTlNbmvtaXgg3wnW8.jpg', '', '', 102, 1989),
(11, 'Cairo Station', 13, 11, 'EG', 'Qinawi, a physically challenged peddler who makes his living selling newspapers in the central Cairo train station, is obsessed by Hanuma, an attractive young woman who sells drinks. While she jokes with him about a possible relationship, she is actually in love with Abu Siri, a strong and respected porter at the station who is struggling to unionize his fellow workers to combat their boss\' exploitative and abusive treatment.\r\n', 'https://media.themoviedb.org/t/p/w300_and_h450_bestv2/gBY3DMEtzamf4CrGicChOrAcvva.jpg', '', '', 77, 1990),
(12, 'Richard Pryor: Live in Concert', 29, 12, 'US', 'Richard Pryor delivers monologues on race, sex, family and his favorite target—himself, live at the Terrace Theatre in Long Beach, California.\r\n', 'https://media.themoviedb.org/t/p/w300_and_h450_bestv2/zguG43yzPkiiNOyR9P1HglVNYOl.jpg', '', '', 78, 1991),
(13, 'Bandie', 3, 13, 'IN', 'Maharaj Brajbhan lives a wealthy lifestyle in Bharatpur, India along with his wife, Badi Rani, but have been unable to conceive for Bharatpur, and have no choice but to leave it\'s reigns with Brajban\'s widowed cousin, Vikram, and his son, Kanchan. When Vikram finds out that Badi Rani is pregnant, he plots to first sully her character by having her abducted, then shunned by the Maharaj, and then decides to have her killed. But her killer has a change of heart and lets her live. She gives birth to a son, names him Bhola, and starts living a simple lifestyle in a Mandir with the help of it\'s Poojary. Years later Vikram finds out she is alive and kills her, as well the Poojary and the Poojary\'s son. Bhola witnesses this, manages to escape, starts to live with a poor widow, grows up uneducated, and makes a living through crime.\r\n', 'https://media.themoviedb.org/t/p/w300_and_h450_bestv2/r4qUBQdSbywDOQEWtGRu1tmVKWB.jpg', '', '', 141, 1992),
(14, 'Prince', 27, 14, 'IN', 'To better himself, a spoiled prince temporarily assumes a commoner\'s identity. But he soon learns his palace has been gifted to his father\'s new wife.\r\n', 'https://media.themoviedb.org/t/p/w300_and_h450_bestv2/5HPqjSXEQukk6ta8v1i9mPHUeqk.jpg', '', '', 152, 1993),
(15, 'FTA', 31, 15, 'US', 'A documentary about a political troupe headed by actors Jane Fonda and Donald Sutherland which traveled to towns near military bases in the US in the early 1970s. The group put on shows called \"F.T.A.\", which stood for \"F**k the Army\", and was aimed at convincing soldiers to voice their opposition to the Vietnam War, which was raging at the time. Various singers, actors and other entertainers performed antiwar songs and skits during the show.\r\n', 'https://media.themoviedb.org/t/p/w300_and_h450_bestv2/ri65QOD86us0w8mBCl9kufTB80h.jpg', '', '', 97, 1994),
(16, 'Hitler: A Career', 26, 16, 'DE', 'A keen chronicle of the unlikely rise to power of Adolf Hitler (1889-1945) and a dissection of the Third Reich (1933-1945), but also an analysis of mass psychology and how the desperate crowd can be deceived and shepherded to the slaughterhouse.\r\n', 'https://media.themoviedb.org/t/p/w300_and_h450_bestv2/jtaLqChWbcpdXvBO3VUwfL3IatE.jpg', '', '', 150, 1995),
(17, 'Amrapali', 20, 17, 'IN', 'After a failed conquest, Emperor Ajaatshatru pretends to be a soldier in the enemy\'s army to weaken them from the inside. However, he falls in love with Amrapali by faking his identity.\r\n', 'https://media.themoviedb.org/t/p/w300_and_h450_bestv2/8G915Ka1549bS7I8DaEdFCulYl8.jpg', '', '', 120, 1996),
(18, 'Alibaba Aur 40 Chor', 10, 18, 'IN', 'The movie is based on the story of Ali Baba and the Forty Thieves, from the One Thousand and One Nights or Arabian Tales. The role of Ali Baba is played by Dharmendra and Hema Malini play Morjina.', 'https://media.themoviedb.org/t/p/w300_and_h450_bestv2/kCvFsOpcVjgMb00xbfD3B7wHT1H.jpg', '', '', 138, 1997),
(19, 'Manoranjan', 14, 19, 'IN', 'Havaldar Ratan is a rookie at the local police station, and is assigned duty on foot patrol on Manoranjan Street, a notorious red-light area, on the very first day of his job. He strikes up a conversation with a good-looking young woman named Nisha, and tells her that there is a possible violation of Suppression of Immoral Trafficking Act taking place on this street. He witnesses several women soliciting men, and decides to call in the paddy wagon, and get them arrested. Alas, one of the men frequenting the prostitutes is none other than Ratan\'s superior officer, who immediately summons Ratan, and has him removed from service on corruption charges. Nisha takes pity on a homeless and unemployed Ratan, and asks him to live with her. He does not want her to sell her body, and so he decides to work at night, and during the day he takes on the guise of a rich Nawab and spends time with her.\r\n', 'https://media.themoviedb.org/t/p/w300_and_h450_bestv2/uI2RH91CjdrVJAkxiWZQHBLiORw.jpg', '', '', 162, 1998),
(20, 'Professor', 2, 20, 'IN', 'Sita devi is a very strict aunt for a number of young ladies, and does not allow them to fraternize with males. Along comes Pritam disguised as an elderly Professor Khanna to break every possible rule of the aunt\r\n', 'https://media.themoviedb.org/t/p/w300_and_h450_bestv2/cypBSinhGuQaZ7VuOmGtcKMp91G.jpg', '', '', 163, 1999),
(21, 'Khoon Khoon', 30, 21, 'IN', 'As a crazed killer blazes a trail of blood through an anxious city, a hardened cop aims to take him down by any means in this remake of Dirty Harry.\r\n', 'https://media.themoviedb.org/t/p/w300_and_h450_bestv2/9SpYNVw9cp3oYYX3FjUD6pB4iuu.jpg', '', '', 131, 2000),
(22, 'Saladin the Victorious', 21, 22, 'EG', 'The first Sultan of Egypt and Syria leads the Muslim military campaign against the invading Christians from Europe during the Third Crusade.\r\n', 'https://media.themoviedb.org/t/p/w300_and_h450_bestv2/uDk3uzR7Yp5PjcdPCZwsQHr26JX.jpg', '', '', 186, 2001),
(23, 'The Other Side of the Mountain', 21, 23, 'US', 'One year before the Olympics, Jill Kinmont, an 18-year-old skiing champion, suffers a fall during competition and is left paralyzed. With her life now completely altered, she undergoes an exhausting fight to regain some of what she has lost.\r\n', 'https://media.themoviedb.org/t/p/w300_and_h450_bestv2/eikUqnTC2DxVCZGwEUiuNzFpQVk.jpg', '', '', 103, 2002),
(24, 'Dark Waters', 11, 24, 'EG', 'Ragab, a poor sailor, returns home to Alexandria after three years of absence, during which he tried to save money to marry his one true love, Hamedah. But there\'s trouble on the harbor, and with an old friend.\r\n', 'https://media.themoviedb.org/t/p/w300_and_h450_bestv2/yV6edeSb1ykiNpJ1ekRz8GPhENr.jpg', '', '', 120, 2003),
(26, 'The Return of the Prodigal Son', 20, 26, 'EG', 'In this Andre Gide adaptation, an activist is released after many years in prison and returns home, shaking up established relationships among his family members at the farm governed by his strict father. Demonstrating Chahine’s eclecticism, this is an elegant melodrama, exuberant musical, layered allegory, and profound portrait of personal and political disillusionment.\r\n', 'https://media.themoviedb.org/t/p/w300_and_h450_bestv2/LjVHoJvHEaAiK7TgPra8hW6fjM.jpg', '', '', 124, 2005),
(27, 'Alexandria… Why?', 7, 27, 'EG', 'Amid the poverty, death, and suffering caused by World War II, 18-year-old Yehia, retreats into a private world of fantasy and longing. Obsessed with Hollywood, he dreams of one-day studying filmmaking in America, but after falling in love and discovering the lies of European occupation, Yehia profoundly reevaluates his identity and allegiances.\r\n', 'https://media.themoviedb.org/t/p/w300_and_h450_bestv2/k68nAl2BJpX9405UCqs4Xhw2S7n.jpg', '', '', 133, 2006),
(28, 'Salaakhen', 24, 28, 'IN', 'Separated by tragedy, two virtually inseparable childhood friends meet again, only to fall in love this time.\r\n', 'https://media.themoviedb.org/t/p/w300_and_h450_bestv2/kKWy6AenNX0aPdzqjkl2sIW4cMY.jpg', '', '', 133, 2007),
(29, 'The Land', 4, 29, 'EG', 'Set in 1933, the mayor informs the peasants that the share of irrigation of their land will be split equally between them and feudal lord Mahmoud Bey. The peasants send Muhammad Effendi to submit a petition to the government. Then Mahmoud Bey proposes a project that would require taking part of the peasants\' lands.\r\n', 'https://media.themoviedb.org/t/p/w300_and_h450_bestv2/ljbqDwgOoqYvQ6WRnuLr8QleEkH.jpg', '', '', 129, 2008),
(30, 'Elaan', 3, 30, 'IN', 'Naresh Kumar Saxena lives with his widowed mom and sister, Seema. He works as a freelance photographer and journalist. One day he meets with Mala Mehta and her dad, who is the Editor of a Newspaper. Mr. Mehta hires Naresh and assigns him to go to a remote island to investigate and expose some illegal activities there. Naresh goes there in the company of his friend, Shyam. Unfortunately, Naresh is caught by the island guards and lodged in a cell along with two others, one a scientist and Ram Singh, a hoodlum. The scientist confides in Naresh that he has invented an atomic ring that when inserted in someone\'s mouth will turn that person invisible, and subsequently passes away. Naresh puts the ring in his mouth, takes off his clothes, turns invisible and escapes.\r\n', 'https://media.themoviedb.org/t/p/w300_and_h450_bestv2/kgb7GbNsOqtn3v7Iwd9uPW6MAFa.jpg', '', '', 142, 2009),
(31, 'Whispers', 18, 31, 'CA', 'At every station, between sites filled with poetry and nostalgia for a bygone era, the poet\'s dashed dreams and idealized vision of her country coincide with the director\'s own.\r\n', 'https://media.themoviedb.org/t/p/w300_and_h450_bestv2/9VIR8fbxdhTmFiZ45HMPx0rBi19.jpg', '', '', 93, 2010),
(32, 'Lal Patthar', 5, 32, 'IN', 'Raja Kumar Bahadur alias Gyan Shankar Rai has been a total abstainer all his life, never touching a drop of alcohol, and keeping away from women and all known vices all his life. Then one day he sees a young woman named Saudamani, and instantly falls in love with her. He finds out about her background, and virtually buys her, and brings her to his palatial home. This is when he takes to drinking, and wooing her, and renaming her Madhuri, but refrains from marrying her. Years later, he sees another beautiful woman, about half his age, named Sumita, meets with her parents, pays off their debts, and marries her in the bargain.\r\n', 'https://media.themoviedb.org/t/p/w300_and_h450_bestv2/adFlUKv9V3eVFsH4JHKhn6WbEfg.jpg', '', '', 153, 2011),
(33, 'Top Gun', 25, 33, 'US', 'For Lieutenant Pete \'Maverick\' Mitchell and his friend and co-pilot Nick \'Goose\' Bradshaw, being accepted into an elite training school for fighter pilots is a dream come true. But a tragedy, as well as personal demons, will threaten Pete\'s dreams of becoming an ace pilot.\r\n', 'https://media.themoviedb.org/t/p/w300_and_h450_bestv2/xUuHj3CgmZQ9P2cMaqQs4J0d4Zc.jpg', '', '', 110, 2012),
(34, 'Road House', 3, 34, 'US', 'The Double Deuce is the meanest, loudest and rowdiest bar south of the Mason-Dixon Line, and Dalton has been hired to clean it up. He might not look like much, but the Ph.D.-educated bouncer proves he\'s more than capable -- busting the heads of troublemakers and turning the roadhouse into a jumping hot-spot. But Dalton\'s romance with the gorgeous Dr. Clay puts him on the bad side of cutthroat local big shot Brad Wesley.\r\n', 'https://media.themoviedb.org/t/p/w300_and_h450_bestv2/bXi6IQiQDHD00JFio5ZSZOeRSBh.jpg', '', '', 114, 2013),
(35, 'Rocky IV', 11, 35, 'US', 'Rocky Balboa proudly holds the world heavyweight boxing championship, but a new challenger has stepped forward: Drago, a six-foot-four, 261-pound fighter who has the backing of the Soviet Union.\r\n', 'https://media.themoviedb.org/t/p/w300_and_h450_bestv2/2MHUit4H6OK5adcOjnCN6suCKOl.jpg', '', '', 91, 2014),
(36, 'Labyrinth', 1, 36, 'US', 'When teen Sarah is forced to babysit Toby, her baby stepbrother, she summons Jareth the Goblin King to take him away. When he is actually kidnapped, Sarah is given just thirteen hours to solve a labyrinth and rescue him.\r\n', 'https://media.themoviedb.org/t/p/w300_and_h450_bestv2/hbSdA1DmNA9IlfVoqJkIWYF2oYm.jpg', '', '', 101, 2015),
(37, 'Rocky III', 12, 37, 'US', 'Now the world champion, Rocky Balboa is living in luxury and only fighting opponents who pose no threat to him in the ring, until Clubber Lang challenges him to a bout. After taking a pounding from Lang, the humbled champ turns to former bitter rival Apollo Creed for a rematch with Lang.\r\n', 'https://media.themoviedb.org/t/p/w300_and_h450_bestv2/u9cTEjzKOPB6xaTz4LBql1XE0HZ.jpg', '', '', 95, 2016),
(38, 'Fletch', 25, 38, 'US', 'When investigative reporter Irwin \"Fletch\" Fletcher goes undercover to write a piece on the drug trade at a local beach, he\'s approached by wealthy businessman Alan Stanwyk, who offers him $50,000 to murder him. With sarcastic wit and a knack for disguises, Fletch sets out to uncover Stanwyk\'s story.\r\n', 'https://media.themoviedb.org/t/p/w300_and_h450_bestv2/nKDnMvVynvj7lwdv1iAZO1DzTYn.jpg', '', '', 98, 2017),
(39, 'The \'Burbs', 20, 39, 'US', 'When secretive new neighbors move in next door, suburbanite Ray Peterson and his friends let their paranoia get the best of them as they start to suspect the newcomers of evildoings and commence an investigation. But it\'s hardly how Ray, who much prefers drinking beer, reading his newspaper and watching a ball game on the tube expected to spend his vacation.\r\n', 'https://media.themoviedb.org/t/p/w300_and_h450_bestv2/vrVPAcv2njVdnkqhBwGBc7UxCjz.jpg', '', '', 102, 2018),
(40, 'Rocky V', 24, 40, 'US', 'A lifetime of taking shots has ended Rocky’s career, and a crooked accountant has left him broke. Inspired by the memory of his trainer, however, Rocky finds glory in training and takes on an up-and-coming boxer.\r\n', 'https://media.themoviedb.org/t/p/w300_and_h450_bestv2/o1nY37L6HC9hwlLSH5sHVzvXt1P.jpg', '', '', 104, 2019),
(41, 'Twins', 18, 41, 'US', 'Julius and Vincent Benedict are the results of an experiment that would allow for the perfect child. Julius was planned and grows to athletic proportions. Vincent is an accident and is somewhat smaller in stature. Vincent is placed in an orphanage while Julius is taken to a south seas island and raised by philosophers. Vincent becomes the ultimate low life and is about to be killed by loan sharks.\r\n', 'https://media.themoviedb.org/t/p/w300_and_h450_bestv2/stJx9BQZbXrZnTGf9Erc7d2UMVc.jpg', '', '', 106, 2020),
(42, 'Out of Africa', 14, 42, 'US', 'Out of Africa tells the story of the life of Danish author Karen Blixen, who at the beginning of the 20th century moved to Africa to build a new life for herself. The film is based on the autobiographical novel by Karen Blixen from 1937.\r\n', 'https://media.themoviedb.org/t/p/w300_and_h450_bestv2/3eLAm1kuVD5QZCOydbiu7j6GAbw.jpg', '', '', 161, 2021),
(43, 'Parenthood', 9, 43, 'US', 'The story of the Buckman family and friends, attempting to bring up their children. They suffer/enjoy all the events that occur: estranged relatives, the \'black sheep\' of the family, the eccentrics, the skeletons in the closet, and the rebellious teenagers.\r\n', 'https://media.themoviedb.org/t/p/w300_and_h450_bestv2/9KjKLJrrUI1sU9bNsQaQ5H8kTyY.jpg', '', '', 124, 2022),
(44, 'Legal Eagles', 23, 44, 'US', 'District Attorney Tom Logan is set for higher office, at least until he becomes involved with defence lawyer Laura Kelly and her unpredictable client Chelsea Deardon. It seems the least of Chelsea\'s crimes is the theft of a very valuable painting, but as the women persuade Logan to investigate further and to cut some official corners, a much more sinister scenario starts to emerge.\r\n', 'https://media.themoviedb.org/t/p/w300_and_h450_bestv2/aZKGkQ9rpMyQ75sbdLnpmiM3m73.jpg', '', '', 116, 2023),
(45, 'She\'s Gotta Have It', 24, 45, 'US', 'The story of Nola Darling\'s simultaneous sexual relationships with three different men is told by her and by her partners and other friends. All three men wanted her to commit solely to them; Nola resists being \"owned\" by a single partner.\r\n', 'https://media.themoviedb.org/t/p/w300_and_h450_bestv2/fcbZ94T3eySDCMAlVfe3s69LiDJ.jpg', '', '', 84, 1980),
(46, 'Strange Voices', 20, 46, 'US', 'A family begins to fall apart when their eldest daughter is diagnosed with schizophrenia.\r\n', 'https://media.themoviedb.org/t/p/w300_and_h450_bestv2/veaWIV1DtOvWJ8ZURm6xPpijrGo.jpg', '', '', 100, 1981),
(47, 'In Defense of a Married Man', 11, 47, 'US', 'When a defense lawyer\'s adulterous husband becomes the prime suspect in the murder of the woman he was cheating with, his wife chooses to defend him. Can she overcome his betrayal while searching for the truth?\r\n', 'https://media.themoviedb.org/t/p/w300_and_h450_bestv2/nfqDH6ueyCt057yP5qh4Aq1oYYf.jpg', '', '', 94, 1982),
(48, 'The Four Seasons', 11, 48, 'US', 'Three middle-aged wealthy couples take vacations together in Spring, Summer, Autumn and Winter. Along the way we are treated to mid-life, marital, parental and other crises.\r\n', 'https://media.themoviedb.org/t/p/w300_and_h450_bestv2/8fr57rh0Mz3eqMnmpd0VZVosFXo.jpg', '', '', 107, 1983),
(49, 'Parrot Sketch Not Included: Twenty Years of Monty Python', 17, 49, 'GB', 'Steve Martin presents selected sketches from \"Monty Python\'s Flying Circus (1969)\". It\'s the well known sketches, though the parrot sketch is not included. Steve Martin has some funny comments on the Pythons.\r\n', 'https://media.themoviedb.org/t/p/w300_and_h450_bestv2/cdKLqimStYgo9nCR4PA4St8eiJ2.jpg', '', '', 72, 1984),
(52, 'Monty Python Live at the Hollywood Bowl', 4, 52, 'GB', 'Monty Python perform many of their greatest sketches at the Hollywood Bowl, including several from pre-Python days.\r\n', 'https://media.themoviedb.org/t/p/w300_and_h450_bestv2/7sQPWnIUVswWtIl35Lj3VKW3Pz0.jpg', '', '', 77, 1987),
(53, 'Unspeakable Acts', 31, 53, 'US', 'Two psychologists try to demonstrate that a man is a pedophile and has abused many children.\r\n', 'https://media.themoviedb.org/t/p/w300_and_h450_bestv2/qLE46xukhL9JawryU5nH6wSbRXN.jpg', '', '', 100, 1988),
(54, 'Mobile Suit Gundam II: Soldiers of Sorrow', 15, 54, 'JP', 'After managing to survive attacks by Zeon\'s Char Aznable and Garma Zabi, the crew of Federation warship White Base and its mobile suits must battle Zeon forces through Asia, Europe, and the Atlantic Ocean if they are to reach Earth Federation\'s headquarters alive. During that process many of its crewmembers must overcome their fears, losses, immaturities, and insecurities in order to survive.\r\n', 'https://media.themoviedb.org/t/p/w300_and_h450_bestv2/i1J5u0bhbcCghFWnwmvsTi5RzQf.jpg', '', '', 135, 1989),
(55, 'Mobile Suit Gundam: Char\'s Counterattack', 20, 55, 'JP', 'In UC 0093, the Federation has recovered from its defeat and has created a new anti-colonial special forces unit to deal with rebel forces: Londo Bell. Elsewhere in space, Char Aznable re-appears out of self imposed hiding with a declaration that he now commands his own Neo-Zeon movementand intends to force the emigration of Earth\'s inhabitants to space by bringing about an apocalypse.\r\n', 'https://media.themoviedb.org/t/p/w300_and_h450_bestv2/8I8gWpTtzMLt2lBlBoS7lM436nA.jpg', '', '', 124, 1990),
(56, 'Agneepath', 23, 56, 'IN', 'A young boy\'s father is lynched before his eyes; fifteen years later he returns home for revenge.\r\n', 'https://images-na.ssl-images-amazon.com/images/I/A1yLp6bTMVL._RI_.jpg', '', '', 174, 1991),
(57, 'Waiting for the Hearse', 29, 57, 'AR', 'Mama Cora, who is almost eighty years old, has three sons and a daughter. She lives with one of them, who has serious financial problems. The family meets one day to celebrate an anniversary meal, and that is when the problem arises: which of them will take care of her?\r\n', 'https://media.themoviedb.org/t/p/w300_and_h450_bestv2/qkSThbNiC6kimvLlWrgeTNYLCeq.jpg', '', '', 87, 1992),
(58, 'The George McKenna Story', 17, 58, 'US', 'Washington plays a school principal in a tough inner city Los Angeles high school out to rid it of drugs, gangs, low moral of teachers, and restore educational values.\r\n', 'https://media.themoviedb.org/t/p/w300_and_h450_bestv2/ov9t8DVsI8ydS4502MZ45KiRENH.jpg', '', '', 100, 1993),
(59, 'The Ryan White Story', 5, 59, 'US', 'The story of Ryan White, a 13-year-old haemophiliac who contracted AIDS from factor VIII, which was used to control this disorder.\r\n', 'https://media.themoviedb.org/t/p/w300_and_h450_bestv2/8LmjDAUMWoVuwF4a043m22Sid4R.jpg', '', '', 102, 1994),
(60, 'Disco Dancer', 17, 60, 'IN', 'Anil, a street singer, is humiliated and driven out of Bombay along with his mother. However, he soon becomes a famous performer but the enemies from his past try to destroy his hard-earned career.\r\n', 'https://media.themoviedb.org/t/p/w300_and_h450_bestv2/3vc1MMLflENJ8sHwbHjzedT07Hv.jpg', '', '', 134, 1995),
(61, 'Dostana', 14, 61, 'IN', 'Two close friends decide to enter law enforcement, one as a police officer, the other as a lawyer, but their friendship begins to unravel when they both fall in love with the same woman.\r\n', 'https://media.themoviedb.org/t/p/w300_and_h450_bestv2/obwjlgNI2NFZupMuJBbKgH3IhQp.jpg', '', '', 161, 1996),
(62, 'Mujrim', 10, 62, 'IN', 'The film follows the story of Shankar, who is regarded as a criminal by society after being in jail for ten years since childhood.\r\n', 'https://media.themoviedb.org/t/p/w300_and_h450_bestv2/xrmOrAbQBrRbUF6vbulH5uWfCFM.jpg', '', '', 162, 1997),
(63, 'Sohni Mahiwal', 1, 63, 'IN', 'Shahjada Ijjat Beg comes to India with his caravan and settles in a town in Gujrat. Here he falls in love with Sohani, who keeps a shop in metal pots. Ijjat Beg buys pot from her with whatever money he had and they were attracted to each other. Sohni dispensed with her servant and kept Ijjat Beg instead. This gave them more opportunity to meet. This was a scandal in the town and Sohni was perforce married to Rehaman who was slightly off his head. Sohni continued her meeting Ijjat Beg who went out fishing. When the atmosphere became to hot for them they jointly took a water grave for their love.\r\n', 'https://media.themoviedb.org/t/p/w300_and_h450_bestv2/fnWP8tWg5lHuLcxu9jSXE25NJMw.jpg', '', '', 160, 1998),
(64, 'Dil', 27, 64, 'IN', 'Raja lives a poor lifestyle along with his dad, Hazariprasad and mom. He attends college where he has several run-ins with wealthy fellow-collegian, Madhu Mehra. Matters escalate to such an extent that she accuses him of sexually molesting her. When his dad comes to know, he decides to seize this chance to get rich quickly, masquerades as a wealthy businessman, approaches Mr. Mehra, and arranges for their children to get married. Murphy\'s law prevails at the time of the engagement - changing everyone\'s lives forever.\r\n', 'https://th.bing.com/th/id/R.8b86e9609327395d0b429d2dba6f26d2?rik=SZAs3ZkvH2tvTg&pid=ImgRaw&r=0', '', '', 172, 1999),
(65, 'Pyar Ke Do Pal', 7, 65, 'IN', 'In order to assist her close friend, Rajni Thakur, Geeta Choudhary, has an abortion in her name, so that Rajni can get married. When her secret gets leaked out, Geeta\'s husband, Ashok, blames her, accuses her of being unfaithful, and drives her out of his house. They have twins, Sunil and Anil, and each parent is allowed custody of one child. The children meet each other at Scout camp, and decide to re-unite their parents, without realizing that they are exposing not only them, but also each other, to danger and death.\r\n', 'https://media.themoviedb.org/t/p/w300_and_h450_bestv2/tWqO118LKDE5cAujWj2xzTeR8Sd.jpg', '', '', 153, 2000),
(66, 'Jaal', 33, 66, 'IN', 'Shankar\'s father leaves the family for Meenabai. He later learns that his father is dead. He sets out to find out Meenabai, who he thinks is behind his father\'s death.\r\n', 'https://media.themoviedb.org/t/p/w300_and_h450_bestv2/8tYigbGgFvmuw8z78yjlAkvo0NK.jpg', '', '', 159, 2001),
(67, 'Duniya', 25, 67, 'IN', 'Mohan Kumar\'s diligence and honesty lands him in trouble with Balwant Singh Kalra, Jugal Kishore Ahuja, and Mr. Bhandari. Together the trio frame and imprison Mohan and make him watch helplessly as his wife is killed. Years later, Mohan Kumar is released from prison, his only goal in life is to avenge his humiliation and wrongful arrest at the hands of the trio. With the help of Dinesh Verma, he establishes himself again, and starts the process of bringing death and destruction to the trio. The trio are well aware of his presence, and decide to send one of their men, Ravi, to spy on him. Ravi falls in love with Verma\'s daughter, Roma, and decides to change sides to help Verma and Mohan, but Mohan will not have anything to do with Ravi, and asks him to leave. Ravi then becomes a target by the trio and their men, and has to save himself, and the only way he can redeem himself is by turning the tables over Mohan, who is none other than his own father.Duniya\r\n', 'https://media.themoviedb.org/t/p/w300_and_h450_bestv2/jKonm6Q3vw51Ytd4y7bJ70xJT7l.jpg', '', '', 170, 2002),
(68, 'Aakhri Adaalat', 32, 68, 'IN', 'Inspector Amar Kaushal attempts to incarcerate wrong-doers in his society only lead to frustration when they are let off by the incompetence of the law and his superiors and seniors. Eventually Amar stands accused of killing several criminals and innocents which prompts him to take law into his own hands.\r\n', 'https://media.themoviedb.org/t/p/w300_and_h450_bestv2/x7lC9TpyGFdnNQAq6N94yxkBE9m.jpg', '', '', 148, 2003),
(69, 'Quiet Victory: The Charlie Wedemeyer Story', 3, 69, 'US', 'Film that tells the story of Los Gatos (California) high school football coach Charlie Wedemeyer. At 31, onetime football pro Wedemeyer is living the American dream; a winning team, a happy marriage and public adulation.\r\n', 'https://images.immediate.co.uk/remote/m.media-amazon.com/images/M/MV5BY2ExOGI3ZjAtM2FlNS00MWIxLTg4ZjYtYTg4NjVhNDU0ZjEyXkEyXkFqcGdeQXVyMzU0NzkwMDg@._V1_.jpg?quality=90&resize=556,869', '', '', 100, 2004),
(70, 'Muqaddar Ka Faisla', 13, 70, 'IN', 'Muqaddar ka Faisla, is the story of Pandit Krishna Kant. A poor, but extremely honest, upright, God-fearing man, who refuses to compromise on his principles.\r\n', 'https://media.themoviedb.org/t/p/w300_and_h450_bestv2/9T3zz7ol2AZjphUoH4vIFwKmC16.jpg', '', '', 172, 2005),
(71, 'Alexandria, Again and Forever', 8, 71, 'EG', 'Set in 1987 against the backdrop of a hunger strike by the Egyptian film industry, Chahine himself steps in to play Yehia, the famed Egyptian director whose life is chronicled in \"Alexandria, Why?\" and \"An Egyptian Story\". Obsessed with Amr, the handsome actor he discovered and cast as his alter-ego in parts one and two of The Alexandria Trilogy, Yehia pressures Amr to star in various film projects that change even as Yehia\'s perception of the young actor begins to change. He first casts Amr as Hamlet, which the actor deems too demanding for his talents, then as the lead in a musical biopic of demigod Alexander the Great, who founded the city of Alexandria in 332 B.C.\r\n', 'https://media.themoviedb.org/t/p/w300_and_h450_bestv2/p55iCAyRWFlzbb8m13g18VX17Cg.jpg', '', '', 105, 2006),
(72, 'Adam: His Song Continues', 11, 72, 'US', 'Follows the true story of John and Reve Walsh who, after their child was murdered, fought to raise national awareness of the problem of missing children.\r\n', 'https://media.themoviedb.org/t/p/w300_and_h450_bestv2/xAab3AZaMS0GIQNb0nt6HsLh0L8.jpg', '', '', 100, 2007),
(73, 'A Stoning in Fulham County', 8, 73, 'US', 'Religious beliefs clash with the law when an Amish infant is killed in a rural community.\r\n', 'https://media.themoviedb.org/t/p/w300_and_h450_bestv2/vn75uH508WWdFsLvtysodjrOUju.jpg', '', '', 95, 2008),
(74, 'Ek Jaan Hain Hum', 22, 74, 'IN', 'Coming from a decent upper middle-class family, Vikram Saxena meets with gorgeous Seema Singh, and both fall in love. But their respective families have other plans for them. While Vikram is able to convince his advocate dad, Shyam Sunder, to change his mind, Seema is unable to do so, and her marriage is being planned with a U.S. resident. Things take a turn for the worst when the police arrest Vikram with arson, with evidence that he had burned down a property belonging to Seema\'s dad, Colonel Ram Mohan Singh. Due to this, Vikram\'s dad comes forward to defend him, and Seema will not have anything to do with him anymore. Shyam Sunder realizes that the only way he can save his son from being imprisoned is to have him certified as insane, but will have to live with the consequences for the rest of his life, as well as the the stigma this will place on his family for years to come.\r\n', 'https://media.themoviedb.org/t/p/w300_and_h450_bestv2/AppbnDuCGQKsSiVpWBxvhfEbmZK.jpg', '', '', 151, 2009),
(75, 'Too Young The Hero', 23, 75, 'US', 'TV movie based upon the true story of Calvin Graham, who, as a 12 year old boy, enlisted in the US Navy during WWII.\r\n', 'https://media.themoviedb.org/t/p/w300_and_h450_bestv2/iRlH7FhGQxWZpeHsgXp1UfAynUH.jpg', '', '', 100, 2010),
(76, 'An Egyptian Story', 12, 76, 'EG', 'After we last see him in \"Alexandria, Why?\" Egyptian filmmaker Yehia Mourad is in his thirties, and successful in his work, he has grown distant from his wife and children and suﬀers a symbolic blockage of the heart while shooting the final scenes of his latest film. After being flown to England for evaluation, it\'s determined that Yehia must undergo emergency surgery.  Fact and fiction blend seamlessly—with healthy doses of cleverly absurdist fantasy—as the film explores the various personalities and forces that have made Yehia (and Youssef Chahine) the man he has become.\r\n', 'https://media.themoviedb.org/t/p/w300_and_h450_bestv2/z0zDBvwtKA34DKFu4TAaeOt5fWS.jpg', '', '', 129, 2011),
(77, 'Sleepless in Seattle', 25, 77, 'US', 'When Sam Baldwin\'s wife dies, he is left to bring up his eight-year-old son Jonah alone, and decides to move to Seattle to make a new start. On Christmas Eve, Jonah rings a radio phone-in with his Christmas wish to find a new wife for his dad. Meanwhile in Baltimore, journalist Annie Reed, who is having doubts about her own relationship, is listening in.\r\n', 'https://media.themoviedb.org/t/p/w300_and_h450_bestv2/iLWsLVrfkFvOXOG9PbUAYg7AK3E.jpg', '', '', 105, 2012),
(78, 'Forrest Gump', 18, 78, 'US', 'A man with a low IQ has accomplished great things in his life and been present during significant historic events—in each case, far exceeding what anyone imagined he could do. But despite all he has achieved, his one true love eludes him.\r\n', 'https://media.themoviedb.org/t/p/w300_and_h450_bestv2/arw2vcBveWOVZr6pxd9XTd1TdQa.jpg', '', '', 142, 2013),
(79, 'Reservoir Dogs', 32, 79, 'US', 'A botched robbery indicates a police informant, and the pressure mounts in the aftermath at a warehouse. Crime begets violence as the survivors -- veteran Mr. White, newcomer Mr. Orange, psychopathic parolee Mr. Blonde, bickering weasel Mr. Pink and Nice Guy Eddie -- unravel.\r\n', 'https://media.themoviedb.org/t/p/w300_and_h450_bestv2/xi8Iu6qyTfyZVDVy60raIOYJJmk.jpg', '', '', 99, 2014),
(80, 'Galaxy Quest', 32, 80, 'US', 'For four years, the courageous crew of the NSEA protector - \"Commander Peter Quincy Taggart\" (Tim Allen), \"Lt. Tawny Madison (Sigourney Weaver) and \"Dr.Lazarus\" (Alan Rickman) - set off on a thrilling and often dangerous mission in space...and then their series was cancelled! Now, twenty years later, aliens under attack have mistaken the Galaxy Quest television transmissions for \"historical documents\" and beam up the crew of has-been actors to save the universe. With no script, no director and no clue, the actors must turn in the performances of their lives.\r\n', 'https://media.themoviedb.org/t/p/w300_and_h450_bestv2/fZXSwgZknp81vmciTb86rw0MejV.jpg', '', '', 101, 2015),
(81, 'Jerry Maguire', 20, 81, 'US', 'Jerry Maguire used to be a typical sports agent: willing to do just about anything he could to get the biggest possible contracts for his clients, plus a nice commission for himself. Then, one day, he suddenly has second thoughts about what he\'s really doing. When he voices these doubts, he ends up losing his job and all of his clients, save Rod Tidwell, an egomaniacal football player.\r\n', 'https://media.themoviedb.org/t/p/w300_and_h450_bestv2/lABvGN7fDk5ifnwZoxij6G96t2w.jpg', '', '', 138, 2016),
(82, 'Notting Hill', 19, 82, 'US', 'William Thacker is a London bookstore owner whose humdrum existence is thrown into romantic turmoil when famous American actress Anna Scott appears in his shop. A chance encounter over spilled orange juice leads to a kiss that blossoms into a full-blown affair. As the average bloke and glamorous movie star draw closer and closer together, they struggle to reconcile their radically different lifestyles in the name of love.\r\n', 'https://media.themoviedb.org/t/p/w300_and_h450_bestv2/hHRIf2XHeQMbyRb3HUx19SF5Ujw.jpg', '', '', 124, 2017),
(83, 'Big Daddy', 1, 83, 'US', 'A lazy law school grad adopts a kid to impress his girlfriend, but everything doesn\'t go as planned and he becomes the unlikely foster father.\r\n', 'https://media.themoviedb.org/t/p/w300_and_h450_bestv2/m0KrgL5uGJRGyGG7LBkyKrqxB8q.jpg', '', '', 93, 2018),
(84, 'The Quick and the Dead', 20, 84, 'JP', 'A mysterious woman comes to compete in a quick-draw elimination tournament, in a town taken over by a notorious gunman.\r\n', 'https://media.themoviedb.org/t/p/w300_and_h450_bestv2/jhEmrXJpP6F3cqwyLjvgBgxxxFA.jpg', '', '', 107, 2019),
(85, 'I Know What You Did Last Summer', 31, 85, 'US', 'After four high school friends are involved in a hit-and-run road accident, they dispose of the body and vow to keep the incident a secret. A year later, they each start receiving anonymous letters bearing the warning \"I Know What You Did Last Summer.\"\r\n', 'https://media.themoviedb.org/t/p/w300_and_h450_bestv2/udvw5tHwEu8VI7e07qpVLZAw8o2.jpg', '', '', 101, 2020),
(86, 'Kicking and Screaming', 16, 86, 'US', 'After college graduation, Grover\'s girlfriend Jane tells him she\'s moving to Prague to study writing. Grover declines to accompany her, deciding instead to move in with several friends, all of whom can\'t quite work up the inertia to escape their university\'s pull. Nobody wants to make any big decisions that would radically alter his life, yet none of them wants to end up like Chet, the professional student who tends bar and is in his tenth year of university studies.\r\n', 'https://media.themoviedb.org/t/p/w300_and_h450_bestv2/ynAtSpTou7snNOq32djzILw9VCA.jpg', '', '', 95, 2021),
(87, 'Seven Years in Tibet', 19, 87, 'GB', 'Austrian mountaineer, Heinrich Harrer journeys to the Himalayas without his family to head an expedition in 1939. But when World War II breaks out, the arrogant Harrer falls into Allied forces\' hands as a prisoner of war. He escapes with a fellow detainee and makes his way to Llaso, Tibet, where he meets the 14-year-old Dalai Lama, whose friendship ultimately transforms his outlook on life.\r\n', 'https://media.themoviedb.org/t/p/w300_and_h450_bestv2/5euQXAgJ34TdUFl1t3O6Jw2lJAs.jpg', '', '', 139, 2022),
(88, 'Stepmom', 12, 88, 'US', 'Jackie is a divorced mother of two. Isabel is the career minded girlfriend of Jackie’s ex-husband Luke, forced into the role of unwelcome stepmother to their children. But when Jackie discovers she is ill, both women realise they must put aside their differences to find a common ground and celebrate life to the fullest, while they have the chance.\r\n', 'https://media.themoviedb.org/t/p/w300_and_h450_bestv2/1bBiApUkRfzislORsl07d6XXYsT.jpg', '', '', 125, 2023),
(89, 'The Mask of Zorro', 11, 89, 'US', 'It has been twenty years since Don Diego de la Vega fought Spanish oppression in Alta California as the legendary romantic hero, Zorro. Having escaped from prison he transforms troubled bandit Alejandro into his successor, in order to foil the plans of the tyrannical Don Rafael Montero who robbed him of his freedom, his wife and his precious daughter.\r\n', 'https://media.themoviedb.org/t/p/w300_and_h450_bestv2/bdMufwGDDzqu4kTSQwrKc5WR4bu.jpg', '', '', 136, 1980),
(90, 'Life', 12, 90, 'US', 'Two men in 1930s Mississippi become friends after being sentenced to life in prison together for a crime they did not commit.\r\n', 'https://media.themoviedb.org/t/p/w300_and_h450_bestv2/lja0Kh17LLleh6DhtixEh7Z7T6D.jpg', '', '', 108, 1981),
(91, 'Neon Genesis Evangelion: The End of Evangelion', 6, 91, 'JP', 'The second of two theatrically released follow-ups to the Neon Genesis Evangelion series. Comprising of two alternate episodes which were first intended to take the place of episodes 25 and 26, this finale answers many of the questions surrounding the series, while also opening up some new possibilities.\r\n', 'https://media.themoviedb.org/t/p/w300_and_h450_bestv2/j6G24dqI4WgUtChhWjfnI4lnmiK.jpg', '', '', 87, 1982),
(92, 'My Girl', 6, 92, 'US', 'Vada Sultenfuss is obsessed with death. Her mother is dead, and her father runs a funeral parlor. She is also in love with her English teacher, and joins a poetry class over the summer just to impress him. Thomas J., her best friend, is \"allergic to everything\", and sticks with Vada despite her hangups. When Vada\'s father hires Shelly, and begins to fall for her, things take a turn to the worse...\r\n', 'https://media.themoviedb.org/t/p/w300_and_h450_bestv2/qyJJNHteA7BUwQSey05t7qP4vRV.jpg', '', '', 102, 1983),
(93, 'One Last Shot', 32, 93, 'CA', 'In this low-budget short film, two best buddies meet up for a night of booze-fueled fun before one of them moves to Vancouver.\r\n', 'https://media.themoviedb.org/t/p/w300_and_h450_bestv2/8jQAGWVcRVpr2uxTjk3ACSO4Q3A.jpg', '', '', 30, 1984),
(94, 'Jerry Seinfeld: I\'m Telling You for the Last Time', 5, 94, 'US', 'Taped for HBO in August 1998, on the final date of Jerry Seinfeld\'s tour appearances at New York City\'s Broadhurst Theater, I\'m Telling You for the Last Time presents the standup comedian\'s so-called \"final\" standup, or at least his final tour with the standup material that made him famous.\r\n', 'https://media.themoviedb.org/t/p/w300_and_h450_bestv2/jffjpqXw6W9x6etUSYBkMPEQWRY.jpg', '', '', 75, 1985),
(95, 'The Last Days', 5, 95, 'US', 'Five Jewish Hungarians, now U.S. citizens, tell their stories: before March, 1944, when Nazis began to exterminate Hungarian Jews, months in concentration camps, and visiting childhood homes more than 50 years later. An historian, a Sonderkommando, a doctor who experimented on Auschwitz prisoners, and US soldiers who were part of the liberation in April, 1945.\r\n', 'https://media.themoviedb.org/t/p/w300_and_h450_bestv2/r82gsvG8sAX6V3gWZL5hgVvu8un.jpg', '', '', 87, 1986),
(96, 'Croupier', 18, 96, 'IE', 'Jack Manfred is an aspiring writer who to make ends meet, takes a job as a croupier. Jack remains an observer, knowing that everything in life is a gamble and that gamblers are born to lose. Inevitably, he gets sucked into the world of the casino which takes its toll on his relationships and the novel he is writing.\r\n', 'https://media.themoviedb.org/t/p/w300_and_h450_bestv2/uaWqZXnXe5agLUjAqS0Cg8dq3Rw.jpg', '', '', 94, 1987),
(97, 'Heavy', 5, 97, 'US', 'Victor is a cook who works in a greasy bar/restaurant owned by his mother, Dolly. It\'s just the two of them, a waitress named Delores, and a heavy drinking regular, Leo. But things change when Callie, a beautiful college drop-out, shows up as a new waitress and steals Victor\'s heart. But Victor is too shy to do anything about it, and too self-consciously overweight to dream of winning Callie away.\r\n', 'https://media.themoviedb.org/t/p/w300_and_h450_bestv2/xo2KsY7hOHDqpgYlDStL56zmgaq.jpg', '', '', 105, 1988),
(98, 'The Nutty Professor', 22, 98, 'US', 'Eddie Murphy stars as shy Dr. Sherman Klump, a kind, brilliant, \'calorifically challenged\' genetic professor. When beautiful Carla Purty joins the university faculty, Sherman grows desperate to whittle his 400-pound frame down to size and win her heart. So, with one swig of his experimental fat-reducing serum, Sherman becomes \'Buddy Love\', a fast-talking, pumped-up , plumped down Don Juan.\r\n', 'https://media.themoviedb.org/t/p/w300_and_h450_bestv2/fMtb5aZoLRNbMnCkatFsTmPRfl5.jpg', '', '', 95, 1989),
(99, 'Evangelion: Death (True)²', 17, 99, 'JP', 'A highly experimental film presenting a story out of chronological order taking place 15 years after a near-apocalyptic catastrophe, about four traumatized 14 year olds who are tasked with piloting massive humanoid decisive weapons called Evangelion, the psychologically maladjusted adults who handle and command them, and the events and forces that affect them or which they take part in as they engage massive hostile invaders known as \"Angels.\"\r\n', 'https://media.themoviedb.org/t/p/w300_and_h450_bestv2/AehyZFGm68ep76b81IbLJ1EJ5ot.jpg', '', '', 69, 1990),
(100, 'Edge of Seventeen', 25, 100, 'US', '1984, Sandusky, Ohio. A naive 17-year-old navigates heartbreak and self-expression as he explores his sexuality.\r\n', 'https://media.themoviedb.org/t/p/w300_and_h450_bestv2/qsyG50KDdfxPZxVSLrNmlwWBgWm.jpg', '', '', 104, 1991),
(101, 'Sankofa', 11, 101, NULL, NULL, 'https://media.themoviedb.org/t/p/w300_and_h450_bestv2/t5PTcnhZgHzL7HUZKQP95UQDD5o.jpg', '', '', 0, 1980),
(102, 'A Chinese Odyssey Part One: Pandora\'s Box', 26, 102, NULL, NULL, 'https://media.themoviedb.org/t/p/w300_and_h450_bestv2/p2TnX8MwCM6GUjcX0R6s3wDb9En.jpg', '', '', 0, 1981),
(103, 'Before the Flying Circus', 22, 103, NULL, NULL, 'https://media.themoviedb.org/t/p/w300_and_h450_bestv2/qy0tTkznV5ZJDcpADSsbJGmIYgh.jpg', '', '', 0, 1982),
(104, 'Maya Memsaab', 8, 104, NULL, NULL, 'https://media.themoviedb.org/t/p/w300_and_h450_bestv2/lIRLy3RGceFWQ9SMKN26ZudxvLw.jpg', '', '', 0, 1983),
(105, 'Dil Se..', 23, 105, NULL, NULL, 'https://media.themoviedb.org/t/p/w300_and_h450_bestv2/rdnkOPYlHf8WaPRllTz3dsuzpp8.jpg', '', '', 0, 1984),
(106, 'Herod\'s Law', 5, 106, NULL, NULL, '', '', '', 0, 1985),
(107, 'A Chinese Odyssey Part Two: Cinderella', 6, 107, NULL, NULL, '', '', '', 0, 1986),
(108, 'Blue Streak', 17, 108, NULL, NULL, '', '', '', 0, 1987),
(109, 'Kabhi Haan Kabhi Naa', 33, 109, NULL, NULL, '', '', '', 0, 1988),
(110, 'Bombay', 9, 110, NULL, NULL, '', '', '', 0, 1989),
(111, 'Phir Bhi Dil Hai Hindustani', 5, 111, NULL, NULL, '', '', '', 0, 1990),
(112, 'Chaahat', 29, 112, NULL, NULL, '', '', '', 0, 1991),
(113, 'Nutty Professor II: The Klumps', 17, 113, NULL, NULL, '', '', '', 0, 1992),
(114, 'Hum Aapke Hain Koun..!', 25, 114, NULL, NULL, '', '', '', 0, 1993),
(115, 'Wild Tango', 31, 115, NULL, NULL, '', '', '', 0, 1994),
(116, 'Kuch Kuch Hota Hai', 9, 116, NULL, NULL, '', '', '', 0, 1995),
(117, 'Yaar Gaddar', 20, 117, NULL, NULL, '', '', '', 0, 1996),
(118, 'The Other', 3, 118, NULL, NULL, '', '', '', 0, 1997),
(119, 'Chamatkar', 9, 119, NULL, NULL, '', '', '', 0, 1998),
(120, 'Mann', 12, 120, NULL, NULL, '', '', '', 0, 1999),
(121, 'Chronicle of a Disappearance', 30, 121, NULL, NULL, '', '', '', 0, 2000),
(122, 'Oh Darling! Yeh Hai India!', 29, 122, NULL, NULL, '', '', '', 0, 2001),
(123, 'Duplicate', 5, 123, NULL, NULL, '', '', '', 0, 2002),
(124, 'Muthu', 8, 124, NULL, NULL, '', '', '', 0, 2003),
(125, 'Hum Saath Saath Hain', 24, 125, NULL, NULL, '', '', '', 0, 2004),
(126, 'Ram Jaane', 21, 126, NULL, NULL, '', '', '', 0, 2005),
(127, 'Anjaam', 16, 127, NULL, NULL, '', '', '', 0, 2006),
(128, 'English Babu Desi Mem', 30, 128, NULL, NULL, '', '', '', 0, 2007),
(129, 'Destiny', 32, 129, NULL, NULL, '', '', '', 0, 2008),
(130, 'Avvai Shanmugi', 21, 130, NULL, NULL, '', '', '', 0, 2009),
(131, 'Hello Brother', 26, 131, NULL, NULL, '', '', '', 0, 2010),
(132, 'Sinbad: Afros and Bellbottoms', 25, 132, NULL, NULL, '', '', '', 0, 2011),
(133, 'Damini', 12, 133, NULL, NULL, '', '', '', 0, 2012),
(134, 'Monty Python: Live at Aspen', 30, 134, NULL, NULL, '', '', '', 0, 2013),
(135, 'Jeans', 5, 135, NULL, NULL, '', '', '', 0, 2014),
(136, 'West Beirut', 13, 136, NULL, NULL, '', '', '', 0, 2015),
(137, 'Gumrah', 21, 137, NULL, NULL, '', '', '', 0, 2016),
(138, 'Shikari', 28, 138, NULL, NULL, '', '', '', 0, 2017),
(139, 'Out of Life', 24, 139, NULL, NULL, '', '', '', 0, 2018),
(140, 'Have You Ever Seen Fireflies? - Theatre Play', 13, 140, NULL, NULL, '', '', '', 0, 2019),
(141, 'Yodha', 1, 141, NULL, NULL, '', '', '', 0, 2020),
(142, 'Minsara Kanavu', 14, 142, NULL, NULL, '', '', '', 0, 2021),
(143, 'Dushmani', 25, 143, NULL, NULL, '', '', '', 0, 2022),
(144, 'Children of Shatila', 33, 144, NULL, NULL, '', '', '', 0, 2023),
(145, 'Sinbad: Nothin\' but the Funk', 30, 145, NULL, NULL, '', '', '', 0, 1980),
(146, 'The Emigrant', 19, 146, NULL, NULL, '', '', '', 0, 1981),
(147, 'A Triumph of the Heart: The Ricky Bell Story', 15, 147, NULL, NULL, '', '', '', 0, 1982),
(148, 'Aashik Aawara', 10, 148, NULL, NULL, '', '', '', 0, 1983),
(149, 'The Trial of Adolf Eichmann', 26, 149, NULL, NULL, '', '', '', 0, 1984),
(150, 'Qila', 14, 150, NULL, NULL, '', '', '', 0, 1985),
(151, 'Nightmare in Columbia County', 28, 151, NULL, NULL, '', '', '', 0, 1986),
(152, 'Sinbad: Son of a Preacher Man', 33, 152, NULL, NULL, '', '', '', 0, 1987),
(153, 'The Lord of the Rings: The Fellowship of the Ring', 19, 153, NULL, NULL, '', '', '', 0, 1988),
(154, 'Minority Report', 23, 154, NULL, NULL, '', '', '', 0, 1989),
(155, 'Scott Pilgrim vs. the World', 33, 155, NULL, NULL, '', '', '', 0, 1990),
(156, 'The Dark Knight', 1, 156, NULL, NULL, '', '', '', 0, 1991),
(157, 'The Hangover', 1, 157, NULL, NULL, '', '', '', 0, 1992),
(158, 'The Lord of the Rings: The Two Towers', 10, 158, NULL, NULL, '', '', '', 0, 1993),
(159, 'The Lord of the Rings: The Return of the King', 25, 159, NULL, NULL, '', '', '', 0, 1994),
(160, 'Brokeback Mountain', 11, 160, NULL, NULL, '', '', '', 0, 1995),
(161, 'The Mist', 30, 161, NULL, NULL, '', '', '', 0, 1996),
(162, 'Road to Perdition', 4, 162, NULL, NULL, '', '', '', 0, 1997),
(163, 'Easy A', 1, 163, NULL, NULL, '', '', '', 0, 1998);
INSERT INTO `Films` (`Films_ID`, `Title`, `Genre_ID`, `Rating_ID`, `Country`, `Description`, `PosterURL`, `TrailerURL`, `ScreenshotURL`, `Runtime`, `Release_Year`) VALUES
(164, 'The Pursuit of Happyness', 14, 164, NULL, NULL, '', '', '', 0, 1999),
(165, 'Closer', 14, 165, NULL, NULL, '', '', '', 0, 2000),
(166, 'The Aviator', 11, 166, NULL, NULL, '', '', '', 0, 2001),
(167, 'Burlesque', 27, 167, NULL, NULL, '', '', '', 0, 2002),
(168, 'Zathura: A Space Adventure', 1, 168, NULL, NULL, '', '', '', 0, 2003),
(169, 'The Longest Yard', 8, 169, NULL, NULL, '', '', '', 0, 2004),
(170, 'Ip Man', 13, 170, NULL, NULL, '', '', '', 0, 2005),
(171, 'Secret Window', 27, 171, NULL, NULL, '', '', '', 0, 2006),
(172, 'A Knight\'s Tale', 17, 172, NULL, NULL, '', '', '', 0, 2007),
(173, 'Underworld', 2, 173, NULL, NULL, '', '', '', 0, 2008),
(174, 'Transformers: Revenge of the Fallen', 31, 174, NULL, NULL, '', '', '', 0, 2009),
(175, 'Julie & Julia', 32, 175, NULL, NULL, '', '', '', 0, 2010),
(176, 'Tears of the Sun', 32, 176, NULL, NULL, '', '', '', 0, 2011),
(177, 'Along Came Polly', 18, 177, NULL, NULL, '', '', '', 0, 2012),
(178, 'Resident Evil', 25, 178, NULL, NULL, '', '', '', 0, 2013),
(179, 'G.I. Joe: The Rise of Cobra', 23, 179, NULL, NULL, '', '', '', 0, 2014),
(180, 'Flushed Away', 10, 180, NULL, NULL, '', '', '', 0, 2015),
(181, 'Seabiscuit', 3, 181, NULL, NULL, '', '', '', 0, 2016),
(182, 'Monster House', 7, 182, NULL, NULL, '', '', '', 0, 2017),
(183, 'King Kong', 32, 183, NULL, NULL, '', '', '', 0, 2018),
(184, 'The Order of Myths', 18, 184, NULL, NULL, '', '', '', 0, 2019),
(185, '21', 18, 185, NULL, NULL, '', '', '', 0, 2020),
(186, 'Spanglish', 28, 186, NULL, NULL, '', '', '', 0, 2021),
(187, 'Spirit: Stallion of the Cimarron', 19, 187, NULL, NULL, '', '', '', 0, 2022),
(188, 'Leap Year', 32, 188, NULL, NULL, '', '', '', 0, 2023),
(189, 'Enough', 2, 189, NULL, NULL, '', '', '', 0, 1980),
(190, 'Gamer', 22, 190, NULL, NULL, '', '', '', 0, 1981),
(191, 'The Pink Panther', 14, 191, NULL, NULL, '', '', '', 0, 1982),
(192, '3 Idiots', 18, 192, NULL, NULL, '', '', '', 0, 1983),
(193, 'Gridiron Gang', 1, 193, NULL, NULL, '', '', '', 0, 1984),
(194, 'Resident Evil: Apocalypse', 25, 194, NULL, NULL, '', '', '', 0, 1985),
(195, 'Resident Evil: Afterlife', 22, 195, NULL, NULL, '', '', '', 0, 1986),
(196, 'Seven Pounds', 1, 196, NULL, NULL, '', '', '', 0, 1987),
(197, 'The Legend of Zorro', 13, 197, NULL, NULL, '', '', '', 0, 1988),
(198, 'Nora\'s Will', 30, 198, NULL, NULL, '', '', '', 0, 1989),
(199, 'An Elf\'s Story', 33, 199, NULL, NULL, '', '', '', 0, 1990),
(200, 'Don', 22, 200, NULL, NULL, '', '', '', 0, 1991),
(201, 'Rang De Basanti', 30, 201, NULL, NULL, '', '', '', 0, 0),
(202, 'No Direction Home: Bob Dylan', 5, 202, NULL, NULL, '', '', '', 0, 0),
(203, 'Daddy\'s Little Girls', 5, 203, NULL, NULL, '', '', '', 0, 0),
(204, 'The Other Boleyn Girl', 1, 204, NULL, NULL, '', '', '', 0, 0),
(205, 'Swades', 11, 205, NULL, NULL, '', '', '', 0, 0),
(206, 'Trailer Park Boys: Say Goodnight to the Bad Guys', 2, 206, NULL, NULL, '', '', '', 0, 0),
(207, 'New in Town', 2, 207, NULL, NULL, '', '', '', 0, 0),
(208, 'Dev.D', 18, 208, NULL, NULL, '', '', '', 0, 0),
(209, 'Mike Birbiglia: What I Should Have Said Was Nothing', 3, 209, NULL, NULL, '', '', '', 0, 0),
(210, 'Daddy Day Care', 12, 210, NULL, NULL, '', '', '', 0, 0),
(211, 'You Will Meet a Tall Dark Stranger', 5, 211, NULL, NULL, '', '', '', 0, 0),
(212, 'Eat Pray Love', 23, 212, NULL, NULL, '', '', '', 0, 0),
(213, 'Aśoka', 6, 213, NULL, NULL, '', '', '', 0, 0),
(214, 'A Wednesday!', 28, 214, NULL, NULL, '', '', '', 0, 0),
(215, 'Chloe', 24, 215, NULL, NULL, '', '', '', 0, 0),
(216, 'Hachi: A Dog\'s Tale', 17, 216, NULL, NULL, '', '', '', 0, 0),
(217, 'Monsters vs Aliens', 27, 217, NULL, NULL, '', '', '', 0, 0),
(218, 'Louis C.K.: Hilarious', 20, 218, NULL, NULL, '', '', '', 0, 0),
(219, 'The Boy Who Cried Werewolf', 10, 219, NULL, NULL, '', '', '', 0, 0),
(220, 'The Taking of Pelham 1 2 3', 22, 220, NULL, NULL, '', '', '', 0, 0),
(221, 'Initial D', 33, 221, NULL, NULL, '', '', '', 0, 0),
(222, 'Kevin James: Sweat the Small Stuff', 14, 222, NULL, NULL, '', '', '', 0, 0),
(223, 'Duck Season', 17, 223, NULL, NULL, '', '', '', 0, 0),
(224, 'Love Aaj Kal', 27, 224, NULL, NULL, '', '', '', 0, 0),
(225, 'Accident', 31, 225, NULL, NULL, '', '', '', 0, 0),
(226, 'I Now Pronounce You Chuck & Larry', 10, 226, NULL, NULL, '', '', '', 0, 0),
(227, 'Jim Gaffigan: Beyond the Pale', 11, 227, NULL, NULL, '', '', '', 0, 0),
(228, 'Phir Hera Pheri', 18, 228, NULL, NULL, '', '', '', 0, 0),
(229, 'Trailer Park Boys: The Movie', 32, 229, NULL, NULL, '', '', '', 0, 0),
(230, 'The Legend of Bhagat Singh', 1, 230, NULL, NULL, '', '', '', 0, 0),
(231, 'Anchor Baby', 24, 231, NULL, NULL, '', '', '', 0, 0),
(232, 'RV', 19, 232, NULL, NULL, '', '', '', 0, 0),
(233, 'Billu', 30, 233, NULL, NULL, '', '', '', 0, 0),
(234, 'Madness in the Desert', 31, 234, NULL, NULL, '', '', '', 0, 0),
(235, 'Guru', 25, 235, NULL, NULL, '', '', '', 0, 0),
(236, 'Golmaal Returns', 29, 236, NULL, NULL, '', '', '', 0, 0),
(237, 'One Piece: Strong World', 28, 237, NULL, NULL, '', '', '', 0, 0),
(238, 'The Figurine: Araromire', 10, 238, NULL, NULL, '', '', '', 0, 0),
(239, 'Jab We Met', 32, 239, NULL, NULL, '', '', '', 0, 0),
(240, 'Jaane Tu... Ya Jaane Na', 27, 240, NULL, NULL, '', '', '', 0, 0),
(241, 'Banyuki', 33, 241, NULL, NULL, '', '', '', 0, 0),
(242, 'Palermo Hollywood', 14, 242, NULL, NULL, '', '', '', 0, 0),
(243, 'Falafel', 2, 243, NULL, NULL, '', '', '', 0, 0),
(244, 'Ajab Prem Ki Ghazab Kahani', 18, 244, NULL, NULL, '', '', '', 0, 0),
(245, 'Cairo 6,7,8', 5, 245, NULL, NULL, '', '', '', 0, 0),
(246, 'Open Season', 1, 246, NULL, NULL, '', '', '', 0, 0),
(247, 'Kabhi Khushi Kabhie Gham', 32, 247, NULL, NULL, '', '', '', 0, 0),
(248, 'Like Stars on Earth', 10, 248, NULL, NULL, '', '', '', 0, 0),
(249, 'Astro Boy', 26, 249, NULL, NULL, '', '', '', 0, 0),
(250, 'Fashion', 4, 250, NULL, NULL, '', '', '', 0, 0),
(251, 'Kal Ho Naa Ho', 24, 251, NULL, NULL, '', '', '', 0, 0),
(252, 'American Pie Presents: The Naked Mile', 19, 252, NULL, NULL, '', '', '', 0, 0),
(253, 'Manorama Six Feet Under', 33, 253, NULL, NULL, '', '', '', 0, 0),
(254, 'Monty Python Conquers America', 2, 254, NULL, NULL, '', '', '', 0, 0),
(255, 'Open Season 2', 33, 255, NULL, NULL, '', '', '', 0, 0),
(256, 'Trailer Park Boys: Countdown to Liquor Day', 21, 256, NULL, NULL, '', '', '', 0, 0),
(257, 'Ishqiya', 4, 257, NULL, NULL, '', '', '', 0, 0),
(258, 'Jim Gaffigan: King Baby', 12, 258, NULL, NULL, '', '', '', 0, 0),
(259, 'The Pink Panther 2', 26, 259, NULL, NULL, '', '', '', 0, 0),
(260, 'Once a Gangster', 32, 260, NULL, NULL, '', '', '', 0, 0),
(261, 'Fida', 16, 261, NULL, NULL, '', '', '', 0, 0),
(262, 'Ijé: The Journey', 26, 262, NULL, NULL, '', '', '', 0, 0),
(263, 'Comedian', 25, 263, NULL, NULL, '', '', '', 0, 0),
(264, 'My Führer', 11, 264, NULL, NULL, '', '', '', 0, 0),
(265, 'Raajneeti', 11, 265, NULL, NULL, '', '', '', 0, 0),
(266, 'Salt of This Sea', 14, 266, NULL, NULL, '', '', '', 0, 0),
(267, 'Wake Up Sid', 9, 267, NULL, NULL, '', '', '', 0, 0),
(268, 'National Security', 30, 268, NULL, NULL, '', '', '', 0, 0),
(269, 'Made of Honor', 12, 269, NULL, NULL, '', '', '', 0, 0),
(270, 'Lagaan: Once Upon a Time in India', 14, 270, NULL, NULL, '', '', '', 0, 0),
(271, 'Friends with Money', 5, 271, NULL, NULL, '', '', '', 0, 0),
(272, 'Da Kath & Kim Code', 26, 272, NULL, NULL, '', '', '', 0, 0),
(273, 'G.O.R.A.', 27, 273, NULL, NULL, '', '', '', 0, 0),
(274, 'The Stepfather', 18, 274, NULL, NULL, '', '', '', 0, 0),
(275, 'Paheli', 19, 275, NULL, NULL, '', '', '', 0, 0),
(276, 'One 2 Ka 4', 27, 276, NULL, NULL, '', '', '', 0, 0),
(277, 'Naruto the Movie: Legend of the Stone of Gelel', 14, 277, NULL, NULL, '', '', '', 0, 0),
(278, 'Kabhi Alvida Naa Kehna', 17, 278, NULL, NULL, '', '', '', 0, 0),
(279, 'Kevin Hart: I\'m a Grown Little Man', 10, 279, NULL, NULL, '', '', '', 0, 0),
(280, 'Chalte Chalte', 13, 280, NULL, NULL, '', '', '', 0, 0),
(281, 'Daddy Day Camp', 23, 281, NULL, NULL, '', '', '', 0, 0),
(282, 'Dostana', 18, 282, NULL, NULL, '', '', '', 0, 0),
(283, 'I Can Do Bad All By Myself', 13, 283, NULL, NULL, '', '', '', 0, 0),
(284, 'Ip Man 2', 7, 284, NULL, NULL, '', '', '', 0, 0),
(285, 'Naruto the Movie: Guardians of the Crescent Moon Kingdom', 25, 285, NULL, NULL, '', '', '', 0, 0),
(286, 'The Legend of the Nahuala', 20, 286, NULL, NULL, '', '', '', 0, 0),
(287, 'Om Shanti Om', 25, 287, NULL, NULL, '', '', '', 0, 0),
(288, 'Jodhaa Akbar', 8, 288, NULL, NULL, '', '', '', 0, 0),
(289, 'Beast Stalker', 29, 289, NULL, NULL, '', '', '', 0, 0),
(290, 'Dil Chahta Hai', 8, 290, NULL, NULL, '', '', '', 0, 0),
(291, 'Rock On!!', 3, 291, NULL, NULL, '', '', '', 0, 0),
(292, 'I Hate Luv Storys', 16, 292, NULL, NULL, '', '', '', 0, 0),
(293, 'Luck by Chance', 11, 293, NULL, NULL, '', '', '', 0, 0),
(294, 'Naruto Shippuden the Movie: Bonds', 22, 294, NULL, NULL, '', '', '', 0, 0),
(295, 'Naruto Shippuden the Movie: The Will of Fire', 16, 295, NULL, NULL, '', '', '', 0, 0),
(296, 'Barbershop 2: Back in Business', 6, 296, NULL, NULL, '', '', '', 0, 0),
(297, 'Legend of the Fist: The Return of Chen Zhen', 21, 297, NULL, NULL, '', '', '', 0, 0),
(298, 'Main Hoon Na', 28, 298, NULL, NULL, '', '', '', 0, 0),
(299, 'Bon Cop Bad Cop', 16, 299, NULL, NULL, '', '', '', 0, 0),
(300, 'Look for a Star', 28, 300, NULL, NULL, '', '', '', 0, 0),
(301, 'A Romantic Comedy', 27, 301, NULL, NULL, '', '', '', 0, 0),
(302, 'Naruto the Movie: Ninja Clash in the Land of Snow', 11, 302, NULL, NULL, '', '', '', 0, 0),
(303, 'Lakshya', 19, 303, NULL, NULL, '', '', '', 0, 0),
(304, 'Kaal', 12, 304, NULL, NULL, '', '', '', 0, 0),
(305, 'This Is the Life', 14, 305, NULL, NULL, '', '', '', 0, 0),
(306, 'Sir! No Sir!', 1, 306, NULL, NULL, '', '', '', 0, 0),
(307, 'Here Comes the Rain', 17, 307, NULL, NULL, '', '', '', 0, 0),
(308, 'Inuyasha the Movie: Affections Touching Across Time', 11, 308, NULL, NULL, '', '', '', 0, 0),
(309, 'Inuyasha the Movie 4: Fire on the Mystic Island', 9, 309, NULL, NULL, '', '', '', 0, 0),
(310, 'Arahan', 22, 310, NULL, NULL, '', '', '', 0, 0),
(311, 'Waist Deep', 26, 311, NULL, NULL, '', '', '', 0, 0),
(312, 'Connected', 3, 312, NULL, NULL, '', '', '', 0, 0),
(313, 'Karthik Calling Karthik', 7, 313, NULL, NULL, '', '', '', 0, 0),
(314, 'Dhan Dhana Dhan Goal', 15, 314, NULL, NULL, '', '', '', 0, 0),
(315, 'Peepli Live', 9, 315, NULL, NULL, '', '', '', 0, 0),
(316, 'Life in a Metro', 16, 316, NULL, NULL, '', '', '', 0, 0),
(317, 'The Kite', 9, 317, NULL, NULL, '', '', '', 0, 0),
(318, 'Rabun', 23, 318, NULL, NULL, '', '', '', 0, 0),
(319, 'Inuyasha the Movie 3: Swords of an Honorable Ruler', 13, 319, NULL, NULL, '', '', '', 0, 0),
(320, 'Inuyasha the Movie 2: The Castle Beyond the Looking Glass', 33, 320, NULL, NULL, '', '', '', 0, 0),
(321, 'Twins Mission', 33, 321, NULL, NULL, '', '', '', 0, 0),
(322, 'Kaminey', 27, 322, NULL, NULL, '', '', '', 0, 0),
(323, 'Love in a Puff', 25, 323, NULL, NULL, '', '', '', 0, 0),
(324, 'Jeff Dunham: Arguing with Myself', 27, 324, NULL, NULL, '', '', '', 0, 0),
(325, 'Jeff Dunham\'s Very Special Christmas Special', 17, 325, NULL, NULL, '', '', '', 0, 0),
(326, 'Under the Bombs', 3, 326, NULL, NULL, '', '', '', 0, 0),
(327, 'Pomegranates and Myrrh', 22, 327, NULL, NULL, '', '', '', 0, 0),
(328, 'Tito', 30, 328, NULL, NULL, '', '', '', 0, 0),
(329, 'A Love Story', 1, 329, NULL, NULL, '', '', '', 0, 0),
(330, 'Naruto Shippuden the Movie', 3, 330, NULL, NULL, '', '', '', 0, 0),
(331, 'Naruto Shippuden the Movie: The Lost Tower', 1, 331, NULL, NULL, '', '', '', 0, 0),
(332, 'One Piece: The Desert Princess and the Pirates: Adventure in Alabasta', 31, 332, NULL, NULL, '', '', '', 0, 0),
(333, 'One Piece: Episode of Chopper Plus: Bloom in the Winter, Miracle Cherry Blossom', 12, 333, NULL, NULL, '', '', '', 0, 0),
(334, 'The Magic Roundabout', 23, 334, NULL, NULL, '', '', '', 0, 0),
(335, 'Sivaji: The Boss', 25, 335, NULL, NULL, '', '', '', 0, 0),
(336, 'Welcome', 23, 336, NULL, NULL, '', '', '', 0, 0),
(337, 'The Unjust', 10, 337, NULL, NULL, '', '', '', 0, 0),
(338, 'Eternal Summer', 2, 338, NULL, NULL, '', '', '', 0, 0),
(339, 'Vizontele', 18, 339, NULL, NULL, '', '', '', 0, 0),
(340, 'Chup Chup Ke', 22, 340, NULL, NULL, '', '', '', 0, 0),
(341, 'Awara Paagal Deewana', 9, 341, NULL, NULL, '', '', '', 0, 0),
(342, 'Udaan', 12, 342, NULL, NULL, '', '', '', 0, 0),
(343, 'Kannathil Muthamittal', 15, 343, NULL, NULL, '', '', '', 0, 0),
(344, 'Africa United', 4, 344, NULL, NULL, '', '', '', 0, 0),
(345, 'Delhi-6', 13, 345, NULL, NULL, '', '', '', 0, 0),
(346, 'Honeymoon Travels Pvt. Ltd.', 9, 346, NULL, NULL, '', '', '', 0, 0),
(347, 'Anbe Sivam', 30, 347, NULL, NULL, '', '', '', 0, 0),
(348, 'We Are Family', 32, 348, NULL, NULL, '', '', '', 0, 0),
(349, 'Divine Intervention', 27, 349, NULL, NULL, '', '', '', 0, 0),
(350, 'Chhota Bheem Aur Krishna', 26, 350, NULL, NULL, '', '', '', 0, 0),
(351, 'The Trailer Park Boys Xmas Special', 33, 351, NULL, NULL, '', '', '', 0, 0),
(352, 'Mukhsin', 29, 352, NULL, NULL, '', '', '', 0, 0),
(353, 'Taxi No. 9 2 11', 12, 353, NULL, NULL, '', '', '', 0, 0),
(354, 'Yuva', 2, 354, NULL, NULL, '', '', '', 0, 0),
(355, 'Ishq Vishk', 2, 355, NULL, NULL, '', '', '', 0, 0),
(356, 'Booha', 7, 356, NULL, NULL, '', '', '', 0, 0),
(357, 'Do Dooni Chaar', 11, 357, NULL, NULL, '', '', '', 0, 0),
(358, 'Anukokunda Oka Roju', 2, 358, NULL, NULL, '', '', '', 0, 0),
(359, 'George Lopez: Why You Crying?', 15, 359, NULL, NULL, '', '', '', 0, 0),
(360, 'Talentime', 24, 360, NULL, NULL, '', '', '', 0, 0),
(361, 'A Lion in the House', 16, 361, NULL, NULL, '', '', '', 0, 0),
(362, 'The Hostage', 7, 362, NULL, NULL, '', '', '', 0, 0),
(363, 'Taimour & Shafi\'aa', 18, 363, NULL, NULL, '', '', '', 0, 0),
(364, 'Ezra', 31, 364, NULL, NULL, '', '', '', 0, 0),
(365, 'Spookley the Square Pumpkin', 21, 365, NULL, NULL, '', '', '', 0, 0),
(366, 'Parugu', 2, 366, NULL, NULL, '', '', '', 0, 0),
(367, 'Katkout', 6, 367, NULL, NULL, '', '', '', 0, 0),
(368, 'Soldier In the Camp', 5, 368, NULL, NULL, '', '', '', 0, 0),
(369, 'The Ghost', 31, 369, NULL, NULL, '', '', '', 0, 0),
(370, 'Kuselan', 29, 370, NULL, NULL, '', '', '', 0, 0),
(371, 'Zozo', 11, 371, NULL, NULL, '', '', '', 0, 0),
(372, 'A Natural Born Fool', 28, 372, NULL, NULL, '', '', '', 0, 0),
(373, 'My Amnesia Girl', 5, 373, NULL, NULL, '', '', '', 0, 0),
(374, 'Private Alexandria', 27, 374, NULL, NULL, '', '', '', 0, 0),
(375, 'Transit Prisoner', 29, 375, NULL, NULL, '', '', '', 0, 0),
(376, 'Italia\'s War', 19, 376, NULL, NULL, '', '', '', 0, 0),
(377, 'Te quiero', 26, 377, NULL, NULL, '', '', '', 0, 0),
(378, 'The Great Fava Beans of China', 9, 378, NULL, NULL, '', '', '', 0, 0),
(379, 'Soul boy', 21, 379, NULL, NULL, '', '', '', 0, 0),
(380, 'About Love and Passion', 32, 380, NULL, NULL, '', '', '', 0, 0),
(381, 'A Very Special Love', 8, 381, NULL, NULL, '', '', '', 0, 0),
(382, 'Splatter', 31, 382, NULL, NULL, '', '', '', 0, 0),
(383, 'Frank & Cindy', 30, 383, NULL, NULL, '', '', '', 0, 0),
(384, 'Thomas & Friends: Thomas and the Jet Engine', 18, 384, NULL, NULL, '', '', '', 0, 0),
(385, 'The Island', 8, 385, NULL, NULL, '', '', '', 0, 0),
(386, 'Bosta', 28, 386, NULL, NULL, '', '', '', 0, 0),
(387, 'Bheem vs Aliens', 22, 387, NULL, NULL, '', '', '', 0, 0),
(388, 'Like Twenty Impossibles', 30, 388, NULL, NULL, '', '', '', 0, 0),
(389, 'To and from New York', 8, 389, NULL, NULL, '', '', '', 0, 0),
(390, 'Chhota Bheem & Krishna: Pataliputra- City of the Dead', 2, 390, NULL, NULL, '', '', '', 0, 0),
(391, 'Thieves in Thailand', 31, 391, NULL, NULL, '', '', '', 0, 0),
(392, 'Frontiers of Dreams and Fears', 32, 392, NULL, NULL, '', '', '', 0, 0),
(393, 'Encrypted Letter', 4, 393, NULL, NULL, '', '', '', 0, 0),
(394, 'Conning 101', 10, 394, NULL, NULL, '', '', '', 0, 0),
(395, 'Auntie Faransa', 31, 395, NULL, NULL, '', '', '', 0, 0),
(396, 'Pravarakyudu', 28, 396, NULL, NULL, '', '', '', 0, 0),
(397, 'Lion & Four Cats', 28, 397, NULL, NULL, '', '', '', 0, 0),
(398, 'The Hunger Games', 9, 398, NULL, NULL, '', '', '', 0, 0),
(399, 'Skyfall', 30, 399, NULL, NULL, '', '', '', 0, 0),
(400, '21 Jump Street', 9, 400, NULL, NULL, '', '', '', 0, 0),
(401, 'This Is 40', 11, 401, NULL, NULL, '', '', '', 0, 0),
(402, 'Les Misérables', 25, 402, NULL, NULL, '', '', '', 0, 0),
(403, 'The Hangover Part II', 29, 403, NULL, NULL, '', '', '', 0, 0),
(404, 'Rango', 23, 404, NULL, NULL, '', '', '', 0, 0),
(405, 'Semi Sweet', 30, 405, NULL, NULL, '', '', '', 0, 0),
(406, 'Savages', 11, 406, NULL, NULL, '', '', '', 0, 0),
(407, 'Man on a Ledge', 13, 407, NULL, NULL, '', '', '', 0, 0),
(408, 'Unknown', 30, 408, NULL, NULL, '', '', '', 0, 0),
(409, 'Eega', 4, 409, NULL, NULL, '', '', '', 0, 0),
(410, 'Transformers: Dark of the Moon', 8, 410, NULL, NULL, '', '', '', 0, 0),
(411, 'Silenced', 13, 411, NULL, NULL, '', '', '', 0, 0),
(412, 'Resident Evil: Retribution', 11, 412, NULL, NULL, '', '', '', 0, 0),
(413, 'The Lifeguard', 23, 413, NULL, NULL, '', '', '', 0, 0),
(414, '30 Minutes or Less', 14, 414, NULL, NULL, '', '', '', 0, 0),
(415, 'LOL', 4, 415, NULL, NULL, '', '', '', 0, 0),
(416, 'Last Flight to Abuja', 21, 416, NULL, NULL, '', '', '', 0, 0),
(417, 'Sebastian Maniscalco: What\'s Wrong with People?', 16, 417, NULL, NULL, '', '', '', 0, 0),
(418, 'Spy Kids: All the Time in the World', 19, 418, NULL, NULL, '', '', '', 0, 0),
(419, 'Players', 12, 419, NULL, NULL, '', '', '', 0, 0),
(420, 'Rurouni Kenshin Part I: Origins', 33, 420, NULL, NULL, '', '', '', 0, 0),
(421, 'Nairobi Half Life', 28, 421, NULL, NULL, '', '', '', 0, 0),
(422, 'Barfi!', 15, 422, NULL, NULL, '', '', '', 0, 0),
(423, 'Inventing David Geffen', 33, 423, NULL, NULL, '', '', '', 0, 0),
(424, 'Bbuddah Hoga Terra Baap', 25, 424, NULL, NULL, '', '', '', 0, 0),
(425, 'Zindagi Na Milegi Dobara', 2, 425, NULL, NULL, '', '', '', 0, 0),
(426, 'Rowdy Rathore', 22, 426, NULL, NULL, '', '', '', 0, 0),
(427, 'Big Time Movie', 22, 427, NULL, NULL, '', '', '', 0, 0),
(428, 'My Suicide', 16, 428, NULL, NULL, '', '', '', 0, 0),
(429, 'Even the Rain', 30, 429, NULL, NULL, '', '', '', 0, 0),
(430, 'Mumbai Diaries', 18, 430, NULL, NULL, '', '', '', 0, 0),
(431, 'Jim Gaffigan: Mr. Universe', 7, 431, NULL, NULL, '', '', '', 0, 0),
(432, 'Elena', 13, 432, NULL, NULL, '', '', '', 0, 0),
(433, 'The Great Magician', 31, 433, NULL, NULL, '', '', '', 0, 0),
(434, 'Kath & Kimderella', 19, 434, NULL, NULL, '', '', '', 0, 0),
(435, 'One Piece Film: Z', 20, 435, NULL, NULL, '', '', '', 0, 0),
(436, 'Aiyyaa', 5, 436, NULL, NULL, '', '', '', 0, 0),
(437, 'John Mulaney: New in Town', 33, 437, NULL, NULL, '', '', '', 0, 0),
(438, 'Jeff Dunham: Controlled Chaos', 23, 438, NULL, NULL, '', '', '', 0, 0),
(439, 'Question Mark', 6, 439, NULL, NULL, '', '', '', 0, 0),
(440, 'Jeff Dunham: Minding the Monsters', 13, 440, NULL, NULL, '', '', '', 0, 0),
(441, 'Naruto Shippuden the Movie: Blood Prison', 7, 441, NULL, NULL, '', '', '', 0, 0),
(442, 'Don 2', 1, 442, NULL, NULL, '', '', '', 0, 0),
(443, 'Paan Singh Tomar', 3, 443, NULL, NULL, '', '', '', 0, 0),
(444, 'Chillar Party', 3, 444, NULL, NULL, '', '', '', 0, 0),
(445, 'Phone Swap', 2, 445, NULL, NULL, '', '', '', 0, 0),
(446, 'Undefeated', 19, 446, NULL, NULL, '', '', '', 0, 0),
(447, '7 Khoon Maaf', 19, 447, NULL, NULL, '', '', '', 0, 0),
(448, 'Talaash', 13, 448, NULL, NULL, '', '', '', 0, 0),
(449, 'Pyaar Ka Punchnama', 16, 449, NULL, NULL, '', '', '', 0, 0),
(450, 'Don\'t Go Breaking My Heart', 29, 450, NULL, NULL, '', '', '', 0, 0),
(451, 'A Beautiful Life', 16, 451, NULL, NULL, '', '', '', 0, 0),
(452, 'Shaitan', 12, 452, NULL, NULL, '', '', '', 0, 0),
(453, 'Game', 16, 453, NULL, NULL, '', '', '', 0, 0),
(454, 'Blood Money', 5, 454, NULL, NULL, '', '', '', 0, 0),
(455, 'Delhi Belly', 29, 455, NULL, NULL, '', '', '', 0, 0),
(456, 'Ek Main Aur Ekk Tu', 27, 456, NULL, NULL, '', '', '', 0, 0),
(457, 'Ferrari Ki Sawaari', 27, 457, NULL, NULL, '', '', '', 0, 0),
(458, 'Bwakaw', 29, 458, NULL, NULL, '', '', '', 0, 0),
(459, 'OMG: Oh My God!', 4, 459, NULL, NULL, '', '', '', 0, 0),
(460, 'No One Killed Jessica', 25, 460, NULL, NULL, '', '', '', 0, 0),
(461, 'No Other Woman', 14, 461, NULL, NULL, '', '', '', 0, 0),
(462, 'Tiger & Bunny: The Beginning', 8, 462, NULL, NULL, '', '', '', 0, 0),
(463, 'All\'s Well, Ends Well', 30, 463, NULL, NULL, '', '', '', 0, 0),
(464, 'What About Dick?', 31, 464, NULL, NULL, '', '', '', 0, 0),
(465, 'The Mistress', 30, 465, NULL, NULL, '', '', '', 0, 0),
(466, 'The Cousins', 26, 466, NULL, NULL, '', '', '', 0, 0),
(467, 'The Deal', 17, 467, NULL, NULL, '', '', '', 0, 0),
(468, 'Sisterakas', 19, 468, NULL, NULL, '', '', '', 0, 0),
(469, 'Asmaa', 5, 469, NULL, NULL, '', '', '', 0, 0),
(470, 'Tom Papa: Live in New York City', 28, 470, NULL, NULL, '', '', '', 0, 0),
(471, 'Darling, Something\'s Wrong with Your Head', 12, 471, NULL, NULL, '', '', '', 0, 0),
(472, 'Chhota Bheem & Krishna in Mayanagari', 13, 472, NULL, NULL, '', '', '', 0, 0),
(473, 'Toll Booth', 10, 473, NULL, NULL, '', '', '', 0, 0),
(474, 'Department', 28, 474, NULL, NULL, '', '', '', 0, 0),
(475, 'Sri Rama Rajyam', 11, 475, NULL, NULL, '', '', '', 0, 0),
(476, 'Material', 19, 476, NULL, NULL, '', '', '', 0, 0),
(477, 'Taxi Ballad', 28, 477, NULL, NULL, '', '', '', 0, 0),
(478, 'Chhota Bheem: Journey to Petra', 18, 478, NULL, NULL, '', '', '', 0, 0),
(479, 'Chaos, Disorder', 4, 479, NULL, NULL, '', '', '', 0, 0),
(480, 'Stray Bullet', 19, 480, NULL, NULL, '', '', '', 0, 0),
(481, 'Shirdi Sai', 2, 481, NULL, NULL, '', '', '', 0, 0),
(482, 'Tango with Me', 15, 482, NULL, NULL, '', '', '', 0, 0),
(483, 'Coming Forth by Day', 30, 483, NULL, NULL, '', '', '', 0, 0),
(484, 'Sleepless Nights', 25, 484, NULL, NULL, '', '', '', 0, 0),
(485, 'Journey To Grace: The Hansie Cronje Story', 11, 485, NULL, NULL, '', '', '', 0, 0),
(486, 'Dongala Mutha', 15, 486, NULL, NULL, '', '', '', 0, 0),
(487, 'Prisoners', 22, 487, NULL, NULL, '', '', '', 0, 0),
(488, 'World War Z', 15, 488, NULL, NULL, '', '', '', 0, 0),
(489, 'This Is Where I Leave You', 14, 489, NULL, NULL, '', '', '', 0, 0),
(490, 'Oblivion', 25, 490, NULL, NULL, '', '', '', 0, 0),
(491, 'The Imitation Game', 6, 491, NULL, NULL, '', '', '', 0, 0),
(492, 'The Hunger Games: Catching Fire', 23, 492, NULL, NULL, '', '', '', 0, 0),
(493, 'The Hunger Games: Mockingjay - Part 1', 33, 493, NULL, NULL, '', '', '', 0, 0),
(494, '2 Guns', 31, 494, NULL, NULL, '', '', '', 0, 0),
(495, 'Begin Again', 21, 495, NULL, NULL, '', '', '', 0, 0),
(496, 'R.I.P.D.', 13, 496, NULL, NULL, '', '', '', 0, 0),
(497, 'Paddington', 19, 497, NULL, NULL, '', '', '', 0, 0),
(498, 'Rush', 7, 498, NULL, NULL, '', '', '', 0, 0),
(499, 'Side Effects', 28, 499, NULL, NULL, '', '', '', 0, 0),
(500, 'The Raid 2', 13, 500, NULL, NULL, '', '', '', 0, 0),
(501, NULL, 2, 501, 'US', NULL, '', '', '', 0, 0),
(502, NULL, 5, 502, 'US', NULL, '', '', '', 0, 0),
(543, NULL, NULL, NULL, 'US', NULL, '', '', '', 0, 0),
(544, NULL, NULL, NULL, 'US', NULL, '', '', '', 0, 0),
(545, NULL, NULL, NULL, 'GB', NULL, '', '', '', 0, 0),
(546, NULL, NULL, NULL, 'US', NULL, '', '', '', 0, 0),
(547, NULL, NULL, NULL, 'GB', NULL, '', '', '', 0, 0),
(548, NULL, NULL, NULL, 'US', NULL, '', '', '', 0, 0),
(549, NULL, NULL, NULL, 'US', NULL, '', '', '', 0, 0),
(550, NULL, NULL, NULL, 'US', NULL, '', '', '', 0, 0),
(551, NULL, NULL, NULL, 'EG', NULL, '', '', '', 0, 0),
(552, NULL, NULL, NULL, 'US', NULL, '', '', '', 0, 0),
(553, NULL, NULL, NULL, 'IN', NULL, '', '', '', 0, 0),
(554, NULL, NULL, NULL, 'IN', NULL, '', '', '', 0, 0),
(555, NULL, NULL, NULL, 'US', NULL, '', '', '', 0, 0),
(556, NULL, NULL, NULL, 'DE', NULL, '', '', '', 0, 0),
(557, NULL, NULL, NULL, 'IN', NULL, '', '', '', 0, 0),
(558, NULL, NULL, NULL, 'IN', NULL, '', '', '', 0, 0),
(559, NULL, NULL, NULL, 'IN', NULL, '', '', '', 0, 0),
(560, NULL, NULL, NULL, 'IN', NULL, '', '', '', 0, 0),
(561, NULL, NULL, NULL, 'IN', NULL, '', '', '', 0, 0),
(562, NULL, NULL, NULL, 'EG', NULL, '', '', '', 0, 0),
(563, NULL, NULL, NULL, 'US', NULL, '', '', '', 0, 0),
(564, NULL, NULL, NULL, 'EG', NULL, '', '', '', 0, 0),
(565, NULL, NULL, NULL, 'EG', NULL, '', '', '', 0, 0),
(566, NULL, NULL, NULL, 'EG', NULL, '', '', '', 0, 0),
(567, NULL, NULL, NULL, 'EG', NULL, '', '', '', 0, 0),
(568, NULL, NULL, NULL, 'IN', NULL, '', '', '', 0, 0),
(569, NULL, NULL, NULL, 'EG', NULL, '', '', '', 0, 0),
(570, NULL, NULL, NULL, 'IN', NULL, '', '', '', 0, 0),
(571, NULL, NULL, NULL, 'CA', NULL, '', '', '', 0, 0),
(572, NULL, NULL, NULL, 'IN', NULL, '', '', '', 0, 0),
(573, NULL, NULL, NULL, 'US', NULL, '', '', '', 0, 0),
(574, NULL, NULL, NULL, 'US', NULL, '', '', '', 0, 0),
(575, NULL, NULL, NULL, 'US', NULL, '', '', '', 0, 0),
(576, NULL, NULL, NULL, 'US', NULL, '', '', '', 0, 0),
(577, NULL, NULL, NULL, 'US', NULL, '', '', '', 0, 0),
(578, NULL, NULL, NULL, 'US', NULL, '', '', '', 0, 0),
(579, NULL, NULL, NULL, 'US', NULL, '', '', '', 0, 0),
(580, NULL, NULL, NULL, 'US', NULL, '', '', '', 0, 0),
(581, NULL, NULL, NULL, 'US', NULL, '', '', '', 0, 0),
(582, NULL, NULL, NULL, 'US', NULL, '', '', '', 0, 0),
(583, NULL, NULL, NULL, 'US', NULL, '', '', '', 0, 0),
(584, NULL, NULL, NULL, 'US', NULL, '', '', '', 0, 0),
(585, NULL, NULL, NULL, 'US', NULL, '', '', '', 0, 0),
(586, NULL, NULL, NULL, 'US', NULL, '', '', '', 0, 0),
(587, NULL, NULL, NULL, 'US', NULL, '', '', '', 0, 0),
(588, NULL, NULL, NULL, 'GB', NULL, '', '', '', 0, 0),
(589, NULL, NULL, NULL, 'LB', NULL, '', '', '', 0, 0),
(590, NULL, NULL, NULL, 'JP', NULL, '', '', '', 0, 0),
(591, NULL, NULL, NULL, 'GB', NULL, '', '', '', 0, 0),
(592, NULL, NULL, NULL, 'US', NULL, '', '', '', 0, 0),
(593, NULL, NULL, NULL, 'JP', NULL, '', '', '', 0, 0),
(594, NULL, NULL, NULL, 'JP', NULL, '', '', '', 0, 0),
(595, NULL, NULL, NULL, 'IN', NULL, '', '', '', 0, 0),
(596, NULL, NULL, NULL, 'AR', NULL, '', '', '', 0, 0),
(597, NULL, NULL, NULL, 'US', NULL, '', '', '', 0, 0),
(598, NULL, NULL, NULL, 'US', NULL, '', '', '', 0, 0),
(599, NULL, NULL, NULL, 'IN', NULL, '', '', '', 0, 0),
(600, NULL, NULL, NULL, 'IN', NULL, '', '', '', 0, 0),
(601, NULL, NULL, NULL, 'IN', NULL, '', '', '', 0, 0),
(602, NULL, NULL, NULL, 'IN', NULL, '', '', '', 0, 0),
(603, NULL, NULL, NULL, 'IN', NULL, '', '', '', 0, 0),
(604, NULL, NULL, NULL, 'IN', NULL, '', '', '', 0, 0),
(605, NULL, NULL, NULL, 'IN', NULL, '', '', '', 0, 0),
(606, NULL, NULL, NULL, 'IN', NULL, '', '', '', 0, 0),
(607, NULL, NULL, NULL, 'IN', NULL, '', '', '', 0, 0),
(608, NULL, NULL, NULL, 'US', NULL, '', '', '', 0, 0),
(609, NULL, NULL, NULL, 'IN', NULL, '', '', '', 0, 0),
(610, NULL, NULL, NULL, 'EG', NULL, '', '', '', 0, 0),
(611, NULL, NULL, NULL, 'US', NULL, '', '', '', 0, 0),
(612, NULL, NULL, NULL, 'US', NULL, '', '', '', 0, 0),
(613, NULL, NULL, NULL, 'IN', NULL, '', '', '', 0, 0),
(614, NULL, NULL, NULL, 'US', NULL, '', '', '', 0, 0),
(615, NULL, NULL, NULL, 'EG', NULL, '', '', '', 0, 0),
(616, NULL, NULL, NULL, 'US', NULL, '', '', '', 0, 0),
(617, NULL, NULL, NULL, 'US', NULL, '', '', '', 0, 0),
(618, NULL, NULL, NULL, 'US', NULL, '', '', '', 0, 0),
(619, NULL, NULL, NULL, 'US', NULL, '', '', '', 0, 0),
(620, NULL, NULL, NULL, 'US', NULL, '', '', '', 0, 0),
(621, NULL, NULL, NULL, 'US', NULL, '', '', '', 0, 0),
(622, NULL, NULL, NULL, 'US', NULL, '', '', '', 0, 0),
(623, NULL, NULL, NULL, 'JP', NULL, '', '', '', 0, 0),
(624, NULL, NULL, NULL, 'US', NULL, '', '', '', 0, 0),
(625, NULL, NULL, NULL, 'US', NULL, '', '', '', 0, 0),
(626, NULL, NULL, NULL, 'GB', NULL, '', '', '', 0, 0),
(627, NULL, NULL, NULL, 'US', NULL, '', '', '', 0, 0),
(628, NULL, NULL, NULL, 'US', NULL, '', '', '', 0, 0),
(629, NULL, NULL, NULL, 'US', NULL, '', '', '', 0, 0),
(630, NULL, NULL, NULL, 'JP', NULL, '', '', '', 0, 0),
(631, NULL, NULL, NULL, 'US', NULL, '', '', '', 0, 0),
(632, NULL, NULL, NULL, NULL, NULL, '', '', '', 0, 0),
(633, NULL, NULL, NULL, 'US', NULL, '', '', '', 0, 0),
(634, NULL, NULL, NULL, 'US', NULL, '', '', '', 0, 0),
(635, NULL, NULL, NULL, 'IE', NULL, '', '', '', 0, 0),
(636, NULL, NULL, NULL, 'US', NULL, '', '', '', 0, 0),
(637, NULL, NULL, NULL, 'US', NULL, '', '', '', 0, 0),
(638, NULL, NULL, NULL, 'JP', NULL, '', '', '', 0, 0),
(639, NULL, NULL, NULL, 'US', NULL, '', '', '', 0, 0),
(640, NULL, NULL, NULL, 'ET', NULL, '', '', '', 0, 0),
(641, NULL, NULL, NULL, 'HK', NULL, '', '', '', 0, 0),
(642, NULL, NULL, NULL, 'GB', NULL, '', '', '', 0, 0),
(643, NULL, NULL, NULL, 'IN', NULL, '', '', '', 0, 0),
(644, NULL, NULL, NULL, 'IN', NULL, '', '', '', 0, 0),
(645, NULL, NULL, NULL, 'MX', NULL, '', '', '', 0, 0),
(646, NULL, NULL, NULL, 'CN', NULL, '', '', '', 0, 0),
(647, NULL, NULL, NULL, 'DE', NULL, '', '', '', 0, 0),
(648, NULL, NULL, NULL, 'IN', NULL, '', '', '', 0, 0),
(649, NULL, NULL, NULL, 'IN', NULL, '', '', '', 0, 0),
(650, NULL, NULL, NULL, 'IN', NULL, '', '', '', 0, 0),
(651, NULL, NULL, NULL, 'IN', NULL, '', '', '', 0, 0),
(652, NULL, NULL, NULL, 'US', NULL, '', '', '', 0, 0),
(653, NULL, NULL, NULL, 'IN', NULL, '', '', '', 0, 0),
(654, NULL, NULL, NULL, 'ES', NULL, '', '', '', 0, 0),
(655, NULL, NULL, NULL, 'IN', NULL, '', '', '', 0, 0),
(656, NULL, NULL, NULL, 'IN', NULL, '', '', '', 0, 0),
(657, NULL, NULL, NULL, 'EG', NULL, '', '', '', 0, 0),
(658, NULL, NULL, NULL, 'IN', NULL, '', '', '', 0, 0),
(659, NULL, NULL, NULL, 'IN', NULL, '', '', '', 0, 0),
(660, NULL, NULL, NULL, 'DE', NULL, '', '', '', 0, 0),
(661, NULL, NULL, NULL, 'IN', NULL, '', '', '', 0, 0),
(662, NULL, NULL, NULL, 'IN', NULL, '', '', '', 0, 0),
(663, NULL, NULL, NULL, 'IN', NULL, '', '', '', 0, 0),
(664, NULL, NULL, NULL, 'IN', NULL, '', '', '', 0, 0),
(665, NULL, NULL, NULL, 'IN', NULL, '', '', '', 0, 0),
(666, NULL, NULL, NULL, 'IN', NULL, '', '', '', 0, 0),
(667, NULL, NULL, NULL, 'IN', NULL, '', '', '', 0, 0),
(668, NULL, NULL, NULL, 'EG', NULL, '', '', '', 0, 0),
(669, NULL, NULL, NULL, 'IN', NULL, '', '', '', 0, 0),
(670, NULL, NULL, NULL, 'IN', NULL, '', '', '', 0, 0),
(671, NULL, NULL, NULL, 'US', NULL, '', '', '', 0, 0),
(672, NULL, NULL, NULL, 'IN', NULL, '', '', '', 0, 0),
(673, NULL, NULL, NULL, 'GB', NULL, '', '', '', 0, 0),
(674, NULL, NULL, NULL, 'IN', NULL, '', '', '', 0, 0),
(675, NULL, NULL, NULL, 'LB', NULL, '', '', '', 0, 0),
(676, NULL, NULL, NULL, 'IN', NULL, '', '', '', 0, 0),
(677, NULL, NULL, NULL, 'SU', NULL, '', '', '', 0, 0),
(678, NULL, NULL, NULL, 'IT', NULL, '', '', '', 0, 0),
(679, NULL, NULL, NULL, 'TR', NULL, '', '', '', 0, 0),
(680, NULL, NULL, NULL, 'IN', NULL, '', '', '', 0, 0),
(681, NULL, NULL, NULL, 'IN', NULL, '', '', '', 0, 0),
(682, NULL, NULL, NULL, 'IN', NULL, '', '', '', 0, 0),
(683, NULL, NULL, NULL, 'LB', NULL, '', '', '', 0, 0),
(684, NULL, NULL, NULL, 'US', NULL, '', '', '', 0, 0),
(685, NULL, NULL, NULL, 'EG', NULL, '', '', '', 0, 0),
(686, NULL, NULL, NULL, 'US', NULL, '', '', '', 0, 0),
(687, NULL, NULL, NULL, 'IN', NULL, '', '', '', 0, 0),
(688, NULL, NULL, NULL, 'FR', NULL, '', '', '', 0, 0),
(689, NULL, NULL, NULL, 'IN', NULL, '', '', '', 0, 0),
(690, NULL, NULL, NULL, 'US', NULL, '', '', '', 0, 0),
(691, NULL, NULL, NULL, 'US', NULL, '', '', '', 0, 0),
(692, NULL, NULL, NULL, 'NZ', NULL, '', '', '', 0, 0),
(693, NULL, NULL, NULL, 'US', NULL, '', '', '', 0, 0),
(694, NULL, NULL, NULL, 'GB', NULL, '', '', '', 0, 0),
(695, NULL, NULL, NULL, 'GB', NULL, '', '', '', 0, 0),
(696, NULL, NULL, NULL, 'US', NULL, '', '', '', 0, 0),
(697, NULL, NULL, NULL, 'NZ', NULL, '', '', '', 0, 0),
(698, NULL, NULL, NULL, 'NZ', NULL, '', '', '', 0, 0),
(699, NULL, NULL, NULL, 'CA', NULL, '', '', '', 0, 0),
(700, NULL, NULL, NULL, 'US', NULL, '', '', '', 0, 0),
(701, NULL, NULL, NULL, 'US', NULL, '', '', '', 0, 0),
(702, NULL, NULL, NULL, 'US', NULL, '', '', '', 0, 0),
(703, NULL, NULL, NULL, 'US', NULL, '', '', '', 0, 0),
(704, NULL, NULL, NULL, 'GB', NULL, '', '', '', 0, 0),
(705, NULL, NULL, NULL, 'US', NULL, '', '', '', 0, 0),
(706, NULL, NULL, NULL, 'US', NULL, '', '', '', 0, 0),
(707, NULL, NULL, NULL, 'US', NULL, '', '', '', 0, 0),
(708, NULL, NULL, NULL, 'US', NULL, '', '', '', 0, 0),
(709, NULL, NULL, NULL, 'CN', NULL, '', '', '', 0, 0),
(710, NULL, NULL, NULL, 'US', NULL, '', '', '', 0, 0),
(711, NULL, NULL, NULL, 'US', NULL, '', '', '', 0, 0),
(712, NULL, NULL, NULL, 'DE', NULL, '', '', '', 0, 0),
(713, NULL, NULL, NULL, 'US', NULL, '', '', '', 0, 0),
(714, NULL, NULL, NULL, 'US', NULL, '', '', '', 0, 0),
(715, NULL, NULL, NULL, 'US', NULL, '', '', '', 0, 0),
(716, NULL, NULL, NULL, 'US', NULL, '', '', '', 0, 0),
(717, NULL, NULL, NULL, 'FR', NULL, '', '', '', 0, 0),
(718, NULL, NULL, NULL, 'US', NULL, '', '', '', 0, 0),
(719, NULL, NULL, NULL, 'GB', NULL, '', '', '', 0, 0),
(720, NULL, NULL, NULL, 'US', NULL, '', '', '', 0, 0),
(721, NULL, NULL, NULL, 'US', NULL, '', '', '', 0, 0),
(722, NULL, NULL, NULL, 'DE', NULL, '', '', '', 0, 0),
(723, NULL, NULL, NULL, 'US', NULL, '', '', '', 0, 0),
(724, NULL, NULL, NULL, 'US', NULL, '', '', '', 0, 0),
(725, NULL, NULL, NULL, 'US', NULL, '', '', '', 0, 0),
(726, NULL, NULL, NULL, 'US', NULL, '', '', '', 0, 0),
(727, NULL, NULL, NULL, 'IE', NULL, '', '', '', 0, 0),
(728, NULL, NULL, NULL, 'US', NULL, '', '', '', 0, 0),
(729, NULL, NULL, NULL, 'US', NULL, '', '', '', 0, 0),
(730, NULL, NULL, NULL, 'US', NULL, '', '', '', 0, 0),
(731, NULL, NULL, NULL, 'IN', NULL, '', '', '', 0, 0),
(732, NULL, NULL, NULL, 'US', NULL, '', '', '', 0, 0),
(733, NULL, NULL, NULL, 'GB', NULL, '', '', '', 0, 0),
(734, NULL, NULL, NULL, 'US', NULL, '', '', '', 0, 0),
(735, NULL, NULL, NULL, 'US', NULL, '', '', '', 0, 0),
(736, NULL, NULL, NULL, 'MX', NULL, '', '', '', 0, 0),
(737, NULL, NULL, NULL, 'MX', NULL, '', '', '', 0, 0),
(738, NULL, NULL, NULL, 'US', NULL, '', '', '', 0, 0),
(739, NULL, NULL, NULL, 'IN', NULL, '', '', '', 0, 0),
(740, NULL, NULL, NULL, 'IN', NULL, '', '', '', 0, 0),
(741, NULL, NULL, NULL, 'GB', NULL, '', '', '', 0, 0),
(742, NULL, NULL, NULL, 'US', NULL, '', '', '', 0, 0),
(743, NULL, NULL, NULL, 'GB', NULL, '', '', '', 0, 0),
(744, NULL, NULL, NULL, 'IN', NULL, '', '', '', 0, 0),
(745, NULL, NULL, NULL, 'CA', NULL, '', '', '', 0, 0),
(746, NULL, NULL, NULL, 'US', NULL, '', '', '', 0, 0),
(747, NULL, NULL, NULL, 'IN', NULL, '', '', '', 0, 0),
(748, NULL, NULL, NULL, 'US', NULL, '', '', '', 0, 0),
(749, NULL, NULL, NULL, 'US', NULL, '', '', '', 0, 0),
(750, NULL, NULL, NULL, 'ES', NULL, '', '', '', 0, 0),
(751, NULL, NULL, NULL, 'US', NULL, '', '', '', 0, 0),
(752, NULL, NULL, NULL, 'IN', NULL, '', '', '', 0, 0),
(753, NULL, NULL, NULL, 'IN', NULL, '', '', '', 0, 0),
(754, NULL, NULL, NULL, 'US', NULL, '', '', '', 0, 0),
(755, NULL, NULL, NULL, 'US', NULL, '', '', '', 0, 0),
(756, NULL, NULL, NULL, 'US', NULL, '', '', '', 0, 0),
(757, NULL, NULL, NULL, 'US', NULL, '', '', '', 0, 0),
(758, NULL, NULL, NULL, 'US', NULL, '', '', '', 0, 0),
(759, NULL, NULL, NULL, 'US', NULL, '', '', '', 0, 0),
(760, NULL, NULL, NULL, 'JP', NULL, '', '', '', 0, 0),
(761, NULL, NULL, NULL, 'US', NULL, '', '', '', 0, 0),
(762, NULL, NULL, NULL, 'MX', NULL, '', '', '', 0, 0),
(763, NULL, NULL, NULL, 'IN', NULL, '', '', '', 0, 0),
(764, NULL, NULL, NULL, 'HK', NULL, '', '', '', 0, 0),
(765, NULL, NULL, NULL, 'US', NULL, '', '', '', 0, 0),
(766, NULL, NULL, NULL, 'US', NULL, '', '', '', 0, 0),
(767, NULL, NULL, NULL, 'IN', NULL, '', '', '', 0, 0),
(768, NULL, NULL, NULL, 'CA', NULL, '', '', '', 0, 0),
(769, NULL, NULL, NULL, 'IN', NULL, '', '', '', 0, 0),
(770, NULL, NULL, NULL, 'US', NULL, '', '', '', 0, 0),
(771, NULL, NULL, NULL, 'US', NULL, '', '', '', 0, 0),
(772, NULL, NULL, NULL, 'IN', NULL, '', '', '', 0, 0),
(773, NULL, NULL, NULL, 'IN', NULL, '', '', '', 0, 0),
(774, NULL, NULL, NULL, 'IN', NULL, '', '', '', 0, 0),
(775, NULL, NULL, NULL, 'IN', NULL, '', '', '', 0, 0),
(776, NULL, NULL, NULL, 'JP', NULL, '', '', '', 0, 0),
(777, NULL, NULL, NULL, 'NG', NULL, '', '', '', 0, 0),
(778, NULL, NULL, NULL, 'IN', NULL, '', '', '', 0, 0),
(779, NULL, NULL, NULL, 'IN', NULL, '', '', '', 0, 0),
(780, NULL, NULL, NULL, 'JP', NULL, '', '', '', 0, 0),
(781, NULL, NULL, NULL, 'AR', NULL, '', '', '', 0, 0),
(782, NULL, NULL, NULL, 'LB', NULL, '', '', '', 0, 0),
(783, NULL, NULL, NULL, 'IN', NULL, '', '', '', 0, 0),
(784, NULL, NULL, NULL, 'EG', NULL, '', '', '', 0, 0),
(785, NULL, NULL, NULL, 'US', NULL, '', '', '', 0, 0),
(786, NULL, NULL, NULL, 'IN', NULL, '', '', '', 0, 0),
(787, NULL, NULL, NULL, 'IN', NULL, '', '', '', 0, 0),
(788, NULL, NULL, NULL, 'US', NULL, '', '', '', 0, 0),
(789, NULL, NULL, NULL, 'IN', NULL, '', '', '', 0, 0),
(790, NULL, NULL, NULL, 'IN', NULL, '', '', '', 0, 0),
(791, NULL, NULL, NULL, 'US', NULL, '', '', '', 0, 0),
(792, NULL, NULL, NULL, 'IN', NULL, '', '', '', 0, 0),
(793, NULL, NULL, NULL, NULL, NULL, '', '', '', 0, 0),
(794, NULL, NULL, NULL, 'US', NULL, '', '', '', 0, 0),
(795, NULL, NULL, NULL, 'CA', NULL, '', '', '', 0, 0),
(796, NULL, NULL, NULL, 'IN', NULL, '', '', '', 0, 0),
(797, NULL, NULL, NULL, 'US', NULL, '', '', '', 0, 0),
(798, NULL, NULL, NULL, 'US', NULL, '', '', '', 0, 0),
(799, NULL, NULL, NULL, 'HK', NULL, '', '', '', 0, 0),
(800, NULL, NULL, NULL, 'IN', NULL, '', '', '', 0, 0),
(801, NULL, NULL, NULL, 'US', NULL, '', '', '', 0, 0),
(802, NULL, NULL, NULL, 'US', NULL, '', '', '', 0, 0),
(803, NULL, NULL, NULL, 'DE', NULL, '', '', '', 0, 0),
(804, NULL, NULL, NULL, 'IN', NULL, '', '', '', 0, 0),
(805, NULL, NULL, NULL, 'PS', NULL, '', '', '', 0, 0),
(806, NULL, NULL, NULL, 'IN', NULL, '', '', '', 0, 0),
(807, NULL, NULL, NULL, 'GB', NULL, '', '', '', 0, 0),
(808, NULL, NULL, NULL, 'GB', NULL, '', '', '', 0, 0),
(809, NULL, NULL, NULL, 'IN', NULL, '', '', '', 0, 0),
(810, NULL, NULL, NULL, 'US', NULL, '', '', '', 0, 0),
(811, NULL, NULL, NULL, 'AU', NULL, '', '', '', 0, 0),
(812, NULL, NULL, NULL, 'TR', NULL, '', '', '', 0, 0),
(813, NULL, NULL, NULL, 'US', NULL, '', '', '', 0, 0),
(814, NULL, NULL, NULL, 'IN', NULL, '', '', '', 0, 0),
(815, NULL, NULL, NULL, 'IN', NULL, '', '', '', 0, 0),
(816, NULL, NULL, NULL, 'JP', NULL, '', '', '', 0, 0),
(817, NULL, NULL, NULL, 'IN', NULL, '', '', '', 0, 0),
(818, NULL, NULL, NULL, 'US', NULL, '', '', '', 0, 0),
(819, NULL, NULL, NULL, 'IN', NULL, '', '', '', 0, 0),
(820, NULL, NULL, NULL, 'US', NULL, '', '', '', 0, 0),
(821, NULL, NULL, NULL, 'IN', NULL, '', '', '', 0, 0),
(822, NULL, NULL, NULL, 'US', NULL, '', '', '', 0, 0),
(823, NULL, NULL, NULL, 'CN', NULL, '', '', '', 0, 0),
(824, NULL, NULL, NULL, 'JP', NULL, '', '', '', 0, 0),
(825, NULL, NULL, NULL, 'MX', NULL, '', '', '', 0, 0),
(826, NULL, NULL, NULL, 'IN', NULL, '', '', '', 0, 0),
(827, NULL, NULL, NULL, 'IN', NULL, '', '', '', 0, 0),
(828, NULL, NULL, NULL, 'CN', NULL, '', '', '', 0, 0),
(829, NULL, NULL, NULL, 'IN', NULL, '', '', '', 0, 0),
(830, NULL, NULL, NULL, 'IN', NULL, '', '', '', 0, 0),
(831, NULL, NULL, NULL, 'IN', NULL, '', '', '', 0, 0),
(832, NULL, NULL, NULL, 'IN', NULL, '', '', '', 0, 0),
(833, NULL, NULL, NULL, 'JP', NULL, '', '', '', 0, 0),
(834, NULL, NULL, NULL, 'JP', NULL, '', '', '', 0, 0),
(835, NULL, NULL, NULL, 'US', NULL, '', '', '', 0, 0),
(836, NULL, NULL, NULL, 'HK', NULL, '', '', '', 0, 0),
(837, NULL, NULL, NULL, 'IN', NULL, '', '', '', 0, 0),
(838, NULL, NULL, NULL, 'CA', NULL, '', '', '', 0, 0),
(839, NULL, NULL, NULL, 'HK', NULL, '', '', '', 0, 0),
(840, NULL, NULL, NULL, 'TR', NULL, '', '', '', 0, 0),
(841, NULL, NULL, NULL, 'JP', NULL, '', '', '', 0, 0),
(842, NULL, NULL, NULL, 'IN', NULL, '', '', '', 0, 0),
(843, NULL, NULL, NULL, 'IN', NULL, '', '', '', 0, 0),
(844, NULL, NULL, NULL, 'US', NULL, '', '', '', 0, 0),
(845, NULL, NULL, NULL, 'US', NULL, '', '', '', 0, 0),
(846, NULL, NULL, NULL, 'LB', NULL, '', '', '', 0, 0),
(847, NULL, NULL, NULL, 'JP', NULL, '', '', '', 0, 0),
(848, NULL, NULL, NULL, 'JP', NULL, '', '', '', 0, 0),
(849, NULL, NULL, NULL, 'KR', NULL, '', '', '', 0, 0),
(850, NULL, NULL, NULL, 'US', NULL, '', '', '', 0, 0),
(851, NULL, NULL, NULL, 'CN', NULL, '', '', '', 0, 0),
(852, NULL, NULL, NULL, 'IN', NULL, '', '', '', 0, 0),
(853, NULL, NULL, NULL, 'IN', NULL, '', '', '', 0, 0),
(854, NULL, NULL, NULL, 'IN', NULL, '', '', '', 0, 0),
(855, NULL, NULL, NULL, 'IN', NULL, '', '', '', 0, 0),
(856, NULL, NULL, NULL, 'FR', NULL, '', '', '', 0, 0),
(857, NULL, NULL, NULL, 'MY', NULL, '', '', '', 0, 0),
(858, NULL, NULL, NULL, 'JP', NULL, '', '', '', 0, 0),
(859, NULL, NULL, NULL, 'JP', NULL, '', '', '', 0, 0),
(860, NULL, NULL, NULL, 'HK', NULL, '', '', '', 0, 0),
(861, NULL, NULL, NULL, 'IN', NULL, '', '', '', 0, 0),
(862, NULL, NULL, NULL, 'HK', NULL, '', '', '', 0, 0),
(863, NULL, NULL, NULL, 'US', NULL, '', '', '', 0, 0),
(864, NULL, NULL, NULL, 'US', NULL, '', '', '', 0, 0),
(865, NULL, NULL, NULL, 'FR', NULL, '', '', '', 0, 0),
(866, NULL, NULL, NULL, 'DE', NULL, '', '', '', 0, 0),
(867, NULL, NULL, NULL, 'EG', NULL, '', '', '', 0, 0),
(868, NULL, NULL, NULL, 'PH', NULL, '', '', '', 0, 0),
(869, NULL, NULL, NULL, 'JP', NULL, '', '', '', 0, 0),
(870, NULL, NULL, NULL, 'JP', NULL, '', '', '', 0, 0),
(871, NULL, NULL, NULL, 'JP', NULL, '', '', '', 0, 0),
(872, NULL, NULL, NULL, 'JP', NULL, '', '', '', 0, 0),
(873, NULL, NULL, NULL, 'FR', NULL, '', '', '', 0, 0),
(874, NULL, NULL, NULL, 'IN', NULL, '', '', '', 0, 0),
(875, NULL, NULL, NULL, 'IN', NULL, '', '', '', 0, 0),
(876, NULL, NULL, NULL, 'KR', NULL, '', '', '', 0, 0),
(877, NULL, NULL, NULL, 'TW', NULL, '', '', '', 0, 0),
(878, NULL, NULL, NULL, 'TR', NULL, '', '', '', 0, 0),
(879, NULL, NULL, NULL, 'IN', NULL, '', '', '', 0, 0),
(880, NULL, NULL, NULL, 'IN', NULL, '', '', '', 0, 0),
(881, NULL, NULL, NULL, 'IN', NULL, '', '', '', 0, 0),
(882, NULL, NULL, NULL, 'IN', NULL, '', '', '', 0, 0),
(883, NULL, NULL, NULL, 'ZA', NULL, '', '', '', 0, 0),
(884, NULL, NULL, NULL, 'IN', NULL, '', '', '', 0, 0),
(885, NULL, NULL, NULL, 'IN', NULL, '', '', '', 0, 0),
(886, NULL, NULL, NULL, 'IN', NULL, '', '', '', 0, 0),
(887, NULL, NULL, NULL, 'IN', NULL, '', '', '', 0, 0),
(888, NULL, NULL, NULL, 'MA', NULL, '', '', '', 0, 0),
(889, NULL, NULL, NULL, 'IN', NULL, '', '', '', 0, 0),
(890, NULL, NULL, NULL, 'CA', NULL, '', '', '', 0, 0),
(891, NULL, NULL, NULL, 'MY', NULL, '', '', '', 0, 0),
(892, NULL, NULL, NULL, 'IN', NULL, '', '', '', 0, 0),
(893, NULL, NULL, NULL, 'IN', NULL, '', '', '', 0, 0),
(894, NULL, NULL, NULL, 'IN', NULL, '', '', '', 0, 0),
(895, NULL, NULL, NULL, 'EG', NULL, '', '', '', 0, 0),
(896, NULL, NULL, NULL, 'IN', NULL, '', '', '', 0, 0),
(897, NULL, NULL, NULL, 'IN', NULL, '', '', '', 0, 0),
(898, NULL, NULL, NULL, 'US', NULL, '', '', '', 0, 0),
(899, NULL, NULL, NULL, 'MY', NULL, '', '', '', 0, 0),
(900, NULL, NULL, NULL, 'US', NULL, '', '', '', 0, 0),
(901, NULL, NULL, NULL, 'EG', NULL, '', '', '', 0, 0),
(902, NULL, NULL, NULL, 'EG', NULL, '', '', '', 0, 0),
(903, NULL, NULL, NULL, 'US', NULL, '', '', '', 0, 0),
(904, NULL, NULL, NULL, 'US', NULL, '', '', '', 0, 0),
(905, NULL, NULL, NULL, 'IN', NULL, '', '', '', 0, 0),
(906, NULL, NULL, NULL, 'EG', NULL, '', '', '', 0, 0),
(907, NULL, NULL, NULL, 'EG', NULL, '', '', '', 0, 0),
(908, NULL, NULL, NULL, 'EG', NULL, '', '', '', 0, 0),
(909, NULL, NULL, NULL, 'IN', NULL, '', '', '', 0, 0),
(910, NULL, NULL, NULL, 'SE', NULL, '', '', '', 0, 0),
(911, NULL, NULL, NULL, 'EG', NULL, '', '', '', 0, 0),
(912, NULL, NULL, NULL, 'PH', NULL, '', '', '', 0, 0),
(913, NULL, NULL, NULL, 'EG', NULL, '', '', '', 0, 0),
(914, NULL, NULL, NULL, 'EG', NULL, '', '', '', 0, 0),
(915, NULL, NULL, NULL, 'EG', NULL, '', '', '', 0, 0),
(916, NULL, NULL, NULL, 'FR', NULL, '', '', '', 0, 0),
(917, NULL, NULL, NULL, 'EG', NULL, '', '', '', 0, 0),
(918, NULL, NULL, NULL, 'KE', NULL, '', '', '', 0, 0),
(919, NULL, NULL, NULL, 'EG', NULL, '', '', '', 0, 0),
(920, NULL, NULL, NULL, 'PH', NULL, '', '', '', 0, 0),
(921, NULL, NULL, NULL, 'US', NULL, '', '', '', 0, 0),
(922, NULL, NULL, NULL, 'US', NULL, '', '', '', 0, 0),
(923, NULL, NULL, NULL, NULL, NULL, '', '', '', 0, 0),
(924, NULL, NULL, NULL, 'EG', NULL, '', '', '', 0, 0),
(925, NULL, NULL, NULL, 'LB', NULL, '', '', '', 0, 0),
(926, NULL, NULL, NULL, NULL, NULL, '', '', '', 0, 0),
(927, NULL, NULL, NULL, 'PS', NULL, '', '', '', 0, 0),
(928, NULL, NULL, NULL, 'US', NULL, '', '', '', 0, 0),
(929, NULL, NULL, NULL, 'IN', NULL, '', '', '', 0, 0),
(930, NULL, NULL, NULL, 'EG', NULL, '', '', '', 0, 0),
(931, NULL, NULL, NULL, 'PS', NULL, '', '', '', 0, 0),
(932, NULL, NULL, NULL, 'EG', NULL, '', '', '', 0, 0),
(933, NULL, NULL, NULL, 'EG', NULL, '', '', '', 0, 0),
(934, NULL, NULL, NULL, 'EG', NULL, '', '', '', 0, 0),
(935, NULL, NULL, NULL, 'IN', NULL, '', '', '', 0, 0),
(936, NULL, NULL, NULL, 'EG', NULL, '', '', '', 0, 0),
(937, NULL, NULL, NULL, 'US', NULL, '', '', '', 0, 0),
(938, NULL, NULL, NULL, 'US', NULL, '', '', '', 0, 0),
(939, NULL, NULL, NULL, 'US', NULL, '', '', '', 0, 0),
(940, NULL, NULL, NULL, 'US', NULL, '', '', '', 0, 0),
(941, NULL, NULL, NULL, 'GB', NULL, '', '', '', 0, 0),
(942, NULL, NULL, NULL, 'US', NULL, '', '', '', 0, 0),
(943, NULL, NULL, NULL, 'US', NULL, '', '', '', 0, 0),
(944, NULL, NULL, NULL, 'ZA', NULL, '', '', '', 0, 0),
(945, NULL, NULL, NULL, 'US', NULL, '', '', '', 0, 0),
(946, NULL, NULL, NULL, 'US', NULL, '', '', '', 0, 0),
(947, NULL, NULL, NULL, 'GB', NULL, '', '', '', 0, 0),
(948, NULL, NULL, NULL, 'IN', NULL, '', '', '', 0, 0),
(949, NULL, NULL, NULL, 'US', NULL, '', '', '', 0, 0),
(950, NULL, NULL, NULL, 'KR', NULL, '', '', '', 0, 0),
(951, NULL, NULL, NULL, 'US', NULL, '', '', '', 0, 0),
(952, NULL, NULL, NULL, 'CL', NULL, '', '', '', 0, 0),
(953, NULL, NULL, NULL, 'DE', NULL, '', '', '', 0, 0),
(954, NULL, NULL, NULL, 'US', NULL, '', '', '', 0, 0),
(955, NULL, NULL, NULL, 'NG', NULL, '', '', '', 0, 0),
(956, NULL, NULL, NULL, 'US', NULL, '', '', '', 0, 0),
(957, NULL, NULL, NULL, 'US', NULL, '', '', '', 0, 0),
(958, NULL, NULL, NULL, 'IN', NULL, '', '', '', 0, 0),
(959, NULL, NULL, NULL, 'JP', NULL, '', '', '', 0, 0),
(960, NULL, NULL, NULL, 'DE', NULL, '', '', '', 0, 0),
(961, NULL, NULL, NULL, 'IN', NULL, '', '', '', 0, 0),
(962, NULL, NULL, NULL, NULL, NULL, '', '', '', 0, 0),
(963, NULL, NULL, NULL, 'IN', NULL, '', '', '', 0, 0),
(964, NULL, NULL, NULL, 'IN', NULL, '', '', '', 0, 0),
(965, NULL, NULL, NULL, 'IN', NULL, '', '', '', 0, 0),
(966, NULL, NULL, NULL, 'US', NULL, '', '', '', 0, 0),
(967, NULL, NULL, NULL, 'US', NULL, '', '', '', 0, 0),
(968, NULL, NULL, NULL, 'MX', NULL, '', '', '', 0, 0),
(969, NULL, NULL, NULL, 'IN', NULL, '', '', '', 0, 0),
(970, NULL, NULL, NULL, 'US', NULL, '', '', '', 0, 0),
(971, NULL, NULL, NULL, 'BR', NULL, '', '', '', 0, 0),
(972, NULL, NULL, NULL, 'HK', NULL, '', '', '', 0, 0),
(973, NULL, NULL, NULL, 'AU', NULL, '', '', '', 0, 0),
(974, NULL, NULL, NULL, 'JP', NULL, '', '', '', 0, 0),
(975, NULL, NULL, NULL, 'IN', NULL, '', '', '', 0, 0),
(976, NULL, NULL, NULL, 'US', NULL, '', '', '', 0, 0),
(977, NULL, NULL, NULL, 'US', NULL, '', '', '', 0, 0),
(978, NULL, NULL, NULL, 'ID', NULL, '', '', '', 0, 0),
(979, NULL, NULL, NULL, 'US', NULL, '', '', '', 0, 0),
(980, NULL, NULL, NULL, 'JP', NULL, '', '', '', 0, 0),
(981, NULL, NULL, NULL, 'DE', NULL, '', '', '', 0, 0),
(982, NULL, NULL, NULL, 'IN', NULL, '', '', '', 0, 0),
(983, NULL, NULL, NULL, 'IN', NULL, '', '', '', 0, 0),
(984, NULL, NULL, NULL, 'NG', NULL, '', '', '', 0, 0),
(985, NULL, NULL, NULL, 'US', NULL, '', '', '', 0, 0),
(986, NULL, NULL, NULL, 'IN', NULL, '', '', '', 0, 0),
(987, NULL, NULL, NULL, 'IN', NULL, '', '', '', 0, 0),
(988, NULL, NULL, NULL, 'IN', NULL, '', '', '', 0, 0),
(989, NULL, NULL, NULL, 'HK', NULL, '', '', '', 0, 0),
(990, NULL, NULL, NULL, 'CN', NULL, '', '', '', 0, 0),
(991, NULL, NULL, NULL, 'IN', NULL, '', '', '', 0, 0),
(992, NULL, NULL, NULL, 'IN', NULL, '', '', '', 0, 0),
(993, NULL, NULL, NULL, 'IN', NULL, '', '', '', 0, 0),
(994, NULL, NULL, NULL, 'IN', NULL, '', '', '', 0, 0),
(995, NULL, NULL, NULL, 'IN', NULL, '', '', '', 0, 0),
(996, NULL, NULL, NULL, 'IN', NULL, '', '', '', 0, 0),
(997, NULL, NULL, NULL, 'PH', NULL, '', '', '', 0, 0),
(998, NULL, NULL, NULL, 'IN', NULL, '', '', '', 0, 0),
(999, NULL, NULL, NULL, 'IN', NULL, '', '', '', 0, 0),
(1000, NULL, NULL, NULL, 'PH', NULL, '', '', '', 0, 0),
(1001, NULL, NULL, NULL, 'JP', NULL, '', '', '', 0, 0),
(1002, NULL, NULL, NULL, 'HK', NULL, '', '', '', 0, 0),
(1003, NULL, NULL, NULL, 'US', NULL, '', '', '', 0, 0),
(1004, NULL, NULL, NULL, 'PH', NULL, '', '', '', 0, 0),
(1005, NULL, NULL, NULL, 'EG', NULL, '', '', '', 0, 0),
(1006, NULL, NULL, NULL, 'EG', NULL, '', '', '', 0, 0),
(1007, NULL, NULL, NULL, 'PH', NULL, '', '', '', 0, 0),
(1008, NULL, NULL, NULL, 'EG', NULL, '', '', '', 0, 0),
(1009, NULL, NULL, NULL, 'US', NULL, '', '', '', 0, 0),
(1010, NULL, NULL, NULL, 'US', NULL, '', '', '', 0, 0),
(1011, NULL, NULL, NULL, 'IN', NULL, '', '', '', 0, 0),
(1012, NULL, NULL, NULL, 'TR', NULL, '', '', '', 0, 0),
(1013, NULL, NULL, NULL, 'IN', NULL, '', '', '', 0, 0),
(1014, NULL, NULL, NULL, 'IN', NULL, '', '', '', 0, 0),
(1015, NULL, NULL, NULL, 'ZA', NULL, '', '', '', 0, 0),
(1016, NULL, NULL, NULL, 'LB', NULL, '', '', '', 0, 0),
(1017, NULL, NULL, NULL, 'IN', NULL, '', '', '', 0, 0),
(1018, NULL, NULL, NULL, 'EG', NULL, '', '', '', 0, 0),
(1019, NULL, NULL, NULL, 'LB', NULL, '', '', '', 0, 0),
(1020, NULL, NULL, NULL, 'IN', NULL, '', '', '', 0, 0),
(1021, NULL, NULL, NULL, 'US', NULL, '', '', '', 0, 0),
(1022, NULL, NULL, NULL, 'EG', NULL, '', '', '', 0, 0),
(1023, NULL, NULL, NULL, 'FR', NULL, '', '', '', 0, 0),
(1024, NULL, NULL, NULL, 'US', NULL, '', '', '', 0, 0),
(1025, NULL, NULL, NULL, 'IN', NULL, '', '', '', 0, 0),
(1026, NULL, NULL, NULL, 'US', NULL, '', '', '', 0, 0),
(1027, NULL, NULL, NULL, 'US', NULL, '', '', '', 0, 0),
(1028, NULL, NULL, NULL, 'US', NULL, '', '', '', 0, 0),
(1029, NULL, NULL, NULL, 'US', NULL, '', '', '', 0, 0),
(1030, NULL, NULL, NULL, 'US', NULL, '', '', '', 0, 0),
(1031, NULL, NULL, NULL, 'US', NULL, '', '', '', 0, 0),
(1032, NULL, NULL, NULL, 'US', NULL, '', '', '', 0, 0),
(1033, NULL, NULL, NULL, 'US', NULL, '', '', '', 0, 0),
(1034, NULL, NULL, NULL, 'US', NULL, '', '', '', 0, 0),
(1035, NULL, NULL, NULL, 'US', NULL, '', '', '', 0, 0),
(1036, NULL, NULL, NULL, 'FR', NULL, '', '', '', 0, 0),
(1037, NULL, NULL, NULL, 'DE', NULL, '', '', '', 0, 0),
(1038, NULL, NULL, NULL, 'US', NULL, '', '', '', 0, 0),
(1039, NULL, NULL, NULL, 'ID', NULL, '', '', '', 0, 0),
(1040, NULL, NULL, NULL, 'US', NULL, '', '', '', 0, 0),
(1041, NULL, NULL, NULL, 'US', NULL, '', '', '', 0, 0),
(1042, NULL, NULL, NULL, 'US', NULL, '', '', '', 0, 0),
(1043, NULL, NULL, NULL, 'US', NULL, '', '', '', 0, 0),
(1044, NULL, NULL, NULL, 'GB', NULL, '', '', '', 0, 0),
(1045, NULL, NULL, NULL, 'US', NULL, '', '', '', 0, 0),
(1046, NULL, NULL, NULL, 'GB', NULL, '', '', '', 0, 0),
(1047, NULL, NULL, NULL, 'US', NULL, '', '', '', 0, 0),
(1048, NULL, NULL, NULL, 'US', NULL, '', '', '', 0, 0),
(1049, NULL, NULL, NULL, 'US', NULL, '', '', '', 0, 0),
(1050, NULL, NULL, NULL, 'EG', NULL, '', '', '', 0, 0),
(1051, NULL, NULL, NULL, 'US', NULL, '', '', '', 0, 0),
(1052, NULL, NULL, NULL, 'IN', NULL, '', '', '', 0, 0),
(1053, NULL, NULL, NULL, 'IN', NULL, '', '', '', 0, 0),
(1054, NULL, NULL, NULL, 'US', NULL, '', '', '', 0, 0),
(1055, NULL, NULL, NULL, 'DE', NULL, '', '', '', 0, 0),
(1056, NULL, NULL, NULL, 'IN', NULL, '', '', '', 0, 0),
(1057, NULL, NULL, NULL, 'IN', NULL, '', '', '', 0, 0),
(1058, NULL, NULL, NULL, 'IN', NULL, '', '', '', 0, 0),
(1059, NULL, NULL, NULL, 'IN', NULL, '', '', '', 0, 0),
(1060, NULL, NULL, NULL, 'IN', NULL, '', '', '', 0, 0),
(1061, NULL, NULL, NULL, 'EG', NULL, '', '', '', 0, 0),
(1062, NULL, NULL, NULL, 'US', NULL, '', '', '', 0, 0),
(1063, NULL, NULL, NULL, 'EG', NULL, '', '', '', 0, 0);
INSERT INTO `Films` (`Films_ID`, `Title`, `Genre_ID`, `Rating_ID`, `Country`, `Description`, `PosterURL`, `TrailerURL`, `ScreenshotURL`, `Runtime`, `Release_Year`) VALUES
(1064, NULL, NULL, NULL, 'EG', NULL, '', '', '', 0, 0),
(1065, NULL, NULL, NULL, 'EG', NULL, '', '', '', 0, 0),
(1066, NULL, NULL, NULL, 'EG', NULL, '', '', '', 0, 0),
(1067, NULL, NULL, NULL, 'IN', NULL, '', '', '', 0, 0),
(1068, NULL, NULL, NULL, 'EG', NULL, '', '', '', 0, 0),
(1069, NULL, NULL, NULL, 'IN', NULL, '', '', '', 0, 0),
(1070, NULL, NULL, NULL, 'CA', NULL, '', '', '', 0, 0),
(1071, NULL, NULL, NULL, 'IN', NULL, '', '', '', 0, 0),
(1072, NULL, NULL, NULL, 'US', NULL, '', '', '', 0, 0),
(1073, NULL, NULL, NULL, 'US', NULL, '', '', '', 0, 0),
(1074, NULL, NULL, NULL, 'US', NULL, '', '', '', 0, 0),
(1075, NULL, NULL, NULL, 'US', NULL, '', '', '', 0, 0),
(1076, NULL, NULL, NULL, 'US', NULL, '', '', '', 0, 0),
(1077, NULL, NULL, NULL, 'US', NULL, '', '', '', 0, 0),
(1078, NULL, NULL, NULL, 'US', NULL, '', '', '', 0, 0),
(1079, NULL, NULL, NULL, 'US', NULL, '', '', '', 0, 0),
(1080, NULL, NULL, NULL, 'US', NULL, '', '', '', 0, 0),
(1081, NULL, NULL, NULL, 'US', NULL, '', '', '', 0, 0),
(1082, NULL, NULL, NULL, 'US', NULL, '', '', '', 0, 0),
(1083, NULL, NULL, NULL, 'US', NULL, '', '', '', 0, 0),
(1084, NULL, NULL, NULL, 'US', NULL, '', '', '', 0, 0),
(1085, NULL, NULL, NULL, 'US', NULL, '', '', '', 0, 0),
(1086, NULL, NULL, NULL, 'US', NULL, '', '', '', 0, 0),
(1087, NULL, NULL, NULL, 'GB', NULL, '', '', '', 0, 0),
(1088, NULL, NULL, NULL, 'LB', NULL, '', '', '', 0, 0),
(1089, NULL, NULL, NULL, 'JP', NULL, '', '', '', 0, 0),
(1090, NULL, NULL, NULL, 'GB', NULL, '', '', '', 0, 0),
(1091, NULL, NULL, NULL, 'US', NULL, '', '', '', 0, 0),
(1092, NULL, NULL, NULL, 'JP', NULL, '', '', '', 0, 0),
(1093, NULL, NULL, NULL, 'JP', NULL, '', '', '', 0, 0),
(1094, NULL, NULL, NULL, 'IN', NULL, '', '', '', 0, 0),
(1095, NULL, NULL, NULL, 'AR', NULL, '', '', '', 0, 0),
(1096, NULL, NULL, NULL, 'US', NULL, '', '', '', 0, 0),
(1097, NULL, NULL, NULL, 'US', NULL, '', '', '', 0, 0),
(1098, NULL, NULL, NULL, 'IN', NULL, '', '', '', 0, 0),
(1099, NULL, NULL, NULL, 'IN', NULL, '', '', '', 0, 0),
(1100, NULL, NULL, NULL, 'IN', NULL, '', '', '', 0, 0),
(1101, NULL, NULL, NULL, 'IN', NULL, '', '', '', 0, 0),
(1102, NULL, NULL, NULL, 'IN', NULL, '', '', '', 0, 0),
(1103, NULL, NULL, NULL, 'IN', NULL, '', '', '', 0, 0),
(1104, NULL, NULL, NULL, 'IN', NULL, '', '', '', 0, 0),
(1105, NULL, NULL, NULL, 'IN', NULL, '', '', '', 0, 0),
(1106, NULL, NULL, NULL, 'IN', NULL, '', '', '', 0, 0),
(1107, NULL, NULL, NULL, 'US', NULL, '', '', '', 0, 0),
(1108, NULL, NULL, NULL, 'IN', NULL, '', '', '', 0, 0),
(1109, NULL, NULL, NULL, 'EG', NULL, '', '', '', 0, 0),
(1110, NULL, NULL, NULL, 'US', NULL, '', '', '', 0, 0),
(1111, NULL, NULL, NULL, 'US', NULL, '', '', '', 0, 0),
(1112, NULL, NULL, NULL, 'IN', NULL, '', '', '', 0, 0),
(1113, NULL, NULL, NULL, 'US', NULL, '', '', '', 0, 0),
(1114, NULL, NULL, NULL, 'EG', NULL, '', '', '', 0, 0),
(1115, NULL, NULL, NULL, 'US', NULL, '', '', '', 0, 0),
(1116, NULL, NULL, NULL, 'US', NULL, '', '', '', 0, 0),
(1117, NULL, NULL, NULL, 'US', NULL, '', '', '', 0, 0),
(1118, NULL, NULL, NULL, 'US', NULL, '', '', '', 0, 0),
(1119, NULL, NULL, NULL, 'US', NULL, '', '', '', 0, 0),
(1120, NULL, NULL, NULL, 'US', NULL, '', '', '', 0, 0),
(1121, NULL, NULL, NULL, 'US', NULL, '', '', '', 0, 0),
(1122, NULL, NULL, NULL, 'JP', NULL, '', '', '', 0, 0),
(1123, NULL, NULL, NULL, 'US', NULL, '', '', '', 0, 0),
(1124, NULL, NULL, NULL, 'US', NULL, '', '', '', 0, 0),
(1125, NULL, NULL, NULL, 'GB', NULL, '', '', '', 0, 0),
(1126, NULL, NULL, NULL, 'US', NULL, '', '', '', 0, 0),
(1127, NULL, NULL, NULL, 'US', NULL, '', '', '', 0, 0),
(1128, NULL, NULL, NULL, 'US', NULL, '', '', '', 0, 0),
(1129, NULL, NULL, NULL, 'JP', NULL, '', '', '', 0, 0),
(1130, NULL, NULL, NULL, 'US', NULL, '', '', '', 0, 0),
(1131, NULL, NULL, NULL, NULL, NULL, '', '', '', 0, 0),
(1132, NULL, NULL, NULL, 'US', NULL, '', '', '', 0, 0),
(1133, NULL, NULL, NULL, 'US', NULL, '', '', '', 0, 0),
(1134, NULL, NULL, NULL, 'IE', NULL, '', '', '', 0, 0),
(1135, NULL, NULL, NULL, 'US', NULL, '', '', '', 0, 0),
(1136, NULL, NULL, NULL, 'US', NULL, '', '', '', 0, 0),
(1137, NULL, NULL, NULL, 'JP', NULL, '', '', '', 0, 0),
(1138, NULL, NULL, NULL, 'US', NULL, '', '', '', 0, 0),
(1139, NULL, NULL, NULL, 'ET', NULL, '', '', '', 0, 0),
(1140, NULL, NULL, NULL, 'HK', NULL, '', '', '', 0, 0),
(1141, NULL, NULL, NULL, 'GB', NULL, '', '', '', 0, 0),
(1142, NULL, NULL, NULL, 'IN', NULL, '', '', '', 0, 0),
(1143, NULL, NULL, NULL, 'IN', NULL, '', '', '', 0, 0),
(1144, NULL, NULL, NULL, 'MX', NULL, '', '', '', 0, 0),
(1145, NULL, NULL, NULL, 'CN', NULL, '', '', '', 0, 0),
(1146, NULL, NULL, NULL, 'DE', NULL, '', '', '', 0, 0),
(1147, NULL, NULL, NULL, 'IN', NULL, '', '', '', 0, 0),
(1148, NULL, NULL, NULL, 'IN', NULL, '', '', '', 0, 0),
(1149, NULL, NULL, NULL, 'IN', NULL, '', '', '', 0, 0),
(1150, NULL, NULL, NULL, 'IN', NULL, '', '', '', 0, 0),
(1151, NULL, NULL, NULL, 'US', NULL, '', '', '', 0, 0),
(1152, NULL, NULL, NULL, 'IN', NULL, '', '', '', 0, 0),
(1153, NULL, NULL, NULL, 'ES', NULL, '', '', '', 0, 0),
(1154, NULL, NULL, NULL, 'IN', NULL, '', '', '', 0, 0),
(1155, NULL, NULL, NULL, 'IN', NULL, '', '', '', 0, 0),
(1156, NULL, NULL, NULL, 'EG', NULL, '', '', '', 0, 0),
(1157, NULL, NULL, NULL, 'IN', NULL, '', '', '', 0, 0),
(1158, NULL, NULL, NULL, 'IN', NULL, '', '', '', 0, 0),
(1159, NULL, NULL, NULL, 'DE', NULL, '', '', '', 0, 0),
(1160, NULL, NULL, NULL, 'IN', NULL, '', '', '', 0, 0),
(1161, NULL, NULL, NULL, 'IN', NULL, '', '', '', 0, 0),
(1162, NULL, NULL, NULL, 'IN', NULL, '', '', '', 0, 0),
(1163, NULL, NULL, NULL, 'IN', NULL, '', '', '', 0, 0),
(1164, NULL, NULL, NULL, 'IN', NULL, '', '', '', 0, 0),
(1165, NULL, NULL, NULL, 'IN', NULL, '', '', '', 0, 0),
(1166, NULL, NULL, NULL, 'IN', NULL, '', '', '', 0, 0),
(1167, NULL, NULL, NULL, 'EG', NULL, '', '', '', 0, 0),
(1168, NULL, NULL, NULL, 'IN', NULL, '', '', '', 0, 0),
(1169, NULL, NULL, NULL, 'IN', NULL, '', '', '', 0, 0),
(1170, NULL, NULL, NULL, 'US', NULL, '', '', '', 0, 0),
(1171, NULL, NULL, NULL, 'IN', NULL, '', '', '', 0, 0),
(1172, NULL, NULL, NULL, 'GB', NULL, '', '', '', 0, 0),
(1173, NULL, NULL, NULL, 'IN', NULL, '', '', '', 0, 0),
(1174, NULL, NULL, NULL, 'LB', NULL, '', '', '', 0, 0),
(1175, NULL, NULL, NULL, 'IN', NULL, '', '', '', 0, 0),
(1176, NULL, NULL, NULL, 'SU', NULL, '', '', '', 0, 0),
(1177, NULL, NULL, NULL, 'IT', NULL, '', '', '', 0, 0),
(1178, NULL, NULL, NULL, 'TR', NULL, '', '', '', 0, 0),
(1179, NULL, NULL, NULL, 'IN', NULL, '', '', '', 0, 0),
(1180, NULL, NULL, NULL, 'IN', NULL, '', '', '', 0, 0),
(1181, NULL, NULL, NULL, 'IN', NULL, '', '', '', 0, 0),
(1182, NULL, NULL, NULL, 'LB', NULL, '', '', '', 0, 0),
(1183, NULL, NULL, NULL, 'US', NULL, '', '', '', 0, 0),
(1184, NULL, NULL, NULL, 'EG', NULL, '', '', '', 0, 0),
(1185, NULL, NULL, NULL, 'US', NULL, '', '', '', 0, 0),
(1186, NULL, NULL, NULL, 'IN', NULL, '', '', '', 0, 0),
(1187, NULL, NULL, NULL, 'FR', NULL, '', '', '', 0, 0),
(1188, NULL, NULL, NULL, 'IN', NULL, '', '', '', 0, 0),
(1189, NULL, NULL, NULL, 'US', NULL, '', '', '', 0, 0),
(1190, NULL, NULL, NULL, 'US', NULL, '', '', '', 0, 0),
(1191, NULL, NULL, NULL, 'NZ', NULL, '', '', '', 0, 0),
(1192, NULL, NULL, NULL, 'US', NULL, '', '', '', 0, 0),
(1193, NULL, NULL, NULL, 'GB', NULL, '', '', '', 0, 0),
(1194, NULL, NULL, NULL, 'GB', NULL, '', '', '', 0, 0),
(1195, NULL, NULL, NULL, 'US', NULL, '', '', '', 0, 0),
(1196, NULL, NULL, NULL, 'NZ', NULL, '', '', '', 0, 0),
(1197, NULL, NULL, NULL, 'NZ', NULL, '', '', '', 0, 0),
(1198, NULL, NULL, NULL, 'CA', NULL, '', '', '', 0, 0),
(1199, NULL, NULL, NULL, 'US', NULL, '', '', '', 0, 0),
(1200, NULL, NULL, NULL, 'US', NULL, '', '', '', 0, 0),
(1201, NULL, NULL, NULL, 'US', NULL, '', '', '', 0, 0),
(1202, NULL, NULL, NULL, 'US', NULL, '', '', '', 0, 0),
(1203, NULL, NULL, NULL, 'GB', NULL, '', '', '', 0, 0),
(1204, NULL, NULL, NULL, 'US', NULL, '', '', '', 0, 0),
(1205, NULL, NULL, NULL, 'US', NULL, '', '', '', 0, 0),
(1206, NULL, NULL, NULL, 'US', NULL, '', '', '', 0, 0),
(1207, NULL, NULL, NULL, 'US', NULL, '', '', '', 0, 0),
(1208, NULL, NULL, NULL, 'CN', NULL, '', '', '', 0, 0),
(1209, NULL, NULL, NULL, 'US', NULL, '', '', '', 0, 0),
(1210, NULL, NULL, NULL, 'US', NULL, '', '', '', 0, 0),
(1211, NULL, NULL, NULL, 'DE', NULL, '', '', '', 0, 0),
(1212, NULL, NULL, NULL, 'US', NULL, '', '', '', 0, 0),
(1213, NULL, NULL, NULL, 'US', NULL, '', '', '', 0, 0),
(1214, NULL, NULL, NULL, 'US', NULL, '', '', '', 0, 0),
(1215, NULL, NULL, NULL, 'US', NULL, '', '', '', 0, 0),
(1216, NULL, NULL, NULL, 'FR', NULL, '', '', '', 0, 0),
(1217, NULL, NULL, NULL, 'US', NULL, '', '', '', 0, 0),
(1218, NULL, NULL, NULL, 'GB', NULL, '', '', '', 0, 0),
(1219, NULL, NULL, NULL, 'US', NULL, '', '', '', 0, 0),
(1220, NULL, NULL, NULL, 'US', NULL, '', '', '', 0, 0),
(1221, NULL, NULL, NULL, 'DE', NULL, '', '', '', 0, 0),
(1222, NULL, NULL, NULL, 'US', NULL, '', '', '', 0, 0),
(1223, NULL, NULL, NULL, 'US', NULL, '', '', '', 0, 0),
(1224, NULL, NULL, NULL, 'US', NULL, '', '', '', 0, 0),
(1225, NULL, NULL, NULL, 'US', NULL, '', '', '', 0, 0),
(1226, NULL, NULL, NULL, 'IE', NULL, '', '', '', 0, 0),
(1227, NULL, NULL, NULL, 'US', NULL, '', '', '', 0, 0),
(1228, NULL, NULL, NULL, 'US', NULL, '', '', '', 0, 0),
(1229, NULL, NULL, NULL, 'US', NULL, '', '', '', 0, 0),
(1230, NULL, NULL, NULL, 'IN', NULL, '', '', '', 0, 0),
(1231, NULL, NULL, NULL, 'US', NULL, '', '', '', 0, 0),
(1232, NULL, NULL, NULL, 'GB', NULL, '', '', '', 0, 0),
(1233, NULL, NULL, NULL, 'US', NULL, '', '', '', 0, 0),
(1234, NULL, NULL, NULL, 'US', NULL, '', '', '', 0, 0),
(1235, NULL, NULL, NULL, 'MX', NULL, '', '', '', 0, 0),
(1236, NULL, NULL, NULL, 'MX', NULL, '', '', '', 0, 0),
(1237, NULL, NULL, NULL, 'US', NULL, '', '', '', 0, 0),
(1238, NULL, NULL, NULL, 'IN', NULL, '', '', '', 0, 0),
(1239, NULL, NULL, NULL, 'IN', NULL, '', '', '', 0, 0),
(1240, NULL, NULL, NULL, 'GB', NULL, '', '', '', 0, 0),
(1241, NULL, NULL, NULL, 'US', NULL, '', '', '', 0, 0),
(1242, NULL, NULL, NULL, 'GB', NULL, '', '', '', 0, 0),
(1243, NULL, NULL, NULL, 'IN', NULL, '', '', '', 0, 0),
(1244, NULL, NULL, NULL, 'CA', NULL, '', '', '', 0, 0),
(1245, NULL, NULL, NULL, 'US', NULL, '', '', '', 0, 0),
(1246, NULL, NULL, NULL, 'IN', NULL, '', '', '', 0, 0),
(1247, NULL, NULL, NULL, 'US', NULL, '', '', '', 0, 0),
(1248, NULL, NULL, NULL, 'US', NULL, '', '', '', 0, 0),
(1249, NULL, NULL, NULL, 'ES', NULL, '', '', '', 0, 0),
(1250, NULL, NULL, NULL, 'US', NULL, '', '', '', 0, 0),
(1251, NULL, NULL, NULL, 'IN', NULL, '', '', '', 0, 0),
(1252, NULL, NULL, NULL, 'IN', NULL, '', '', '', 0, 0),
(1253, NULL, NULL, NULL, 'US', NULL, '', '', '', 0, 0),
(1254, NULL, NULL, NULL, 'US', NULL, '', '', '', 0, 0),
(1255, NULL, NULL, NULL, 'US', NULL, '', '', '', 0, 0),
(1256, NULL, NULL, NULL, 'US', NULL, '', '', '', 0, 0),
(1257, NULL, NULL, NULL, 'US', NULL, '', '', '', 0, 0),
(1258, NULL, NULL, NULL, 'US', NULL, '', '', '', 0, 0),
(1259, NULL, NULL, NULL, 'JP', NULL, '', '', '', 0, 0),
(1260, NULL, NULL, NULL, 'US', NULL, '', '', '', 0, 0),
(1261, NULL, NULL, NULL, 'MX', NULL, '', '', '', 0, 0),
(1262, NULL, NULL, NULL, 'IN', NULL, '', '', '', 0, 0),
(1263, NULL, NULL, NULL, 'HK', NULL, '', '', '', 0, 0),
(1264, NULL, NULL, NULL, 'US', NULL, '', '', '', 0, 0),
(1265, NULL, NULL, NULL, 'US', NULL, '', '', '', 0, 0),
(1266, NULL, NULL, NULL, 'IN', NULL, '', '', '', 0, 0),
(1267, NULL, NULL, NULL, 'CA', NULL, '', '', '', 0, 0),
(1268, NULL, NULL, NULL, 'IN', NULL, '', '', '', 0, 0),
(1269, NULL, NULL, NULL, 'US', NULL, '', '', '', 0, 0),
(1270, NULL, NULL, NULL, 'US', NULL, '', '', '', 0, 0),
(1271, NULL, NULL, NULL, 'IN', NULL, '', '', '', 0, 0),
(1272, NULL, NULL, NULL, 'IN', NULL, '', '', '', 0, 0),
(1273, NULL, NULL, NULL, 'IN', NULL, '', '', '', 0, 0),
(1274, NULL, NULL, NULL, 'IN', NULL, '', '', '', 0, 0),
(1275, NULL, NULL, NULL, 'JP', NULL, '', '', '', 0, 0),
(1276, NULL, NULL, NULL, 'NG', NULL, '', '', '', 0, 0),
(1277, NULL, NULL, NULL, 'IN', NULL, '', '', '', 0, 0),
(1278, NULL, NULL, NULL, 'IN', NULL, '', '', '', 0, 0),
(1279, NULL, NULL, NULL, 'JP', NULL, '', '', '', 0, 0),
(1280, NULL, NULL, NULL, 'AR', NULL, '', '', '', 0, 0),
(1281, NULL, NULL, NULL, 'LB', NULL, '', '', '', 0, 0),
(1282, NULL, NULL, NULL, 'IN', NULL, '', '', '', 0, 0),
(1283, NULL, NULL, NULL, 'EG', NULL, '', '', '', 0, 0),
(1284, NULL, NULL, NULL, 'US', NULL, '', '', '', 0, 0),
(1285, NULL, NULL, NULL, 'IN', NULL, '', '', '', 0, 0),
(1286, NULL, NULL, NULL, 'IN', NULL, '', '', '', 0, 0),
(1287, NULL, NULL, NULL, 'US', NULL, '', '', '', 0, 0),
(1288, NULL, NULL, NULL, 'IN', NULL, '', '', '', 0, 0),
(1289, NULL, NULL, NULL, 'IN', NULL, '', '', '', 0, 0),
(1290, NULL, NULL, NULL, 'US', NULL, '', '', '', 0, 0),
(1291, NULL, NULL, NULL, 'IN', NULL, '', '', '', 0, 0),
(1292, NULL, NULL, NULL, NULL, NULL, '', '', '', 0, 0),
(1293, NULL, NULL, NULL, 'US', NULL, '', '', '', 0, 0),
(1294, NULL, NULL, NULL, 'CA', NULL, '', '', '', 0, 0),
(1295, NULL, NULL, NULL, 'IN', NULL, '', '', '', 0, 0),
(1296, NULL, NULL, NULL, 'US', NULL, '', '', '', 0, 0),
(1297, NULL, NULL, NULL, 'US', NULL, '', '', '', 0, 0),
(1298, NULL, NULL, NULL, 'HK', NULL, '', '', '', 0, 0),
(1299, NULL, NULL, NULL, 'IN', NULL, '', '', '', 0, 0),
(1300, NULL, NULL, NULL, 'US', NULL, '', '', '', 0, 0),
(1301, NULL, NULL, NULL, 'US', NULL, '', '', '', 0, 0),
(1302, NULL, NULL, NULL, 'DE', NULL, '', '', '', 0, 0),
(1303, NULL, NULL, NULL, 'IN', NULL, '', '', '', 0, 0),
(1304, NULL, NULL, NULL, 'PS', NULL, '', '', '', 0, 0),
(1305, NULL, NULL, NULL, 'IN', NULL, '', '', '', 0, 0),
(1306, NULL, NULL, NULL, 'GB', NULL, '', '', '', 0, 0),
(1307, NULL, NULL, NULL, 'GB', NULL, '', '', '', 0, 0),
(1308, NULL, NULL, NULL, 'IN', NULL, '', '', '', 0, 0),
(1309, NULL, NULL, NULL, 'US', NULL, '', '', '', 0, 0),
(1310, NULL, NULL, NULL, 'AU', NULL, '', '', '', 0, 0),
(1311, NULL, NULL, NULL, 'TR', NULL, '', '', '', 0, 0),
(1312, NULL, NULL, NULL, 'US', NULL, '', '', '', 0, 0),
(1313, NULL, NULL, NULL, 'IN', NULL, '', '', '', 0, 0),
(1314, NULL, NULL, NULL, 'IN', NULL, '', '', '', 0, 0),
(1315, NULL, NULL, NULL, 'JP', NULL, '', '', '', 0, 0),
(1316, NULL, NULL, NULL, 'IN', NULL, '', '', '', 0, 0),
(1317, NULL, NULL, NULL, 'US', NULL, '', '', '', 0, 0),
(1318, NULL, NULL, NULL, 'IN', NULL, '', '', '', 0, 0),
(1319, NULL, NULL, NULL, 'US', NULL, '', '', '', 0, 0),
(1320, NULL, NULL, NULL, 'IN', NULL, '', '', '', 0, 0),
(1321, NULL, NULL, NULL, 'US', NULL, '', '', '', 0, 0),
(1322, NULL, NULL, NULL, 'CN', NULL, '', '', '', 0, 0),
(1323, NULL, NULL, NULL, 'JP', NULL, '', '', '', 0, 0),
(1324, NULL, NULL, NULL, 'MX', NULL, '', '', '', 0, 0),
(1325, NULL, NULL, NULL, 'IN', NULL, '', '', '', 0, 0),
(1326, NULL, NULL, NULL, 'IN', NULL, '', '', '', 0, 0),
(1327, NULL, NULL, NULL, 'CN', NULL, '', '', '', 0, 0),
(1328, NULL, NULL, NULL, 'IN', NULL, '', '', '', 0, 0),
(1329, NULL, NULL, NULL, 'IN', NULL, '', '', '', 0, 0),
(1330, NULL, NULL, NULL, 'IN', NULL, '', '', '', 0, 0),
(1331, NULL, NULL, NULL, 'IN', NULL, '', '', '', 0, 0),
(1332, NULL, NULL, NULL, 'JP', NULL, '', '', '', 0, 0),
(1333, NULL, NULL, NULL, 'JP', NULL, '', '', '', 0, 0),
(1334, NULL, NULL, NULL, 'US', NULL, '', '', '', 0, 0),
(1335, NULL, NULL, NULL, 'HK', NULL, '', '', '', 0, 0),
(1336, NULL, NULL, NULL, 'IN', NULL, '', '', '', 0, 0),
(1337, NULL, NULL, NULL, 'CA', NULL, '', '', '', 0, 0),
(1338, NULL, NULL, NULL, 'HK', NULL, '', '', '', 0, 0),
(1339, NULL, NULL, NULL, 'TR', NULL, '', '', '', 0, 0),
(1340, NULL, NULL, NULL, 'JP', NULL, '', '', '', 0, 0),
(1341, NULL, NULL, NULL, 'IN', NULL, '', '', '', 0, 0),
(1342, NULL, NULL, NULL, 'IN', NULL, '', '', '', 0, 0),
(1343, NULL, NULL, NULL, 'US', NULL, '', '', '', 0, 0),
(1344, NULL, NULL, NULL, 'US', NULL, '', '', '', 0, 0),
(1345, NULL, NULL, NULL, 'LB', NULL, '', '', '', 0, 0),
(1346, NULL, NULL, NULL, 'JP', NULL, '', '', '', 0, 0),
(1347, NULL, NULL, NULL, 'JP', NULL, '', '', '', 0, 0),
(1348, NULL, NULL, NULL, 'KR', NULL, '', '', '', 0, 0),
(1349, NULL, NULL, NULL, 'US', NULL, '', '', '', 0, 0),
(1350, NULL, NULL, NULL, 'CN', NULL, '', '', '', 0, 0),
(1351, NULL, NULL, NULL, 'IN', NULL, '', '', '', 0, 0),
(1352, NULL, NULL, NULL, 'IN', NULL, '', '', '', 0, 0),
(1353, NULL, NULL, NULL, 'IN', NULL, '', '', '', 0, 0),
(1354, NULL, NULL, NULL, 'IN', NULL, '', '', '', 0, 0),
(1355, NULL, NULL, NULL, 'FR', NULL, '', '', '', 0, 0),
(1356, NULL, NULL, NULL, 'MY', NULL, '', '', '', 0, 0),
(1357, NULL, NULL, NULL, 'JP', NULL, '', '', '', 0, 0),
(1358, NULL, NULL, NULL, 'JP', NULL, '', '', '', 0, 0),
(1359, NULL, NULL, NULL, 'HK', NULL, '', '', '', 0, 0),
(1360, NULL, NULL, NULL, 'IN', NULL, '', '', '', 0, 0),
(1361, NULL, NULL, NULL, 'HK', NULL, '', '', '', 0, 0),
(1362, NULL, NULL, NULL, 'US', NULL, '', '', '', 0, 0),
(1363, NULL, NULL, NULL, 'US', NULL, '', '', '', 0, 0),
(1364, NULL, NULL, NULL, 'FR', NULL, '', '', '', 0, 0),
(1365, NULL, NULL, NULL, 'DE', NULL, '', '', '', 0, 0),
(1366, NULL, NULL, NULL, 'EG', NULL, '', '', '', 0, 0),
(1367, NULL, NULL, NULL, 'PH', NULL, '', '', '', 0, 0),
(1368, NULL, NULL, NULL, 'JP', NULL, '', '', '', 0, 0),
(1369, NULL, NULL, NULL, 'JP', NULL, '', '', '', 0, 0),
(1370, NULL, NULL, NULL, 'JP', NULL, '', '', '', 0, 0),
(1371, NULL, NULL, NULL, 'JP', NULL, '', '', '', 0, 0),
(1372, NULL, NULL, NULL, 'FR', NULL, '', '', '', 0, 0),
(1373, NULL, NULL, NULL, 'IN', NULL, '', '', '', 0, 0),
(1374, NULL, NULL, NULL, 'IN', NULL, '', '', '', 0, 0),
(1375, NULL, NULL, NULL, 'KR', NULL, '', '', '', 0, 0),
(1376, NULL, NULL, NULL, 'TW', NULL, '', '', '', 0, 0),
(1377, NULL, NULL, NULL, 'TR', NULL, '', '', '', 0, 0),
(1378, NULL, NULL, NULL, 'IN', NULL, '', '', '', 0, 0),
(1379, NULL, NULL, NULL, 'IN', NULL, '', '', '', 0, 0),
(1380, NULL, NULL, NULL, 'IN', NULL, '', '', '', 0, 0),
(1381, NULL, NULL, NULL, 'IN', NULL, '', '', '', 0, 0),
(1382, NULL, NULL, NULL, 'ZA', NULL, '', '', '', 0, 0),
(1383, NULL, NULL, NULL, 'IN', NULL, '', '', '', 0, 0),
(1384, NULL, NULL, NULL, 'IN', NULL, '', '', '', 0, 0),
(1385, NULL, NULL, NULL, 'IN', NULL, '', '', '', 0, 0),
(1386, NULL, NULL, NULL, 'IN', NULL, '', '', '', 0, 0),
(1387, NULL, NULL, NULL, 'MA', NULL, '', '', '', 0, 0),
(1388, NULL, NULL, NULL, 'IN', NULL, '', '', '', 0, 0),
(1389, NULL, NULL, NULL, 'CA', NULL, '', '', '', 0, 0),
(1390, NULL, NULL, NULL, 'MY', NULL, '', '', '', 0, 0),
(1391, NULL, NULL, NULL, 'IN', NULL, '', '', '', 0, 0),
(1392, NULL, NULL, NULL, 'IN', NULL, '', '', '', 0, 0),
(1393, NULL, NULL, NULL, 'IN', NULL, '', '', '', 0, 0),
(1394, NULL, NULL, NULL, 'EG', NULL, '', '', '', 0, 0),
(1395, NULL, NULL, NULL, 'IN', NULL, '', '', '', 0, 0),
(1396, NULL, NULL, NULL, 'IN', NULL, '', '', '', 0, 0),
(1397, NULL, NULL, NULL, 'US', NULL, '', '', '', 0, 0),
(1398, NULL, NULL, NULL, 'MY', NULL, '', '', '', 0, 0),
(1399, NULL, NULL, NULL, 'US', NULL, '', '', '', 0, 0),
(1400, NULL, NULL, NULL, 'EG', NULL, '', '', '', 0, 0),
(1401, NULL, NULL, NULL, 'EG', NULL, '', '', '', 0, 0),
(1402, NULL, NULL, NULL, 'US', NULL, '', '', '', 0, 0),
(1403, NULL, NULL, NULL, 'US', NULL, '', '', '', 0, 0),
(1404, NULL, NULL, NULL, 'IN', NULL, '', '', '', 0, 0),
(1405, NULL, NULL, NULL, 'EG', NULL, '', '', '', 0, 0),
(1406, NULL, NULL, NULL, 'EG', NULL, '', '', '', 0, 0),
(1407, NULL, NULL, NULL, 'EG', NULL, '', '', '', 0, 0),
(1408, NULL, NULL, NULL, 'IN', NULL, '', '', '', 0, 0),
(1409, NULL, NULL, NULL, 'SE', NULL, '', '', '', 0, 0),
(1410, NULL, NULL, NULL, 'EG', NULL, '', '', '', 0, 0),
(1411, NULL, NULL, NULL, 'PH', NULL, '', '', '', 0, 0),
(1412, NULL, NULL, NULL, 'EG', NULL, '', '', '', 0, 0),
(1413, NULL, NULL, NULL, 'EG', NULL, '', '', '', 0, 0),
(1414, NULL, NULL, NULL, 'EG', NULL, '', '', '', 0, 0),
(1415, NULL, NULL, NULL, 'FR', NULL, '', '', '', 0, 0),
(1416, NULL, NULL, NULL, 'EG', NULL, '', '', '', 0, 0),
(1417, NULL, NULL, NULL, 'KE', NULL, '', '', '', 0, 0),
(1418, NULL, NULL, NULL, 'EG', NULL, '', '', '', 0, 0),
(1419, NULL, NULL, NULL, 'PH', NULL, '', '', '', 0, 0),
(1420, NULL, NULL, NULL, 'US', NULL, '', '', '', 0, 0),
(1421, NULL, NULL, NULL, 'US', NULL, '', '', '', 0, 0),
(1422, NULL, NULL, NULL, NULL, NULL, '', '', '', 0, 0),
(1423, NULL, NULL, NULL, 'EG', NULL, '', '', '', 0, 0),
(1424, NULL, NULL, NULL, 'LB', NULL, '', '', '', 0, 0),
(1425, NULL, NULL, NULL, NULL, NULL, '', '', '', 0, 0),
(1426, NULL, NULL, NULL, 'PS', NULL, '', '', '', 0, 0),
(1427, NULL, NULL, NULL, 'US', NULL, '', '', '', 0, 0),
(1428, NULL, NULL, NULL, 'IN', NULL, '', '', '', 0, 0),
(1429, NULL, NULL, NULL, 'EG', NULL, '', '', '', 0, 0),
(1430, NULL, NULL, NULL, 'PS', NULL, '', '', '', 0, 0),
(1431, NULL, NULL, NULL, 'EG', NULL, '', '', '', 0, 0),
(1432, NULL, NULL, NULL, 'EG', NULL, '', '', '', 0, 0),
(1433, NULL, NULL, NULL, 'EG', NULL, '', '', '', 0, 0),
(1434, NULL, NULL, NULL, 'IN', NULL, '', '', '', 0, 0),
(1435, NULL, NULL, NULL, 'EG', NULL, '', '', '', 0, 0),
(1436, NULL, NULL, NULL, 'US', NULL, '', '', '', 0, 0),
(1437, NULL, NULL, NULL, 'US', NULL, '', '', '', 0, 0),
(1438, NULL, NULL, NULL, 'US', NULL, '', '', '', 0, 0),
(1439, NULL, NULL, NULL, 'US', NULL, '', '', '', 0, 0),
(1440, NULL, NULL, NULL, 'GB', NULL, '', '', '', 0, 0),
(1441, NULL, NULL, NULL, 'US', NULL, '', '', '', 0, 0),
(1442, NULL, NULL, NULL, 'US', NULL, '', '', '', 0, 0),
(1443, NULL, NULL, NULL, 'ZA', NULL, '', '', '', 0, 0),
(1444, NULL, NULL, NULL, 'US', NULL, '', '', '', 0, 0),
(1445, NULL, NULL, NULL, 'US', NULL, '', '', '', 0, 0),
(1446, NULL, NULL, NULL, 'GB', NULL, '', '', '', 0, 0),
(1447, NULL, NULL, NULL, 'IN', NULL, '', '', '', 0, 0),
(1448, NULL, NULL, NULL, 'US', NULL, '', '', '', 0, 0),
(1449, NULL, NULL, NULL, 'KR', NULL, '', '', '', 0, 0),
(1450, NULL, NULL, NULL, 'US', NULL, '', '', '', 0, 0),
(1451, NULL, NULL, NULL, 'CL', NULL, '', '', '', 0, 0),
(1452, NULL, NULL, NULL, 'DE', NULL, '', '', '', 0, 0),
(1453, NULL, NULL, NULL, 'US', NULL, '', '', '', 0, 0),
(1454, NULL, NULL, NULL, 'NG', NULL, '', '', '', 0, 0),
(1455, NULL, NULL, NULL, 'US', NULL, '', '', '', 0, 0),
(1456, NULL, NULL, NULL, 'US', NULL, '', '', '', 0, 0),
(1457, NULL, NULL, NULL, 'IN', NULL, '', '', '', 0, 0),
(1458, NULL, NULL, NULL, 'JP', NULL, '', '', '', 0, 0),
(1459, NULL, NULL, NULL, 'DE', NULL, '', '', '', 0, 0),
(1460, NULL, NULL, NULL, 'IN', NULL, '', '', '', 0, 0),
(1461, NULL, NULL, NULL, NULL, NULL, '', '', '', 0, 0),
(1462, NULL, NULL, NULL, 'IN', NULL, '', '', '', 0, 0),
(1463, NULL, NULL, NULL, 'IN', NULL, '', '', '', 0, 0),
(1464, NULL, NULL, NULL, 'IN', NULL, '', '', '', 0, 0),
(1465, NULL, NULL, NULL, 'US', NULL, '', '', '', 0, 0),
(1466, NULL, NULL, NULL, 'US', NULL, '', '', '', 0, 0),
(1467, NULL, NULL, NULL, 'MX', NULL, '', '', '', 0, 0),
(1468, NULL, NULL, NULL, 'IN', NULL, '', '', '', 0, 0),
(1469, NULL, NULL, NULL, 'US', NULL, '', '', '', 0, 0),
(1470, NULL, NULL, NULL, 'BR', NULL, '', '', '', 0, 0),
(1471, NULL, NULL, NULL, 'HK', NULL, '', '', '', 0, 0),
(1472, NULL, NULL, NULL, 'AU', NULL, '', '', '', 0, 0),
(1473, NULL, NULL, NULL, 'JP', NULL, '', '', '', 0, 0),
(1474, NULL, NULL, NULL, 'IN', NULL, '', '', '', 0, 0),
(1475, NULL, NULL, NULL, 'US', NULL, '', '', '', 0, 0),
(1476, NULL, NULL, NULL, 'US', NULL, '', '', '', 0, 0),
(1477, NULL, NULL, NULL, 'ID', NULL, '', '', '', 0, 0),
(1478, NULL, NULL, NULL, 'US', NULL, '', '', '', 0, 0),
(1479, NULL, NULL, NULL, 'JP', NULL, '', '', '', 0, 0),
(1480, NULL, NULL, NULL, 'DE', NULL, '', '', '', 0, 0),
(1481, NULL, NULL, NULL, 'IN', NULL, '', '', '', 0, 0),
(1482, NULL, NULL, NULL, 'IN', NULL, '', '', '', 0, 0),
(1483, NULL, NULL, NULL, 'NG', NULL, '', '', '', 0, 0),
(1484, NULL, NULL, NULL, 'US', NULL, '', '', '', 0, 0),
(1485, NULL, NULL, NULL, 'IN', NULL, '', '', '', 0, 0),
(1486, NULL, NULL, NULL, 'IN', NULL, '', '', '', 0, 0),
(1487, NULL, NULL, NULL, 'IN', NULL, '', '', '', 0, 0),
(1488, NULL, NULL, NULL, 'HK', NULL, '', '', '', 0, 0),
(1489, NULL, NULL, NULL, 'CN', NULL, '', '', '', 0, 0),
(1490, NULL, NULL, NULL, 'IN', NULL, '', '', '', 0, 0),
(1491, NULL, NULL, NULL, 'IN', NULL, '', '', '', 0, 0),
(1492, NULL, NULL, NULL, 'IN', NULL, '', '', '', 0, 0),
(1493, NULL, NULL, NULL, 'IN', NULL, '', '', '', 0, 0),
(1494, NULL, NULL, NULL, 'IN', NULL, '', '', '', 0, 0),
(1495, NULL, NULL, NULL, 'IN', NULL, '', '', '', 0, 0),
(1496, NULL, NULL, NULL, 'PH', NULL, '', '', '', 0, 0),
(1497, NULL, NULL, NULL, 'IN', NULL, '', '', '', 0, 0),
(1498, NULL, NULL, NULL, 'IN', NULL, '', '', '', 0, 0),
(1499, NULL, NULL, NULL, 'PH', NULL, '', '', '', 0, 0),
(1500, NULL, NULL, NULL, 'JP', NULL, '', '', '', 0, 0),
(1501, NULL, NULL, NULL, 'HK', NULL, '', '', '', 0, 0),
(1502, NULL, NULL, NULL, 'US', NULL, '', '', '', 0, 0),
(1503, NULL, NULL, NULL, 'PH', NULL, '', '', '', 0, 0),
(1504, NULL, NULL, NULL, 'EG', NULL, '', '', '', 0, 0),
(1505, NULL, NULL, NULL, 'EG', NULL, '', '', '', 0, 0),
(1506, NULL, NULL, NULL, 'PH', NULL, '', '', '', 0, 0),
(1507, NULL, NULL, NULL, 'EG', NULL, '', '', '', 0, 0),
(1508, NULL, NULL, NULL, 'US', NULL, '', '', '', 0, 0),
(1509, NULL, NULL, NULL, 'US', NULL, '', '', '', 0, 0),
(1510, NULL, NULL, NULL, 'IN', NULL, '', '', '', 0, 0),
(1511, NULL, NULL, NULL, 'TR', NULL, '', '', '', 0, 0),
(1512, NULL, NULL, NULL, 'IN', NULL, '', '', '', 0, 0),
(1513, NULL, NULL, NULL, 'IN', NULL, '', '', '', 0, 0),
(1514, NULL, NULL, NULL, 'ZA', NULL, '', '', '', 0, 0),
(1515, NULL, NULL, NULL, 'LB', NULL, '', '', '', 0, 0),
(1516, NULL, NULL, NULL, 'IN', NULL, '', '', '', 0, 0),
(1517, NULL, NULL, NULL, 'EG', NULL, '', '', '', 0, 0),
(1518, NULL, NULL, NULL, 'LB', NULL, '', '', '', 0, 0),
(1519, NULL, NULL, NULL, 'IN', NULL, '', '', '', 0, 0),
(1520, NULL, NULL, NULL, 'US', NULL, '', '', '', 0, 0),
(1521, NULL, NULL, NULL, 'EG', NULL, '', '', '', 0, 0),
(1522, NULL, NULL, NULL, 'FR', NULL, '', '', '', 0, 0),
(1523, NULL, NULL, NULL, 'US', NULL, '', '', '', 0, 0),
(1524, NULL, NULL, NULL, 'IN', NULL, '', '', '', 0, 0),
(1525, NULL, NULL, NULL, 'US', NULL, '', '', '', 0, 0),
(1526, NULL, NULL, NULL, 'US', NULL, '', '', '', 0, 0),
(1527, NULL, NULL, NULL, 'US', NULL, '', '', '', 0, 0),
(1528, NULL, NULL, NULL, 'US', NULL, '', '', '', 0, 0),
(1529, NULL, NULL, NULL, 'US', NULL, '', '', '', 0, 0),
(1530, NULL, NULL, NULL, 'US', NULL, '', '', '', 0, 0),
(1531, NULL, NULL, NULL, 'US', NULL, '', '', '', 0, 0),
(1532, NULL, NULL, NULL, 'US', NULL, '', '', '', 0, 0),
(1533, NULL, NULL, NULL, 'US', NULL, '', '', '', 0, 0),
(1534, NULL, NULL, NULL, 'US', NULL, '', '', '', 0, 0),
(1535, NULL, NULL, NULL, 'FR', NULL, '', '', '', 0, 0),
(1536, NULL, NULL, NULL, 'DE', NULL, '', '', '', 0, 0),
(1537, NULL, NULL, NULL, 'US', NULL, '', '', '', 0, 0),
(1538, NULL, NULL, NULL, 'ID', NULL, '', '', '', 0, 0),
(1539, NULL, NULL, NULL, 'US', NULL, '', '', '', 0, 0),
(1540, NULL, NULL, NULL, 'US', NULL, '', '', '', 0, 0),
(1541, NULL, NULL, NULL, 'US', NULL, '', '', '', 0, 0),
(1542, NULL, NULL, NULL, 'US', NULL, '', '', '', 0, 0),
(1543, NULL, NULL, NULL, 'GB', NULL, '', '', '', 0, 0),
(1544, NULL, NULL, NULL, 'US', NULL, '', '', '', 0, 0),
(1545, NULL, NULL, NULL, 'GB', NULL, '', '', '', 0, 0),
(1546, NULL, NULL, NULL, 'US', NULL, '', '', '', 0, 0),
(1547, NULL, NULL, NULL, 'US', NULL, '', '', '', 0, 0),
(1548, NULL, NULL, NULL, 'US', NULL, '', '', '', 0, 0),
(1549, NULL, NULL, NULL, 'EG', NULL, '', '', '', 0, 0),
(1550, NULL, NULL, NULL, 'US', NULL, '', '', '', 0, 0),
(1551, NULL, NULL, NULL, 'IN', NULL, '', '', '', 0, 0),
(1552, NULL, NULL, NULL, 'IN', NULL, '', '', '', 0, 0),
(1553, NULL, NULL, NULL, 'US', NULL, '', '', '', 0, 0),
(1554, NULL, NULL, NULL, 'DE', NULL, '', '', '', 0, 0),
(1555, NULL, NULL, NULL, 'IN', NULL, '', '', '', 0, 0),
(1556, NULL, NULL, NULL, 'IN', NULL, '', '', '', 0, 0),
(1557, NULL, NULL, NULL, 'IN', NULL, '', '', '', 0, 0),
(1558, NULL, NULL, NULL, 'IN', NULL, '', '', '', 0, 0),
(1559, NULL, NULL, NULL, 'IN', NULL, '', '', '', 0, 0),
(1560, NULL, NULL, NULL, 'EG', NULL, '', '', '', 0, 0),
(1561, NULL, NULL, NULL, 'US', NULL, '', '', '', 0, 0),
(1562, NULL, NULL, NULL, 'EG', NULL, '', '', '', 0, 0),
(1563, NULL, NULL, NULL, 'EG', NULL, '', '', '', 0, 0),
(1564, NULL, NULL, NULL, 'EG', NULL, '', '', '', 0, 0),
(1565, NULL, NULL, NULL, 'EG', NULL, '', '', '', 0, 0),
(1566, NULL, NULL, NULL, 'IN', NULL, '', '', '', 0, 0),
(1567, NULL, NULL, NULL, 'EG', NULL, '', '', '', 0, 0),
(1568, NULL, NULL, NULL, 'IN', NULL, '', '', '', 0, 0),
(1569, NULL, NULL, NULL, 'CA', NULL, '', '', '', 0, 0),
(1570, NULL, NULL, NULL, 'IN', NULL, '', '', '', 0, 0),
(1571, NULL, NULL, NULL, 'US', NULL, '', '', '', 0, 0),
(1572, NULL, NULL, NULL, 'US', NULL, '', '', '', 0, 0),
(1573, NULL, NULL, NULL, 'US', NULL, '', '', '', 0, 0),
(1574, NULL, NULL, NULL, 'US', NULL, '', '', '', 0, 0),
(1575, NULL, NULL, NULL, 'US', NULL, '', '', '', 0, 0),
(1576, NULL, NULL, NULL, 'US', NULL, '', '', '', 0, 0),
(1577, NULL, NULL, NULL, 'US', NULL, '', '', '', 0, 0),
(1578, NULL, NULL, NULL, 'US', NULL, '', '', '', 0, 0),
(1579, NULL, NULL, NULL, 'US', NULL, '', '', '', 0, 0),
(1580, NULL, NULL, NULL, 'US', NULL, '', '', '', 0, 0),
(1581, NULL, NULL, NULL, 'US', NULL, '', '', '', 0, 0),
(1582, NULL, NULL, NULL, 'US', NULL, '', '', '', 0, 0),
(1583, NULL, NULL, NULL, 'US', NULL, '', '', '', 0, 0),
(1584, NULL, NULL, NULL, 'US', NULL, '', '', '', 0, 0),
(1585, NULL, NULL, NULL, 'US', NULL, '', '', '', 0, 0),
(1586, NULL, NULL, NULL, 'GB', NULL, '', '', '', 0, 0),
(1587, NULL, NULL, NULL, 'LB', NULL, '', '', '', 0, 0),
(1588, NULL, NULL, NULL, 'JP', NULL, '', '', '', 0, 0),
(1589, NULL, NULL, NULL, 'GB', NULL, '', '', '', 0, 0),
(1590, NULL, NULL, NULL, 'US', NULL, '', '', '', 0, 0),
(1591, NULL, NULL, NULL, 'JP', NULL, '', '', '', 0, 0),
(1592, NULL, NULL, NULL, 'JP', NULL, '', '', '', 0, 0),
(1593, NULL, NULL, NULL, 'IN', NULL, '', '', '', 0, 0),
(1594, NULL, NULL, NULL, 'AR', NULL, '', '', '', 0, 0),
(1595, NULL, NULL, NULL, 'US', NULL, '', '', '', 0, 0),
(1596, NULL, NULL, NULL, 'US', NULL, '', '', '', 0, 0),
(1597, NULL, NULL, NULL, 'IN', NULL, '', '', '', 0, 0),
(1598, NULL, NULL, NULL, 'IN', NULL, '', '', '', 0, 0),
(1599, NULL, NULL, NULL, 'IN', NULL, '', '', '', 0, 0),
(1600, NULL, NULL, NULL, 'IN', NULL, '', '', '', 0, 0),
(1601, NULL, NULL, NULL, 'IN', NULL, '', '', '', 0, 0),
(1602, NULL, NULL, NULL, 'IN', NULL, '', '', '', 0, 0),
(1603, NULL, NULL, NULL, 'IN', NULL, '', '', '', 0, 0),
(1604, NULL, NULL, NULL, 'IN', NULL, '', '', '', 0, 0),
(1605, NULL, NULL, NULL, 'IN', NULL, '', '', '', 0, 0),
(1606, NULL, NULL, NULL, 'US', NULL, '', '', '', 0, 0),
(1607, NULL, NULL, NULL, 'IN', NULL, '', '', '', 0, 0),
(1608, NULL, NULL, NULL, 'EG', NULL, '', '', '', 0, 0),
(1609, NULL, NULL, NULL, 'US', NULL, '', '', '', 0, 0),
(1610, NULL, NULL, NULL, 'US', NULL, '', '', '', 0, 0),
(1611, NULL, NULL, NULL, 'IN', NULL, '', '', '', 0, 0),
(1612, NULL, NULL, NULL, 'US', NULL, '', '', '', 0, 0),
(1613, NULL, NULL, NULL, 'EG', NULL, '', '', '', 0, 0),
(1614, NULL, NULL, NULL, 'US', NULL, '', '', '', 0, 0),
(1615, NULL, NULL, NULL, 'US', NULL, '', '', '', 0, 0),
(1616, NULL, NULL, NULL, 'US', NULL, '', '', '', 0, 0),
(1617, NULL, NULL, NULL, 'US', NULL, '', '', '', 0, 0),
(1618, NULL, NULL, NULL, 'US', NULL, '', '', '', 0, 0),
(1619, NULL, NULL, NULL, 'US', NULL, '', '', '', 0, 0),
(1620, NULL, NULL, NULL, 'US', NULL, '', '', '', 0, 0),
(1621, NULL, NULL, NULL, 'JP', NULL, '', '', '', 0, 0),
(1622, NULL, NULL, NULL, 'US', NULL, '', '', '', 0, 0),
(1623, NULL, NULL, NULL, 'US', NULL, '', '', '', 0, 0),
(1624, NULL, NULL, NULL, 'GB', NULL, '', '', '', 0, 0),
(1625, NULL, NULL, NULL, 'US', NULL, '', '', '', 0, 0),
(1626, NULL, NULL, NULL, 'US', NULL, '', '', '', 0, 0),
(1627, NULL, NULL, NULL, 'US', NULL, '', '', '', 0, 0),
(1628, NULL, NULL, NULL, 'JP', NULL, '', '', '', 0, 0),
(1629, NULL, NULL, NULL, 'US', NULL, '', '', '', 0, 0),
(1630, NULL, NULL, NULL, NULL, NULL, '', '', '', 0, 0),
(1631, NULL, NULL, NULL, 'US', NULL, '', '', '', 0, 0),
(1632, NULL, NULL, NULL, 'US', NULL, '', '', '', 0, 0),
(1633, NULL, NULL, NULL, 'IE', NULL, '', '', '', 0, 0),
(1634, NULL, NULL, NULL, 'US', NULL, '', '', '', 0, 0),
(1635, NULL, NULL, NULL, 'US', NULL, '', '', '', 0, 0),
(1636, NULL, NULL, NULL, 'JP', NULL, '', '', '', 0, 0),
(1637, NULL, NULL, NULL, 'US', NULL, '', '', '', 0, 0),
(1638, NULL, NULL, NULL, 'ET', NULL, '', '', '', 0, 0),
(1639, NULL, NULL, NULL, 'HK', NULL, '', '', '', 0, 0),
(1640, NULL, NULL, NULL, 'GB', NULL, '', '', '', 0, 0),
(1641, NULL, NULL, NULL, 'IN', NULL, '', '', '', 0, 0),
(1642, NULL, NULL, NULL, 'IN', NULL, '', '', '', 0, 0),
(1643, NULL, NULL, NULL, 'MX', NULL, '', '', '', 0, 0),
(1644, NULL, NULL, NULL, 'CN', NULL, '', '', '', 0, 0),
(1645, NULL, NULL, NULL, 'DE', NULL, '', '', '', 0, 0),
(1646, NULL, NULL, NULL, 'IN', NULL, '', '', '', 0, 0),
(1647, NULL, NULL, NULL, 'IN', NULL, '', '', '', 0, 0),
(1648, NULL, NULL, NULL, 'IN', NULL, '', '', '', 0, 0),
(1649, NULL, NULL, NULL, 'IN', NULL, '', '', '', 0, 0),
(1650, NULL, NULL, NULL, 'US', NULL, '', '', '', 0, 0),
(1651, NULL, NULL, NULL, 'IN', NULL, '', '', '', 0, 0),
(1652, NULL, NULL, NULL, 'ES', NULL, '', '', '', 0, 0),
(1653, NULL, NULL, NULL, 'IN', NULL, '', '', '', 0, 0),
(1654, NULL, NULL, NULL, 'IN', NULL, '', '', '', 0, 0),
(1655, NULL, NULL, NULL, 'EG', NULL, '', '', '', 0, 0),
(1656, NULL, NULL, NULL, 'IN', NULL, '', '', '', 0, 0),
(1657, NULL, NULL, NULL, 'IN', NULL, '', '', '', 0, 0),
(1658, NULL, NULL, NULL, 'DE', NULL, '', '', '', 0, 0),
(1659, NULL, NULL, NULL, 'IN', NULL, '', '', '', 0, 0),
(1660, NULL, NULL, NULL, 'IN', NULL, '', '', '', 0, 0),
(1661, NULL, NULL, NULL, 'IN', NULL, '', '', '', 0, 0),
(1662, NULL, NULL, NULL, 'IN', NULL, '', '', '', 0, 0),
(1663, NULL, NULL, NULL, 'IN', NULL, '', '', '', 0, 0),
(1664, NULL, NULL, NULL, 'IN', NULL, '', '', '', 0, 0),
(1665, NULL, NULL, NULL, 'IN', NULL, '', '', '', 0, 0),
(1666, NULL, NULL, NULL, 'EG', NULL, '', '', '', 0, 0),
(1667, NULL, NULL, NULL, 'IN', NULL, '', '', '', 0, 0),
(1668, NULL, NULL, NULL, 'IN', NULL, '', '', '', 0, 0),
(1669, NULL, NULL, NULL, 'US', NULL, '', '', '', 0, 0),
(1670, NULL, NULL, NULL, 'IN', NULL, '', '', '', 0, 0),
(1671, NULL, NULL, NULL, 'GB', NULL, '', '', '', 0, 0),
(1672, NULL, NULL, NULL, 'IN', NULL, '', '', '', 0, 0),
(1673, NULL, NULL, NULL, 'LB', NULL, '', '', '', 0, 0),
(1674, NULL, NULL, NULL, 'IN', NULL, '', '', '', 0, 0),
(1675, NULL, NULL, NULL, 'SU', NULL, '', '', '', 0, 0),
(1676, NULL, NULL, NULL, 'IT', NULL, '', '', '', 0, 0),
(1677, NULL, NULL, NULL, 'TR', NULL, '', '', '', 0, 0),
(1678, NULL, NULL, NULL, 'IN', NULL, '', '', '', 0, 0),
(1679, NULL, NULL, NULL, 'IN', NULL, '', '', '', 0, 0),
(1680, NULL, NULL, NULL, 'IN', NULL, '', '', '', 0, 0),
(1681, NULL, NULL, NULL, 'LB', NULL, '', '', '', 0, 0),
(1682, NULL, NULL, NULL, 'US', NULL, '', '', '', 0, 0),
(1683, NULL, NULL, NULL, 'EG', NULL, '', '', '', 0, 0),
(1684, NULL, NULL, NULL, 'US', NULL, '', '', '', 0, 0),
(1685, NULL, NULL, NULL, 'IN', NULL, '', '', '', 0, 0),
(1686, NULL, NULL, NULL, 'FR', NULL, '', '', '', 0, 0),
(1687, NULL, NULL, NULL, 'IN', NULL, '', '', '', 0, 0),
(1688, NULL, NULL, NULL, 'US', NULL, '', '', '', 0, 0),
(1689, NULL, NULL, NULL, 'US', NULL, '', '', '', 0, 0),
(1690, NULL, NULL, NULL, 'NZ', NULL, '', '', '', 0, 0),
(1691, NULL, NULL, NULL, 'US', NULL, '', '', '', 0, 0),
(1692, NULL, NULL, NULL, 'GB', NULL, '', '', '', 0, 0),
(1693, NULL, NULL, NULL, 'GB', NULL, '', '', '', 0, 0),
(1694, NULL, NULL, NULL, 'US', NULL, '', '', '', 0, 0),
(1695, NULL, NULL, NULL, 'NZ', NULL, '', '', '', 0, 0),
(1696, NULL, NULL, NULL, 'NZ', NULL, '', '', '', 0, 0),
(1697, NULL, NULL, NULL, 'CA', NULL, '', '', '', 0, 0),
(1698, NULL, NULL, NULL, 'US', NULL, '', '', '', 0, 0),
(1699, NULL, NULL, NULL, 'US', NULL, '', '', '', 0, 0),
(1700, NULL, NULL, NULL, 'US', NULL, '', '', '', 0, 0),
(1701, NULL, NULL, NULL, 'US', NULL, '', '', '', 0, 0),
(1702, NULL, NULL, NULL, 'GB', NULL, '', '', '', 0, 0),
(1703, NULL, NULL, NULL, 'US', NULL, '', '', '', 0, 0),
(1704, NULL, NULL, NULL, 'US', NULL, '', '', '', 0, 0),
(1705, NULL, NULL, NULL, 'US', NULL, '', '', '', 0, 0),
(1706, NULL, NULL, NULL, 'US', NULL, '', '', '', 0, 0),
(1707, NULL, NULL, NULL, 'CN', NULL, '', '', '', 0, 0),
(1708, NULL, NULL, NULL, 'US', NULL, '', '', '', 0, 0),
(1709, NULL, NULL, NULL, 'US', NULL, '', '', '', 0, 0),
(1710, NULL, NULL, NULL, 'DE', NULL, '', '', '', 0, 0),
(1711, NULL, NULL, NULL, 'US', NULL, '', '', '', 0, 0),
(1712, NULL, NULL, NULL, 'US', NULL, '', '', '', 0, 0),
(1713, NULL, NULL, NULL, 'US', NULL, '', '', '', 0, 0),
(1714, NULL, NULL, NULL, 'US', NULL, '', '', '', 0, 0),
(1715, NULL, NULL, NULL, 'FR', NULL, '', '', '', 0, 0),
(1716, NULL, NULL, NULL, 'US', NULL, '', '', '', 0, 0),
(1717, NULL, NULL, NULL, 'GB', NULL, '', '', '', 0, 0),
(1718, NULL, NULL, NULL, 'US', NULL, '', '', '', 0, 0),
(1719, NULL, NULL, NULL, 'US', NULL, '', '', '', 0, 0),
(1720, NULL, NULL, NULL, 'DE', NULL, '', '', '', 0, 0),
(1721, NULL, NULL, NULL, 'US', NULL, '', '', '', 0, 0),
(1722, NULL, NULL, NULL, 'US', NULL, '', '', '', 0, 0),
(1723, NULL, NULL, NULL, 'US', NULL, '', '', '', 0, 0),
(1724, NULL, NULL, NULL, 'US', NULL, '', '', '', 0, 0),
(1725, NULL, NULL, NULL, 'IE', NULL, '', '', '', 0, 0),
(1726, NULL, NULL, NULL, 'US', NULL, '', '', '', 0, 0),
(1727, NULL, NULL, NULL, 'US', NULL, '', '', '', 0, 0),
(1728, NULL, NULL, NULL, 'US', NULL, '', '', '', 0, 0),
(1729, NULL, NULL, NULL, 'IN', NULL, '', '', '', 0, 0),
(1730, NULL, NULL, NULL, 'US', NULL, '', '', '', 0, 0),
(1731, NULL, NULL, NULL, 'GB', NULL, '', '', '', 0, 0),
(1732, NULL, NULL, NULL, 'US', NULL, '', '', '', 0, 0),
(1733, NULL, NULL, NULL, 'US', NULL, '', '', '', 0, 0),
(1734, NULL, NULL, NULL, 'MX', NULL, '', '', '', 0, 0),
(1735, NULL, NULL, NULL, 'MX', NULL, '', '', '', 0, 0),
(1736, NULL, NULL, NULL, 'US', NULL, '', '', '', 0, 0),
(1737, NULL, NULL, NULL, 'IN', NULL, '', '', '', 0, 0),
(1738, NULL, NULL, NULL, 'IN', NULL, '', '', '', 0, 0),
(1739, NULL, NULL, NULL, 'GB', NULL, '', '', '', 0, 0),
(1740, NULL, NULL, NULL, 'US', NULL, '', '', '', 0, 0),
(1741, NULL, NULL, NULL, 'GB', NULL, '', '', '', 0, 0),
(1742, NULL, NULL, NULL, 'IN', NULL, '', '', '', 0, 0),
(1743, NULL, NULL, NULL, 'CA', NULL, '', '', '', 0, 0),
(1744, NULL, NULL, NULL, 'US', NULL, '', '', '', 0, 0),
(1745, NULL, NULL, NULL, 'IN', NULL, '', '', '', 0, 0),
(1746, NULL, NULL, NULL, 'US', NULL, '', '', '', 0, 0),
(1747, NULL, NULL, NULL, 'US', NULL, '', '', '', 0, 0),
(1748, NULL, NULL, NULL, 'ES', NULL, '', '', '', 0, 0),
(1749, NULL, NULL, NULL, 'US', NULL, '', '', '', 0, 0),
(1750, NULL, NULL, NULL, 'IN', NULL, '', '', '', 0, 0),
(1751, NULL, NULL, NULL, 'IN', NULL, '', '', '', 0, 0),
(1752, NULL, NULL, NULL, 'US', NULL, '', '', '', 0, 0),
(1753, NULL, NULL, NULL, 'US', NULL, '', '', '', 0, 0),
(1754, NULL, NULL, NULL, 'US', NULL, '', '', '', 0, 0),
(1755, NULL, NULL, NULL, 'US', NULL, '', '', '', 0, 0),
(1756, NULL, NULL, NULL, 'US', NULL, '', '', '', 0, 0),
(1757, NULL, NULL, NULL, 'US', NULL, '', '', '', 0, 0),
(1758, NULL, NULL, NULL, 'JP', NULL, '', '', '', 0, 0),
(1759, NULL, NULL, NULL, 'US', NULL, '', '', '', 0, 0),
(1760, NULL, NULL, NULL, 'MX', NULL, '', '', '', 0, 0),
(1761, NULL, NULL, NULL, 'IN', NULL, '', '', '', 0, 0),
(1762, NULL, NULL, NULL, 'HK', NULL, '', '', '', 0, 0),
(1763, NULL, NULL, NULL, 'US', NULL, '', '', '', 0, 0),
(1764, NULL, NULL, NULL, 'US', NULL, '', '', '', 0, 0),
(1765, NULL, NULL, NULL, 'IN', NULL, '', '', '', 0, 0),
(1766, NULL, NULL, NULL, 'CA', NULL, '', '', '', 0, 0),
(1767, NULL, NULL, NULL, 'IN', NULL, '', '', '', 0, 0),
(1768, NULL, NULL, NULL, 'US', NULL, '', '', '', 0, 0),
(1769, NULL, NULL, NULL, 'US', NULL, '', '', '', 0, 0),
(1770, NULL, NULL, NULL, 'IN', NULL, '', '', '', 0, 0),
(1771, NULL, NULL, NULL, 'IN', NULL, '', '', '', 0, 0),
(1772, NULL, NULL, NULL, 'IN', NULL, '', '', '', 0, 0),
(1773, NULL, NULL, NULL, 'IN', NULL, '', '', '', 0, 0),
(1774, NULL, NULL, NULL, 'JP', NULL, '', '', '', 0, 0),
(1775, NULL, NULL, NULL, 'NG', NULL, '', '', '', 0, 0),
(1776, NULL, NULL, NULL, 'IN', NULL, '', '', '', 0, 0),
(1777, NULL, NULL, NULL, 'IN', NULL, '', '', '', 0, 0),
(1778, NULL, NULL, NULL, 'JP', NULL, '', '', '', 0, 0),
(1779, NULL, NULL, NULL, 'AR', NULL, '', '', '', 0, 0),
(1780, NULL, NULL, NULL, 'LB', NULL, '', '', '', 0, 0),
(1781, NULL, NULL, NULL, 'IN', NULL, '', '', '', 0, 0),
(1782, NULL, NULL, NULL, 'EG', NULL, '', '', '', 0, 0),
(1783, NULL, NULL, NULL, 'US', NULL, '', '', '', 0, 0),
(1784, NULL, NULL, NULL, 'IN', NULL, '', '', '', 0, 0),
(1785, NULL, NULL, NULL, 'IN', NULL, '', '', '', 0, 0),
(1786, NULL, NULL, NULL, 'US', NULL, '', '', '', 0, 0),
(1787, NULL, NULL, NULL, 'IN', NULL, '', '', '', 0, 0),
(1788, NULL, NULL, NULL, 'IN', NULL, '', '', '', 0, 0),
(1789, NULL, NULL, NULL, 'US', NULL, '', '', '', 0, 0),
(1790, NULL, NULL, NULL, 'IN', NULL, '', '', '', 0, 0),
(1791, NULL, NULL, NULL, NULL, NULL, '', '', '', 0, 0),
(1792, NULL, NULL, NULL, 'US', NULL, '', '', '', 0, 0),
(1793, NULL, NULL, NULL, 'CA', NULL, '', '', '', 0, 0),
(1794, NULL, NULL, NULL, 'IN', NULL, '', '', '', 0, 0),
(1795, NULL, NULL, NULL, 'US', NULL, '', '', '', 0, 0),
(1796, NULL, NULL, NULL, 'US', NULL, '', '', '', 0, 0),
(1797, NULL, NULL, NULL, 'HK', NULL, '', '', '', 0, 0),
(1798, NULL, NULL, NULL, 'IN', NULL, '', '', '', 0, 0),
(1799, NULL, NULL, NULL, 'US', NULL, '', '', '', 0, 0),
(1800, NULL, NULL, NULL, 'US', NULL, '', '', '', 0, 0),
(1801, NULL, NULL, NULL, 'DE', NULL, '', '', '', 0, 0),
(1802, NULL, NULL, NULL, 'IN', NULL, '', '', '', 0, 0),
(1803, NULL, NULL, NULL, 'PS', NULL, '', '', '', 0, 0),
(1804, NULL, NULL, NULL, 'IN', NULL, '', '', '', 0, 0),
(1805, NULL, NULL, NULL, 'GB', NULL, '', '', '', 0, 0),
(1806, NULL, NULL, NULL, 'GB', NULL, '', '', '', 0, 0),
(1807, NULL, NULL, NULL, 'IN', NULL, '', '', '', 0, 0),
(1808, NULL, NULL, NULL, 'US', NULL, '', '', '', 0, 0),
(1809, NULL, NULL, NULL, 'AU', NULL, '', '', '', 0, 0),
(1810, NULL, NULL, NULL, 'TR', NULL, '', '', '', 0, 0),
(1811, NULL, NULL, NULL, 'US', NULL, '', '', '', 0, 0),
(1812, NULL, NULL, NULL, 'IN', NULL, '', '', '', 0, 0),
(1813, NULL, NULL, NULL, 'IN', NULL, '', '', '', 0, 0),
(1814, NULL, NULL, NULL, 'JP', NULL, '', '', '', 0, 0),
(1815, NULL, NULL, NULL, 'IN', NULL, '', '', '', 0, 0),
(1816, NULL, NULL, NULL, 'US', NULL, '', '', '', 0, 0),
(1817, NULL, NULL, NULL, 'IN', NULL, '', '', '', 0, 0),
(1818, NULL, NULL, NULL, 'US', NULL, '', '', '', 0, 0),
(1819, NULL, NULL, NULL, 'IN', NULL, '', '', '', 0, 0),
(1820, NULL, NULL, NULL, 'US', NULL, '', '', '', 0, 0),
(1821, NULL, NULL, NULL, 'CN', NULL, '', '', '', 0, 0),
(1822, NULL, NULL, NULL, 'JP', NULL, '', '', '', 0, 0),
(1823, NULL, NULL, NULL, 'MX', NULL, '', '', '', 0, 0),
(1824, NULL, NULL, NULL, 'IN', NULL, '', '', '', 0, 0),
(1825, NULL, NULL, NULL, 'IN', NULL, '', '', '', 0, 0),
(1826, NULL, NULL, NULL, 'CN', NULL, '', '', '', 0, 0),
(1827, NULL, NULL, NULL, 'IN', NULL, '', '', '', 0, 0),
(1828, NULL, NULL, NULL, 'IN', NULL, '', '', '', 0, 0),
(1829, NULL, NULL, NULL, 'IN', NULL, '', '', '', 0, 0),
(1830, NULL, NULL, NULL, 'IN', NULL, '', '', '', 0, 0),
(1831, NULL, NULL, NULL, 'JP', NULL, '', '', '', 0, 0),
(1832, NULL, NULL, NULL, 'JP', NULL, '', '', '', 0, 0),
(1833, NULL, NULL, NULL, 'US', NULL, '', '', '', 0, 0),
(1834, NULL, NULL, NULL, 'HK', NULL, '', '', '', 0, 0),
(1835, NULL, NULL, NULL, 'IN', NULL, '', '', '', 0, 0),
(1836, NULL, NULL, NULL, 'CA', NULL, '', '', '', 0, 0),
(1837, NULL, NULL, NULL, 'HK', NULL, '', '', '', 0, 0),
(1838, NULL, NULL, NULL, 'TR', NULL, '', '', '', 0, 0),
(1839, NULL, NULL, NULL, 'JP', NULL, '', '', '', 0, 0),
(1840, NULL, NULL, NULL, 'IN', NULL, '', '', '', 0, 0),
(1841, NULL, NULL, NULL, 'IN', NULL, '', '', '', 0, 0),
(1842, NULL, NULL, NULL, 'US', NULL, '', '', '', 0, 0),
(1843, NULL, NULL, NULL, 'US', NULL, '', '', '', 0, 0),
(1844, NULL, NULL, NULL, 'LB', NULL, '', '', '', 0, 0),
(1845, NULL, NULL, NULL, 'JP', NULL, '', '', '', 0, 0),
(1846, NULL, NULL, NULL, 'JP', NULL, '', '', '', 0, 0),
(1847, NULL, NULL, NULL, 'KR', NULL, '', '', '', 0, 0),
(1848, NULL, NULL, NULL, 'US', NULL, '', '', '', 0, 0),
(1849, NULL, NULL, NULL, 'CN', NULL, '', '', '', 0, 0),
(1850, NULL, NULL, NULL, 'IN', NULL, '', '', '', 0, 0),
(1851, NULL, NULL, NULL, 'IN', NULL, '', '', '', 0, 0),
(1852, NULL, NULL, NULL, 'IN', NULL, '', '', '', 0, 0),
(1853, NULL, NULL, NULL, 'IN', NULL, '', '', '', 0, 0),
(1854, NULL, NULL, NULL, 'FR', NULL, '', '', '', 0, 0),
(1855, NULL, NULL, NULL, 'MY', NULL, '', '', '', 0, 0),
(1856, NULL, NULL, NULL, 'JP', NULL, '', '', '', 0, 0),
(1857, NULL, NULL, NULL, 'JP', NULL, '', '', '', 0, 0),
(1858, NULL, NULL, NULL, 'HK', NULL, '', '', '', 0, 0),
(1859, NULL, NULL, NULL, 'IN', NULL, '', '', '', 0, 0),
(1860, NULL, NULL, NULL, 'HK', NULL, '', '', '', 0, 0),
(1861, NULL, NULL, NULL, 'US', NULL, '', '', '', 0, 0),
(1862, NULL, NULL, NULL, 'US', NULL, '', '', '', 0, 0),
(1863, NULL, NULL, NULL, 'FR', NULL, '', '', '', 0, 0),
(1864, NULL, NULL, NULL, 'DE', NULL, '', '', '', 0, 0),
(1865, NULL, NULL, NULL, 'EG', NULL, '', '', '', 0, 0),
(1866, NULL, NULL, NULL, 'PH', NULL, '', '', '', 0, 0),
(1867, NULL, NULL, NULL, 'JP', NULL, '', '', '', 0, 0),
(1868, NULL, NULL, NULL, 'JP', NULL, '', '', '', 0, 0),
(1869, NULL, NULL, NULL, 'JP', NULL, '', '', '', 0, 0),
(1870, NULL, NULL, NULL, 'JP', NULL, '', '', '', 0, 0),
(1871, NULL, NULL, NULL, 'FR', NULL, '', '', '', 0, 0),
(1872, NULL, NULL, NULL, 'IN', NULL, '', '', '', 0, 0),
(1873, NULL, NULL, NULL, 'IN', NULL, '', '', '', 0, 0),
(1874, NULL, NULL, NULL, 'KR', NULL, '', '', '', 0, 0),
(1875, NULL, NULL, NULL, 'TW', NULL, '', '', '', 0, 0),
(1876, NULL, NULL, NULL, 'TR', NULL, '', '', '', 0, 0),
(1877, NULL, NULL, NULL, 'IN', NULL, '', '', '', 0, 0),
(1878, NULL, NULL, NULL, 'IN', NULL, '', '', '', 0, 0),
(1879, NULL, NULL, NULL, 'IN', NULL, '', '', '', 0, 0),
(1880, NULL, NULL, NULL, 'IN', NULL, '', '', '', 0, 0),
(1881, NULL, NULL, NULL, 'ZA', NULL, '', '', '', 0, 0),
(1882, NULL, NULL, NULL, 'IN', NULL, '', '', '', 0, 0),
(1883, NULL, NULL, NULL, 'IN', NULL, '', '', '', 0, 0),
(1884, NULL, NULL, NULL, 'IN', NULL, '', '', '', 0, 0),
(1885, NULL, NULL, NULL, 'IN', NULL, '', '', '', 0, 0),
(1886, NULL, NULL, NULL, 'MA', NULL, '', '', '', 0, 0),
(1887, NULL, NULL, NULL, 'IN', NULL, '', '', '', 0, 0),
(1888, NULL, NULL, NULL, 'CA', NULL, '', '', '', 0, 0),
(1889, NULL, NULL, NULL, 'MY', NULL, '', '', '', 0, 0),
(1890, NULL, NULL, NULL, 'IN', NULL, '', '', '', 0, 0),
(1891, NULL, NULL, NULL, 'IN', NULL, '', '', '', 0, 0),
(1892, NULL, NULL, NULL, 'IN', NULL, '', '', '', 0, 0),
(1893, NULL, NULL, NULL, 'EG', NULL, '', '', '', 0, 0),
(1894, NULL, NULL, NULL, 'IN', NULL, '', '', '', 0, 0),
(1895, NULL, NULL, NULL, 'IN', NULL, '', '', '', 0, 0),
(1896, NULL, NULL, NULL, 'US', NULL, '', '', '', 0, 0),
(1897, NULL, NULL, NULL, 'MY', NULL, '', '', '', 0, 0),
(1898, NULL, NULL, NULL, 'US', NULL, '', '', '', 0, 0),
(1899, NULL, NULL, NULL, 'EG', NULL, '', '', '', 0, 0),
(1900, NULL, NULL, NULL, 'EG', NULL, '', '', '', 0, 0),
(1901, NULL, NULL, NULL, 'US', NULL, '', '', '', 0, 0),
(1902, NULL, NULL, NULL, 'US', NULL, '', '', '', 0, 0),
(1903, NULL, NULL, NULL, 'IN', NULL, '', '', '', 0, 0),
(1904, NULL, NULL, NULL, 'EG', NULL, '', '', '', 0, 0),
(1905, NULL, NULL, NULL, 'EG', NULL, '', '', '', 0, 0),
(1906, NULL, NULL, NULL, 'EG', NULL, '', '', '', 0, 0),
(1907, NULL, NULL, NULL, 'IN', NULL, '', '', '', 0, 0),
(1908, NULL, NULL, NULL, 'SE', NULL, '', '', '', 0, 0),
(1909, NULL, NULL, NULL, 'EG', NULL, '', '', '', 0, 0),
(1910, NULL, NULL, NULL, 'PH', NULL, '', '', '', 0, 0),
(1911, NULL, NULL, NULL, 'EG', NULL, '', '', '', 0, 0),
(1912, NULL, NULL, NULL, 'EG', NULL, '', '', '', 0, 0),
(1913, NULL, NULL, NULL, 'EG', NULL, '', '', '', 0, 0),
(1914, NULL, NULL, NULL, 'FR', NULL, '', '', '', 0, 0),
(1915, NULL, NULL, NULL, 'EG', NULL, '', '', '', 0, 0),
(1916, NULL, NULL, NULL, 'KE', NULL, '', '', '', 0, 0),
(1917, NULL, NULL, NULL, 'EG', NULL, '', '', '', 0, 0),
(1918, NULL, NULL, NULL, 'PH', NULL, '', '', '', 0, 0),
(1919, NULL, NULL, NULL, 'US', NULL, '', '', '', 0, 0),
(1920, NULL, NULL, NULL, 'US', NULL, '', '', '', 0, 0),
(1921, NULL, NULL, NULL, NULL, NULL, '', '', '', 0, 0),
(1922, NULL, NULL, NULL, 'EG', NULL, '', '', '', 0, 0),
(1923, NULL, NULL, NULL, 'LB', NULL, '', '', '', 0, 0),
(1924, NULL, NULL, NULL, NULL, NULL, '', '', '', 0, 0),
(1925, NULL, NULL, NULL, 'PS', NULL, '', '', '', 0, 0),
(1926, NULL, NULL, NULL, 'US', NULL, '', '', '', 0, 0),
(1927, NULL, NULL, NULL, 'IN', NULL, '', '', '', 0, 0),
(1928, NULL, NULL, NULL, 'EG', NULL, '', '', '', 0, 0),
(1929, NULL, NULL, NULL, 'PS', NULL, '', '', '', 0, 0),
(1930, NULL, NULL, NULL, 'EG', NULL, '', '', '', 0, 0),
(1931, NULL, NULL, NULL, 'EG', NULL, '', '', '', 0, 0),
(1932, NULL, NULL, NULL, 'EG', NULL, '', '', '', 0, 0),
(1933, NULL, NULL, NULL, 'IN', NULL, '', '', '', 0, 0),
(1934, NULL, NULL, NULL, 'EG', NULL, '', '', '', 0, 0),
(1935, NULL, NULL, NULL, 'US', NULL, '', '', '', 0, 0),
(1936, NULL, NULL, NULL, 'US', NULL, '', '', '', 0, 0),
(1937, NULL, NULL, NULL, 'US', NULL, '', '', '', 0, 0),
(1938, NULL, NULL, NULL, 'US', NULL, '', '', '', 0, 0),
(1939, NULL, NULL, NULL, 'GB', NULL, '', '', '', 0, 0),
(1940, NULL, NULL, NULL, 'US', NULL, '', '', '', 0, 0),
(1941, NULL, NULL, NULL, 'US', NULL, '', '', '', 0, 0),
(1942, NULL, NULL, NULL, 'ZA', NULL, '', '', '', 0, 0),
(1943, NULL, NULL, NULL, 'US', NULL, '', '', '', 0, 0),
(1944, NULL, NULL, NULL, 'US', NULL, '', '', '', 0, 0),
(1945, NULL, NULL, NULL, 'GB', NULL, '', '', '', 0, 0),
(1946, NULL, NULL, NULL, 'IN', NULL, '', '', '', 0, 0),
(1947, NULL, NULL, NULL, 'US', NULL, '', '', '', 0, 0),
(1948, NULL, NULL, NULL, 'KR', NULL, '', '', '', 0, 0),
(1949, NULL, NULL, NULL, 'US', NULL, '', '', '', 0, 0),
(1950, NULL, NULL, NULL, 'CL', NULL, '', '', '', 0, 0),
(1951, NULL, NULL, NULL, 'DE', NULL, '', '', '', 0, 0),
(1952, NULL, NULL, NULL, 'US', NULL, '', '', '', 0, 0),
(1953, NULL, NULL, NULL, 'NG', NULL, '', '', '', 0, 0),
(1954, NULL, NULL, NULL, 'US', NULL, '', '', '', 0, 0),
(1955, NULL, NULL, NULL, 'US', NULL, '', '', '', 0, 0),
(1956, NULL, NULL, NULL, 'IN', NULL, '', '', '', 0, 0),
(1957, NULL, NULL, NULL, 'JP', NULL, '', '', '', 0, 0),
(1958, NULL, NULL, NULL, 'DE', NULL, '', '', '', 0, 0),
(1959, NULL, NULL, NULL, 'IN', NULL, '', '', '', 0, 0),
(1960, NULL, NULL, NULL, NULL, NULL, '', '', '', 0, 0),
(1961, NULL, NULL, NULL, 'IN', NULL, '', '', '', 0, 0),
(1962, NULL, NULL, NULL, 'IN', NULL, '', '', '', 0, 0),
(1963, NULL, NULL, NULL, 'IN', NULL, '', '', '', 0, 0),
(1964, NULL, NULL, NULL, 'US', NULL, '', '', '', 0, 0),
(1965, NULL, NULL, NULL, 'US', NULL, '', '', '', 0, 0),
(1966, NULL, NULL, NULL, 'MX', NULL, '', '', '', 0, 0),
(1967, NULL, NULL, NULL, 'IN', NULL, '', '', '', 0, 0),
(1968, NULL, NULL, NULL, 'US', NULL, '', '', '', 0, 0),
(1969, NULL, NULL, NULL, 'BR', NULL, '', '', '', 0, 0),
(1970, NULL, NULL, NULL, 'HK', NULL, '', '', '', 0, 0),
(1971, NULL, NULL, NULL, 'AU', NULL, '', '', '', 0, 0),
(1972, NULL, NULL, NULL, 'JP', NULL, '', '', '', 0, 0),
(1973, NULL, NULL, NULL, 'IN', NULL, '', '', '', 0, 0),
(1974, NULL, NULL, NULL, 'US', NULL, '', '', '', 0, 0),
(1975, NULL, NULL, NULL, 'US', NULL, '', '', '', 0, 0),
(1976, NULL, NULL, NULL, 'ID', NULL, '', '', '', 0, 0),
(1977, NULL, NULL, NULL, 'US', NULL, '', '', '', 0, 0),
(1978, NULL, NULL, NULL, 'JP', NULL, '', '', '', 0, 0),
(1979, NULL, NULL, NULL, 'DE', NULL, '', '', '', 0, 0),
(1980, NULL, NULL, NULL, 'IN', NULL, '', '', '', 0, 0),
(1981, NULL, NULL, NULL, 'IN', NULL, '', '', '', 0, 0),
(1982, NULL, NULL, NULL, 'NG', NULL, '', '', '', 0, 0),
(1983, NULL, NULL, NULL, 'US', NULL, '', '', '', 0, 0),
(1984, NULL, NULL, NULL, 'IN', NULL, '', '', '', 0, 0),
(1985, NULL, NULL, NULL, 'IN', NULL, '', '', '', 0, 0);
INSERT INTO `Films` (`Films_ID`, `Title`, `Genre_ID`, `Rating_ID`, `Country`, `Description`, `PosterURL`, `TrailerURL`, `ScreenshotURL`, `Runtime`, `Release_Year`) VALUES
(1986, NULL, NULL, NULL, 'IN', NULL, '', '', '', 0, 0),
(1987, NULL, NULL, NULL, 'HK', NULL, '', '', '', 0, 0),
(1988, NULL, NULL, NULL, 'CN', NULL, '', '', '', 0, 0),
(1989, NULL, NULL, NULL, 'IN', NULL, '', '', '', 0, 0),
(1990, NULL, NULL, NULL, 'IN', NULL, '', '', '', 0, 0),
(1991, NULL, NULL, NULL, 'IN', NULL, '', '', '', 0, 0),
(1992, NULL, NULL, NULL, 'IN', NULL, '', '', '', 0, 0),
(1993, NULL, NULL, NULL, 'IN', NULL, '', '', '', 0, 0),
(1994, NULL, NULL, NULL, 'IN', NULL, '', '', '', 0, 0),
(1995, NULL, NULL, NULL, 'PH', NULL, '', '', '', 0, 0),
(1996, NULL, NULL, NULL, 'IN', NULL, '', '', '', 0, 0),
(1997, NULL, NULL, NULL, 'IN', NULL, '', '', '', 0, 0),
(1998, NULL, NULL, NULL, 'PH', NULL, '', '', '', 0, 0),
(1999, NULL, NULL, NULL, 'JP', NULL, '', '', '', 0, 0),
(2000, NULL, NULL, NULL, 'HK', NULL, '', '', '', 0, 0),
(2001, NULL, NULL, NULL, 'US', NULL, '', '', '', 0, 0),
(2002, NULL, NULL, NULL, 'PH', NULL, '', '', '', 0, 0),
(2003, NULL, NULL, NULL, 'EG', NULL, '', '', '', 0, 0),
(2004, NULL, NULL, NULL, 'EG', NULL, '', '', '', 0, 0),
(2005, NULL, NULL, NULL, 'PH', NULL, '', '', '', 0, 0),
(2006, NULL, NULL, NULL, 'EG', NULL, '', '', '', 0, 0),
(2007, NULL, NULL, NULL, 'US', NULL, '', '', '', 0, 0),
(2008, NULL, NULL, NULL, 'US', NULL, '', '', '', 0, 0),
(2009, NULL, NULL, NULL, 'IN', NULL, '', '', '', 0, 0),
(2010, NULL, NULL, NULL, 'TR', NULL, '', '', '', 0, 0),
(2011, NULL, NULL, NULL, 'IN', NULL, '', '', '', 0, 0),
(2012, NULL, NULL, NULL, 'IN', NULL, '', '', '', 0, 0),
(2013, NULL, NULL, NULL, 'ZA', NULL, '', '', '', 0, 0),
(2014, NULL, NULL, NULL, 'LB', NULL, '', '', '', 0, 0),
(2015, NULL, NULL, NULL, 'IN', NULL, '', '', '', 0, 0),
(2016, NULL, NULL, NULL, 'EG', NULL, '', '', '', 0, 0),
(2017, NULL, NULL, NULL, 'LB', NULL, '', '', '', 0, 0),
(2018, NULL, NULL, NULL, 'IN', NULL, '', '', '', 0, 0),
(2019, NULL, NULL, NULL, 'US', NULL, '', '', '', 0, 0),
(2020, NULL, NULL, NULL, 'EG', NULL, '', '', '', 0, 0),
(2021, NULL, NULL, NULL, 'FR', NULL, '', '', '', 0, 0),
(2022, NULL, NULL, NULL, 'US', NULL, '', '', '', 0, 0),
(2023, NULL, NULL, NULL, 'IN', NULL, '', '', '', 0, 0),
(2024, NULL, NULL, NULL, 'US', NULL, '', '', '', 0, 0),
(2025, NULL, NULL, NULL, 'US', NULL, '', '', '', 0, 0),
(2026, NULL, NULL, NULL, 'US', NULL, '', '', '', 0, 0),
(2027, NULL, NULL, NULL, 'US', NULL, '', '', '', 0, 0),
(2028, NULL, NULL, NULL, 'US', NULL, '', '', '', 0, 0),
(2029, NULL, NULL, NULL, 'US', NULL, '', '', '', 0, 0),
(2030, NULL, NULL, NULL, 'US', NULL, '', '', '', 0, 0),
(2031, NULL, NULL, NULL, 'US', NULL, '', '', '', 0, 0),
(2032, NULL, NULL, NULL, 'US', NULL, '', '', '', 0, 0),
(2033, NULL, NULL, NULL, 'US', NULL, '', '', '', 0, 0),
(2034, NULL, NULL, NULL, 'FR', NULL, '', '', '', 0, 0),
(2035, NULL, NULL, NULL, 'DE', NULL, '', '', '', 0, 0),
(2036, NULL, NULL, NULL, 'US', NULL, '', '', '', 0, 0),
(2037, NULL, NULL, NULL, 'ID', NULL, '', '', '', 0, 0),
(3038, NULL, NULL, NULL, 'US', NULL, '', '', '', 0, 0),
(3039, NULL, NULL, NULL, 'US', NULL, '', '', '', 0, 0),
(3040, NULL, NULL, NULL, 'US', NULL, '', '', '', 0, 0),
(3041, NULL, NULL, NULL, 'US', NULL, '', '', '', 0, 0),
(3042, NULL, NULL, NULL, 'GB', NULL, '', '', '', 0, 0),
(3043, NULL, NULL, NULL, 'US', NULL, '', '', '', 0, 0),
(3044, NULL, NULL, NULL, 'GB', NULL, '', '', '', 0, 0),
(3045, NULL, NULL, NULL, 'US', NULL, '', '', '', 0, 0),
(3046, NULL, NULL, NULL, 'US', NULL, '', '', '', 0, 0),
(3047, NULL, NULL, NULL, 'US', NULL, '', '', '', 0, 0),
(3048, NULL, NULL, NULL, 'EG', NULL, '', '', '', 0, 0),
(3049, NULL, NULL, NULL, 'US', NULL, '', '', '', 0, 0),
(3050, NULL, NULL, NULL, 'IN', NULL, '', '', '', 0, 0),
(3051, NULL, NULL, NULL, 'IN', NULL, '', '', '', 0, 0),
(3052, NULL, NULL, NULL, 'US', NULL, '', '', '', 0, 0),
(3053, NULL, NULL, NULL, 'DE', NULL, '', '', '', 0, 0),
(3054, NULL, NULL, NULL, 'IN', NULL, '', '', '', 0, 0),
(3055, NULL, NULL, NULL, 'IN', NULL, '', '', '', 0, 0),
(3056, NULL, NULL, NULL, 'IN', NULL, '', '', '', 0, 0),
(3057, NULL, NULL, NULL, 'IN', NULL, '', '', '', 0, 0),
(3058, NULL, NULL, NULL, 'IN', NULL, '', '', '', 0, 0),
(3059, NULL, NULL, NULL, 'EG', NULL, '', '', '', 0, 0),
(3060, NULL, NULL, NULL, 'US', NULL, '', '', '', 0, 0),
(3061, NULL, NULL, NULL, 'EG', NULL, '', '', '', 0, 0),
(3062, NULL, NULL, NULL, 'EG', NULL, '', '', '', 0, 0),
(3063, NULL, NULL, NULL, 'EG', NULL, '', '', '', 0, 0),
(3064, NULL, NULL, NULL, 'EG', NULL, '', '', '', 0, 0),
(3065, NULL, NULL, NULL, 'IN', NULL, '', '', '', 0, 0),
(3066, NULL, NULL, NULL, 'EG', NULL, '', '', '', 0, 0),
(3067, NULL, NULL, NULL, 'IN', NULL, '', '', '', 0, 0),
(3068, NULL, NULL, NULL, 'CA', NULL, '', '', '', 0, 0),
(3069, NULL, NULL, NULL, 'IN', NULL, '', '', '', 0, 0),
(3070, NULL, NULL, NULL, 'US', NULL, '', '', '', 0, 0),
(3071, NULL, NULL, NULL, 'US', NULL, '', '', '', 0, 0),
(3072, NULL, NULL, NULL, 'US', NULL, '', '', '', 0, 0),
(3073, NULL, NULL, NULL, 'US', NULL, '', '', '', 0, 0),
(3074, NULL, NULL, NULL, 'US', NULL, '', '', '', 0, 0),
(3075, NULL, NULL, NULL, 'US', NULL, '', '', '', 0, 0),
(3076, NULL, NULL, NULL, 'US', NULL, '', '', '', 0, 0),
(3077, NULL, NULL, NULL, 'US', NULL, '', '', '', 0, 0),
(3078, NULL, NULL, NULL, 'US', NULL, '', '', '', 0, 0),
(3079, NULL, NULL, NULL, 'US', NULL, '', '', '', 0, 0),
(3080, NULL, NULL, NULL, 'US', NULL, '', '', '', 0, 0),
(3081, NULL, NULL, NULL, 'US', NULL, '', '', '', 0, 0),
(3082, NULL, NULL, NULL, 'US', NULL, '', '', '', 0, 0),
(3083, NULL, NULL, NULL, 'US', NULL, '', '', '', 0, 0),
(3084, NULL, NULL, NULL, 'US', NULL, '', '', '', 0, 0),
(3085, NULL, NULL, NULL, 'GB', NULL, '', '', '', 0, 0),
(3086, NULL, NULL, NULL, 'LB', NULL, '', '', '', 0, 0),
(3087, NULL, NULL, NULL, 'JP', NULL, '', '', '', 0, 0),
(3088, NULL, NULL, NULL, 'GB', NULL, '', '', '', 0, 0),
(3089, NULL, NULL, NULL, 'US', NULL, '', '', '', 0, 0),
(3090, NULL, NULL, NULL, 'JP', NULL, '', '', '', 0, 0),
(3091, NULL, NULL, NULL, 'JP', NULL, '', '', '', 0, 0),
(3092, NULL, NULL, NULL, 'IN', NULL, '', '', '', 0, 0),
(3093, NULL, NULL, NULL, 'AR', NULL, '', '', '', 0, 0),
(3094, NULL, NULL, NULL, 'US', NULL, '', '', '', 0, 0),
(3095, NULL, NULL, NULL, 'US', NULL, '', '', '', 0, 0),
(3096, NULL, NULL, NULL, 'IN', NULL, '', '', '', 0, 0),
(3097, NULL, NULL, NULL, 'IN', NULL, '', '', '', 0, 0),
(3098, NULL, NULL, NULL, 'IN', NULL, '', '', '', 0, 0),
(3099, NULL, NULL, NULL, 'IN', NULL, '', '', '', 0, 0),
(3100, NULL, NULL, NULL, 'IN', NULL, '', '', '', 0, 0),
(3101, NULL, NULL, NULL, 'IN', NULL, '', '', '', 0, 0),
(3102, NULL, NULL, NULL, 'IN', NULL, '', '', '', 0, 0),
(3103, NULL, NULL, NULL, 'IN', NULL, '', '', '', 0, 0),
(3104, NULL, NULL, NULL, 'IN', NULL, '', '', '', 0, 0),
(3105, NULL, NULL, NULL, 'US', NULL, '', '', '', 0, 0),
(3106, NULL, NULL, NULL, 'IN', NULL, '', '', '', 0, 0),
(3107, NULL, NULL, NULL, 'EG', NULL, '', '', '', 0, 0),
(3108, NULL, NULL, NULL, 'US', NULL, '', '', '', 0, 0),
(3109, NULL, NULL, NULL, 'US', NULL, '', '', '', 0, 0),
(3110, NULL, NULL, NULL, 'IN', NULL, '', '', '', 0, 0),
(3111, NULL, NULL, NULL, 'US', NULL, '', '', '', 0, 0),
(3112, NULL, NULL, NULL, 'EG', NULL, '', '', '', 0, 0),
(3113, NULL, NULL, NULL, 'US', NULL, '', '', '', 0, 0),
(3114, NULL, NULL, NULL, 'US', NULL, '', '', '', 0, 0),
(3115, NULL, NULL, NULL, 'US', NULL, '', '', '', 0, 0),
(3116, NULL, NULL, NULL, 'US', NULL, '', '', '', 0, 0),
(3117, NULL, NULL, NULL, 'US', NULL, '', '', '', 0, 0),
(3118, NULL, NULL, NULL, 'US', NULL, '', '', '', 0, 0),
(3119, NULL, NULL, NULL, 'US', NULL, '', '', '', 0, 0),
(3120, NULL, NULL, NULL, 'JP', NULL, '', '', '', 0, 0),
(3121, NULL, NULL, NULL, 'US', NULL, '', '', '', 0, 0),
(3122, NULL, NULL, NULL, 'US', NULL, '', '', '', 0, 0),
(3123, NULL, NULL, NULL, 'GB', NULL, '', '', '', 0, 0),
(3124, NULL, NULL, NULL, 'US', NULL, '', '', '', 0, 0),
(3125, NULL, NULL, NULL, 'US', NULL, '', '', '', 0, 0),
(3126, NULL, NULL, NULL, 'US', NULL, '', '', '', 0, 0),
(3127, NULL, NULL, NULL, 'JP', NULL, '', '', '', 0, 0),
(3128, NULL, NULL, NULL, 'US', NULL, '', '', '', 0, 0),
(3129, NULL, NULL, NULL, NULL, NULL, '', '', '', 0, 0),
(3130, NULL, NULL, NULL, 'US', NULL, '', '', '', 0, 0),
(3131, NULL, NULL, NULL, 'US', NULL, '', '', '', 0, 0),
(3132, NULL, NULL, NULL, 'IE', NULL, '', '', '', 0, 0),
(3133, NULL, NULL, NULL, 'US', NULL, '', '', '', 0, 0),
(3134, NULL, NULL, NULL, 'US', NULL, '', '', '', 0, 0),
(3135, NULL, NULL, NULL, 'JP', NULL, '', '', '', 0, 0),
(3136, NULL, NULL, NULL, 'US', NULL, '', '', '', 0, 0),
(3137, NULL, NULL, NULL, 'ET', NULL, '', '', '', 0, 0),
(3138, NULL, NULL, NULL, 'HK', NULL, '', '', '', 0, 0),
(3139, NULL, NULL, NULL, 'GB', NULL, '', '', '', 0, 0),
(3140, NULL, NULL, NULL, 'IN', NULL, '', '', '', 0, 0),
(3141, NULL, NULL, NULL, 'IN', NULL, '', '', '', 0, 0),
(3142, NULL, NULL, NULL, 'MX', NULL, '', '', '', 0, 0),
(3143, NULL, NULL, NULL, 'CN', NULL, '', '', '', 0, 0),
(3144, NULL, NULL, NULL, 'DE', NULL, '', '', '', 0, 0),
(3145, NULL, NULL, NULL, 'IN', NULL, '', '', '', 0, 0),
(3146, NULL, NULL, NULL, 'IN', NULL, '', '', '', 0, 0),
(3147, NULL, NULL, NULL, 'IN', NULL, '', '', '', 0, 0),
(3148, NULL, NULL, NULL, 'IN', NULL, '', '', '', 0, 0),
(3149, NULL, NULL, NULL, 'US', NULL, '', '', '', 0, 0),
(3150, NULL, NULL, NULL, 'IN', NULL, '', '', '', 0, 0),
(3151, NULL, NULL, NULL, 'ES', NULL, '', '', '', 0, 0),
(3152, NULL, NULL, NULL, 'IN', NULL, '', '', '', 0, 0),
(3153, NULL, NULL, NULL, 'IN', NULL, '', '', '', 0, 0),
(3154, NULL, NULL, NULL, 'EG', NULL, '', '', '', 0, 0),
(3155, NULL, NULL, NULL, 'IN', NULL, '', '', '', 0, 0),
(3156, NULL, NULL, NULL, 'IN', NULL, '', '', '', 0, 0),
(3157, NULL, NULL, NULL, 'DE', NULL, '', '', '', 0, 0),
(3158, NULL, NULL, NULL, 'IN', NULL, '', '', '', 0, 0),
(3159, NULL, NULL, NULL, 'IN', NULL, '', '', '', 0, 0),
(3160, NULL, NULL, NULL, 'IN', NULL, '', '', '', 0, 0),
(3161, NULL, NULL, NULL, 'IN', NULL, '', '', '', 0, 0),
(3162, NULL, NULL, NULL, 'IN', NULL, '', '', '', 0, 0),
(3163, NULL, NULL, NULL, 'IN', NULL, '', '', '', 0, 0),
(3164, NULL, NULL, NULL, 'IN', NULL, '', '', '', 0, 0),
(3165, NULL, NULL, NULL, 'EG', NULL, '', '', '', 0, 0),
(3166, NULL, NULL, NULL, 'IN', NULL, '', '', '', 0, 0),
(3167, NULL, NULL, NULL, 'IN', NULL, '', '', '', 0, 0),
(3168, NULL, NULL, NULL, 'US', NULL, '', '', '', 0, 0),
(3169, NULL, NULL, NULL, 'IN', NULL, '', '', '', 0, 0),
(3170, NULL, NULL, NULL, 'GB', NULL, '', '', '', 0, 0),
(3171, NULL, NULL, NULL, 'IN', NULL, '', '', '', 0, 0),
(3172, NULL, NULL, NULL, 'LB', NULL, '', '', '', 0, 0),
(3173, NULL, NULL, NULL, 'IN', NULL, '', '', '', 0, 0),
(3174, NULL, NULL, NULL, 'SU', NULL, '', '', '', 0, 0),
(3175, NULL, NULL, NULL, 'IT', NULL, '', '', '', 0, 0),
(3176, NULL, NULL, NULL, 'TR', NULL, '', '', '', 0, 0),
(3177, NULL, NULL, NULL, 'IN', NULL, '', '', '', 0, 0),
(3178, NULL, NULL, NULL, 'IN', NULL, '', '', '', 0, 0),
(3179, NULL, NULL, NULL, 'IN', NULL, '', '', '', 0, 0),
(3180, NULL, NULL, NULL, 'LB', NULL, '', '', '', 0, 0),
(3181, NULL, NULL, NULL, 'US', NULL, '', '', '', 0, 0),
(3182, NULL, NULL, NULL, 'EG', NULL, '', '', '', 0, 0),
(3183, NULL, NULL, NULL, 'US', NULL, '', '', '', 0, 0),
(3184, NULL, NULL, NULL, 'IN', NULL, '', '', '', 0, 0),
(3185, NULL, NULL, NULL, 'FR', NULL, '', '', '', 0, 0),
(3186, NULL, NULL, NULL, 'IN', NULL, '', '', '', 0, 0),
(3187, NULL, NULL, NULL, 'US', NULL, '', '', '', 0, 0),
(3188, NULL, NULL, NULL, 'US', NULL, '', '', '', 0, 0),
(3189, NULL, NULL, NULL, 'NZ', NULL, '', '', '', 0, 0),
(3190, NULL, NULL, NULL, 'US', NULL, '', '', '', 0, 0),
(3191, NULL, NULL, NULL, 'GB', NULL, '', '', '', 0, 0),
(3192, NULL, NULL, NULL, 'GB', NULL, '', '', '', 0, 0),
(3193, NULL, NULL, NULL, 'US', NULL, '', '', '', 0, 0),
(3194, NULL, NULL, NULL, 'NZ', NULL, '', '', '', 0, 0),
(3195, NULL, NULL, NULL, 'NZ', NULL, '', '', '', 0, 0),
(3196, NULL, NULL, NULL, 'CA', NULL, '', '', '', 0, 0),
(3197, NULL, NULL, NULL, 'US', NULL, '', '', '', 0, 0),
(3198, NULL, NULL, NULL, 'US', NULL, '', '', '', 0, 0),
(3199, NULL, NULL, NULL, 'US', NULL, '', '', '', 0, 0),
(3200, NULL, NULL, NULL, 'US', NULL, '', '', '', 0, 0),
(3201, NULL, NULL, NULL, 'GB', NULL, '', '', '', 0, 0),
(3202, NULL, NULL, NULL, 'US', NULL, '', '', '', 0, 0),
(3203, NULL, NULL, NULL, 'US', NULL, '', '', '', 0, 0),
(3204, NULL, NULL, NULL, 'US', NULL, '', '', '', 0, 0),
(3205, NULL, NULL, NULL, 'US', NULL, '', '', '', 0, 0),
(3206, NULL, NULL, NULL, 'CN', NULL, '', '', '', 0, 0),
(3207, NULL, NULL, NULL, 'US', NULL, '', '', '', 0, 0),
(3208, NULL, NULL, NULL, 'US', NULL, '', '', '', 0, 0),
(3209, NULL, NULL, NULL, 'DE', NULL, '', '', '', 0, 0),
(3210, NULL, NULL, NULL, 'US', NULL, '', '', '', 0, 0),
(3211, NULL, NULL, NULL, 'US', NULL, '', '', '', 0, 0),
(3212, NULL, NULL, NULL, 'US', NULL, '', '', '', 0, 0),
(3213, NULL, NULL, NULL, 'US', NULL, '', '', '', 0, 0),
(3214, NULL, NULL, NULL, 'FR', NULL, '', '', '', 0, 0),
(3215, NULL, NULL, NULL, 'US', NULL, '', '', '', 0, 0),
(3216, NULL, NULL, NULL, 'GB', NULL, '', '', '', 0, 0),
(3217, NULL, NULL, NULL, 'US', NULL, '', '', '', 0, 0),
(3218, NULL, NULL, NULL, 'US', NULL, '', '', '', 0, 0),
(3219, NULL, NULL, NULL, 'DE', NULL, '', '', '', 0, 0),
(3220, NULL, NULL, NULL, 'US', NULL, '', '', '', 0, 0),
(3221, NULL, NULL, NULL, 'US', NULL, '', '', '', 0, 0),
(3222, NULL, NULL, NULL, 'US', NULL, '', '', '', 0, 0),
(3223, NULL, NULL, NULL, 'US', NULL, '', '', '', 0, 0),
(3224, NULL, NULL, NULL, 'IE', NULL, '', '', '', 0, 0),
(3225, NULL, NULL, NULL, 'US', NULL, '', '', '', 0, 0),
(3226, NULL, NULL, NULL, 'US', NULL, '', '', '', 0, 0),
(3227, NULL, NULL, NULL, 'US', NULL, '', '', '', 0, 0),
(3228, NULL, NULL, NULL, 'IN', NULL, '', '', '', 0, 0),
(3229, NULL, NULL, NULL, 'US', NULL, '', '', '', 0, 0),
(3230, NULL, NULL, NULL, 'GB', NULL, '', '', '', 0, 0),
(3231, NULL, NULL, NULL, 'US', NULL, '', '', '', 0, 0),
(3232, NULL, NULL, NULL, 'US', NULL, '', '', '', 0, 0),
(3233, NULL, NULL, NULL, 'MX', NULL, '', '', '', 0, 0),
(3234, NULL, NULL, NULL, 'MX', NULL, '', '', '', 0, 0),
(3235, NULL, NULL, NULL, 'US', NULL, '', '', '', 0, 0),
(3236, NULL, NULL, NULL, 'IN', NULL, '', '', '', 0, 0),
(3237, NULL, NULL, NULL, 'IN', NULL, '', '', '', 0, 0),
(3238, NULL, NULL, NULL, 'GB', NULL, '', '', '', 0, 0),
(3239, NULL, NULL, NULL, 'US', NULL, '', '', '', 0, 0),
(3240, NULL, NULL, NULL, 'GB', NULL, '', '', '', 0, 0),
(3241, NULL, NULL, NULL, 'IN', NULL, '', '', '', 0, 0),
(3242, NULL, NULL, NULL, 'CA', NULL, '', '', '', 0, 0),
(3243, NULL, NULL, NULL, 'US', NULL, '', '', '', 0, 0),
(3244, NULL, NULL, NULL, 'IN', NULL, '', '', '', 0, 0),
(3245, NULL, NULL, NULL, 'US', NULL, '', '', '', 0, 0),
(3246, NULL, NULL, NULL, 'US', NULL, '', '', '', 0, 0),
(3247, NULL, NULL, NULL, 'ES', NULL, '', '', '', 0, 0),
(3248, NULL, NULL, NULL, 'US', NULL, '', '', '', 0, 0),
(3249, NULL, NULL, NULL, 'IN', NULL, '', '', '', 0, 0),
(3250, NULL, NULL, NULL, 'IN', NULL, '', '', '', 0, 0),
(3251, NULL, NULL, NULL, 'US', NULL, '', '', '', 0, 0),
(3252, NULL, NULL, NULL, 'US', NULL, '', '', '', 0, 0),
(3253, NULL, NULL, NULL, 'US', NULL, '', '', '', 0, 0),
(3254, NULL, NULL, NULL, 'US', NULL, '', '', '', 0, 0),
(3255, NULL, NULL, NULL, 'US', NULL, '', '', '', 0, 0),
(3256, NULL, NULL, NULL, 'US', NULL, '', '', '', 0, 0),
(3257, NULL, NULL, NULL, 'JP', NULL, '', '', '', 0, 0),
(3258, NULL, NULL, NULL, 'US', NULL, '', '', '', 0, 0),
(3259, NULL, NULL, NULL, 'MX', NULL, '', '', '', 0, 0),
(3260, NULL, NULL, NULL, 'IN', NULL, '', '', '', 0, 0),
(3261, NULL, NULL, NULL, 'HK', NULL, '', '', '', 0, 0),
(3262, NULL, NULL, NULL, 'US', NULL, '', '', '', 0, 0),
(3263, NULL, NULL, NULL, 'US', NULL, '', '', '', 0, 0),
(3264, NULL, NULL, NULL, 'IN', NULL, '', '', '', 0, 0),
(3265, NULL, NULL, NULL, 'CA', NULL, '', '', '', 0, 0),
(3266, NULL, NULL, NULL, 'IN', NULL, '', '', '', 0, 0),
(3267, NULL, NULL, NULL, 'US', NULL, '', '', '', 0, 0),
(3268, NULL, NULL, NULL, 'US', NULL, '', '', '', 0, 0),
(3269, NULL, NULL, NULL, 'IN', NULL, '', '', '', 0, 0),
(3270, NULL, NULL, NULL, 'IN', NULL, '', '', '', 0, 0),
(3271, NULL, NULL, NULL, 'IN', NULL, '', '', '', 0, 0),
(3272, NULL, NULL, NULL, 'IN', NULL, '', '', '', 0, 0),
(3273, NULL, NULL, NULL, 'JP', NULL, '', '', '', 0, 0),
(3274, NULL, NULL, NULL, 'NG', NULL, '', '', '', 0, 0),
(3275, NULL, NULL, NULL, 'IN', NULL, '', '', '', 0, 0),
(3276, NULL, NULL, NULL, 'IN', NULL, '', '', '', 0, 0),
(3277, NULL, NULL, NULL, 'JP', NULL, '', '', '', 0, 0),
(3278, NULL, NULL, NULL, 'AR', NULL, '', '', '', 0, 0),
(3279, NULL, NULL, NULL, 'LB', NULL, '', '', '', 0, 0),
(3280, NULL, NULL, NULL, 'IN', NULL, '', '', '', 0, 0),
(3281, NULL, NULL, NULL, 'EG', NULL, '', '', '', 0, 0),
(3282, NULL, NULL, NULL, 'US', NULL, '', '', '', 0, 0),
(3283, NULL, NULL, NULL, 'IN', NULL, '', '', '', 0, 0),
(3284, NULL, NULL, NULL, 'IN', NULL, '', '', '', 0, 0),
(3285, NULL, NULL, NULL, 'US', NULL, '', '', '', 0, 0),
(3286, NULL, NULL, NULL, 'IN', NULL, '', '', '', 0, 0),
(3287, NULL, NULL, NULL, 'IN', NULL, '', '', '', 0, 0),
(3288, NULL, NULL, NULL, 'US', NULL, '', '', '', 0, 0),
(3289, NULL, NULL, NULL, 'IN', NULL, '', '', '', 0, 0),
(3290, NULL, NULL, NULL, NULL, NULL, '', '', '', 0, 0),
(3291, NULL, NULL, NULL, 'US', NULL, '', '', '', 0, 0),
(3292, NULL, NULL, NULL, 'CA', NULL, '', '', '', 0, 0),
(3293, NULL, NULL, NULL, 'IN', NULL, '', '', '', 0, 0),
(3294, NULL, NULL, NULL, 'US', NULL, '', '', '', 0, 0),
(3295, NULL, NULL, NULL, 'US', NULL, '', '', '', 0, 0),
(3296, NULL, NULL, NULL, 'HK', NULL, '', '', '', 0, 0),
(3297, NULL, NULL, NULL, 'IN', NULL, '', '', '', 0, 0),
(3298, NULL, NULL, NULL, 'US', NULL, '', '', '', 0, 0),
(3299, NULL, NULL, NULL, 'US', NULL, '', '', '', 0, 0),
(3300, NULL, NULL, NULL, 'DE', NULL, '', '', '', 0, 0),
(3301, NULL, NULL, NULL, 'IN', NULL, '', '', '', 0, 0),
(3302, NULL, NULL, NULL, 'PS', NULL, '', '', '', 0, 0),
(3303, NULL, NULL, NULL, 'IN', NULL, '', '', '', 0, 0),
(3304, NULL, NULL, NULL, 'GB', NULL, '', '', '', 0, 0),
(3305, NULL, NULL, NULL, 'GB', NULL, '', '', '', 0, 0),
(3306, NULL, NULL, NULL, 'IN', NULL, '', '', '', 0, 0),
(3307, NULL, NULL, NULL, 'US', NULL, '', '', '', 0, 0),
(3308, NULL, NULL, NULL, 'AU', NULL, '', '', '', 0, 0),
(3309, NULL, NULL, NULL, 'TR', NULL, '', '', '', 0, 0),
(3310, NULL, NULL, NULL, 'US', NULL, '', '', '', 0, 0),
(3311, NULL, NULL, NULL, 'IN', NULL, '', '', '', 0, 0),
(3312, NULL, NULL, NULL, 'IN', NULL, '', '', '', 0, 0),
(3313, NULL, NULL, NULL, 'JP', NULL, '', '', '', 0, 0),
(3314, NULL, NULL, NULL, 'IN', NULL, '', '', '', 0, 0),
(3315, NULL, NULL, NULL, 'US', NULL, '', '', '', 0, 0),
(3316, NULL, NULL, NULL, 'IN', NULL, '', '', '', 0, 0),
(3317, NULL, NULL, NULL, 'US', NULL, '', '', '', 0, 0),
(3318, NULL, NULL, NULL, 'IN', NULL, '', '', '', 0, 0),
(3319, NULL, NULL, NULL, 'US', NULL, '', '', '', 0, 0),
(3320, NULL, NULL, NULL, 'CN', NULL, '', '', '', 0, 0),
(3321, NULL, NULL, NULL, 'JP', NULL, '', '', '', 0, 0),
(3322, NULL, NULL, NULL, 'MX', NULL, '', '', '', 0, 0),
(3323, NULL, NULL, NULL, 'IN', NULL, '', '', '', 0, 0),
(3324, NULL, NULL, NULL, 'IN', NULL, '', '', '', 0, 0),
(3325, NULL, NULL, NULL, 'CN', NULL, '', '', '', 0, 0),
(3326, NULL, NULL, NULL, 'IN', NULL, '', '', '', 0, 0),
(3327, NULL, NULL, NULL, 'IN', NULL, '', '', '', 0, 0),
(3328, NULL, NULL, NULL, 'IN', NULL, '', '', '', 0, 0),
(3329, NULL, NULL, NULL, 'IN', NULL, '', '', '', 0, 0),
(3330, NULL, NULL, NULL, 'JP', NULL, '', '', '', 0, 0),
(3331, NULL, NULL, NULL, 'JP', NULL, '', '', '', 0, 0),
(3332, NULL, NULL, NULL, 'US', NULL, '', '', '', 0, 0),
(3333, NULL, NULL, NULL, 'HK', NULL, '', '', '', 0, 0),
(3334, NULL, NULL, NULL, 'IN', NULL, '', '', '', 0, 0),
(3335, NULL, NULL, NULL, 'CA', NULL, '', '', '', 0, 0),
(3336, NULL, NULL, NULL, 'HK', NULL, '', '', '', 0, 0),
(3337, NULL, NULL, NULL, 'TR', NULL, '', '', '', 0, 0),
(3338, NULL, NULL, NULL, 'JP', NULL, '', '', '', 0, 0),
(3339, NULL, NULL, NULL, 'IN', NULL, '', '', '', 0, 0),
(3340, NULL, NULL, NULL, 'IN', NULL, '', '', '', 0, 0),
(3341, NULL, NULL, NULL, 'US', NULL, '', '', '', 0, 0),
(3342, NULL, NULL, NULL, 'US', NULL, '', '', '', 0, 0),
(3343, NULL, NULL, NULL, 'LB', NULL, '', '', '', 0, 0),
(3344, NULL, NULL, NULL, 'JP', NULL, '', '', '', 0, 0),
(3345, NULL, NULL, NULL, 'JP', NULL, '', '', '', 0, 0),
(3346, NULL, NULL, NULL, 'KR', NULL, '', '', '', 0, 0),
(3347, NULL, NULL, NULL, 'US', NULL, '', '', '', 0, 0),
(3348, NULL, NULL, NULL, 'CN', NULL, '', '', '', 0, 0),
(3349, NULL, NULL, NULL, 'IN', NULL, '', '', '', 0, 0),
(3350, NULL, NULL, NULL, 'IN', NULL, '', '', '', 0, 0),
(3351, NULL, NULL, NULL, 'IN', NULL, '', '', '', 0, 0),
(3352, NULL, NULL, NULL, 'IN', NULL, '', '', '', 0, 0),
(3353, NULL, NULL, NULL, 'FR', NULL, '', '', '', 0, 0),
(3354, NULL, NULL, NULL, 'MY', NULL, '', '', '', 0, 0),
(3355, NULL, NULL, NULL, 'JP', NULL, '', '', '', 0, 0),
(3356, NULL, NULL, NULL, 'JP', NULL, '', '', '', 0, 0),
(3357, NULL, NULL, NULL, 'HK', NULL, '', '', '', 0, 0),
(3358, NULL, NULL, NULL, 'IN', NULL, '', '', '', 0, 0),
(3359, NULL, NULL, NULL, 'HK', NULL, '', '', '', 0, 0),
(3360, NULL, NULL, NULL, 'US', NULL, '', '', '', 0, 0),
(3361, NULL, NULL, NULL, 'US', NULL, '', '', '', 0, 0),
(3362, NULL, NULL, NULL, 'FR', NULL, '', '', '', 0, 0),
(3363, NULL, NULL, NULL, 'DE', NULL, '', '', '', 0, 0),
(3364, NULL, NULL, NULL, 'EG', NULL, '', '', '', 0, 0),
(3365, NULL, NULL, NULL, 'PH', NULL, '', '', '', 0, 0),
(3366, NULL, NULL, NULL, 'JP', NULL, '', '', '', 0, 0),
(3367, NULL, NULL, NULL, 'JP', NULL, '', '', '', 0, 0),
(3368, NULL, NULL, NULL, 'JP', NULL, '', '', '', 0, 0),
(3369, NULL, NULL, NULL, 'JP', NULL, '', '', '', 0, 0),
(3370, NULL, NULL, NULL, 'FR', NULL, '', '', '', 0, 0),
(3371, NULL, NULL, NULL, 'IN', NULL, '', '', '', 0, 0),
(3372, NULL, NULL, NULL, 'IN', NULL, '', '', '', 0, 0),
(3373, NULL, NULL, NULL, 'KR', NULL, '', '', '', 0, 0),
(3374, NULL, NULL, NULL, 'TW', NULL, '', '', '', 0, 0),
(3375, NULL, NULL, NULL, 'TR', NULL, '', '', '', 0, 0),
(3376, NULL, NULL, NULL, 'IN', NULL, '', '', '', 0, 0),
(3377, NULL, NULL, NULL, 'IN', NULL, '', '', '', 0, 0),
(3378, NULL, NULL, NULL, 'IN', NULL, '', '', '', 0, 0),
(3379, NULL, NULL, NULL, 'IN', NULL, '', '', '', 0, 0),
(3380, NULL, NULL, NULL, 'ZA', NULL, '', '', '', 0, 0),
(3381, NULL, NULL, NULL, 'IN', NULL, '', '', '', 0, 0),
(3382, NULL, NULL, NULL, 'IN', NULL, '', '', '', 0, 0),
(3383, NULL, NULL, NULL, 'IN', NULL, '', '', '', 0, 0),
(3384, NULL, NULL, NULL, 'IN', NULL, '', '', '', 0, 0),
(3385, NULL, NULL, NULL, 'MA', NULL, '', '', '', 0, 0),
(3386, NULL, NULL, NULL, 'IN', NULL, '', '', '', 0, 0),
(3387, NULL, NULL, NULL, 'CA', NULL, '', '', '', 0, 0),
(3388, NULL, NULL, NULL, 'MY', NULL, '', '', '', 0, 0),
(3389, NULL, NULL, NULL, 'IN', NULL, '', '', '', 0, 0),
(3390, NULL, NULL, NULL, 'IN', NULL, '', '', '', 0, 0),
(3391, NULL, NULL, NULL, 'IN', NULL, '', '', '', 0, 0),
(3392, NULL, NULL, NULL, 'EG', NULL, '', '', '', 0, 0),
(3393, NULL, NULL, NULL, 'IN', NULL, '', '', '', 0, 0),
(3394, NULL, NULL, NULL, 'IN', NULL, '', '', '', 0, 0),
(3395, NULL, NULL, NULL, 'US', NULL, '', '', '', 0, 0),
(3396, NULL, NULL, NULL, 'MY', NULL, '', '', '', 0, 0),
(3397, NULL, NULL, NULL, 'US', NULL, '', '', '', 0, 0),
(3398, NULL, NULL, NULL, 'EG', NULL, '', '', '', 0, 0),
(3399, NULL, NULL, NULL, 'EG', NULL, '', '', '', 0, 0),
(3400, NULL, NULL, NULL, 'US', NULL, '', '', '', 0, 0),
(3401, NULL, NULL, NULL, 'US', NULL, '', '', '', 0, 0),
(3402, NULL, NULL, NULL, 'IN', NULL, '', '', '', 0, 0),
(3403, NULL, NULL, NULL, 'EG', NULL, '', '', '', 0, 0),
(3404, NULL, NULL, NULL, 'EG', NULL, '', '', '', 0, 0),
(3405, NULL, NULL, NULL, 'EG', NULL, '', '', '', 0, 0),
(3406, NULL, NULL, NULL, 'IN', NULL, '', '', '', 0, 0),
(3407, NULL, NULL, NULL, 'SE', NULL, '', '', '', 0, 0),
(3408, NULL, NULL, NULL, 'EG', NULL, '', '', '', 0, 0),
(3409, NULL, NULL, NULL, 'PH', NULL, '', '', '', 0, 0),
(3410, NULL, NULL, NULL, 'EG', NULL, '', '', '', 0, 0),
(3411, NULL, NULL, NULL, 'EG', NULL, '', '', '', 0, 0),
(3412, NULL, NULL, NULL, 'EG', NULL, '', '', '', 0, 0),
(3413, NULL, NULL, NULL, 'FR', NULL, '', '', '', 0, 0),
(3414, NULL, NULL, NULL, 'EG', NULL, '', '', '', 0, 0),
(3415, NULL, NULL, NULL, 'KE', NULL, '', '', '', 0, 0),
(3416, NULL, NULL, NULL, 'EG', NULL, '', '', '', 0, 0),
(3417, NULL, NULL, NULL, 'PH', NULL, '', '', '', 0, 0),
(3418, NULL, NULL, NULL, 'US', NULL, '', '', '', 0, 0),
(3419, NULL, NULL, NULL, 'US', NULL, '', '', '', 0, 0),
(3420, NULL, NULL, NULL, NULL, NULL, '', '', '', 0, 0),
(3421, NULL, NULL, NULL, 'EG', NULL, '', '', '', 0, 0),
(3422, NULL, NULL, NULL, 'LB', NULL, '', '', '', 0, 0),
(3423, NULL, NULL, NULL, NULL, NULL, '', '', '', 0, 0),
(3424, NULL, NULL, NULL, 'PS', NULL, '', '', '', 0, 0),
(3425, NULL, NULL, NULL, 'US', NULL, '', '', '', 0, 0),
(3426, NULL, NULL, NULL, 'IN', NULL, '', '', '', 0, 0),
(3427, NULL, NULL, NULL, 'EG', NULL, '', '', '', 0, 0),
(3428, NULL, NULL, NULL, 'PS', NULL, '', '', '', 0, 0),
(3429, NULL, NULL, NULL, 'EG', NULL, '', '', '', 0, 0),
(3430, NULL, NULL, NULL, 'EG', NULL, '', '', '', 0, 0),
(3431, NULL, NULL, NULL, 'EG', NULL, '', '', '', 0, 0),
(3432, NULL, NULL, NULL, 'IN', NULL, '', '', '', 0, 0),
(3433, NULL, NULL, NULL, 'EG', NULL, '', '', '', 0, 0),
(3434, NULL, NULL, NULL, 'US', NULL, '', '', '', 0, 0),
(3435, NULL, NULL, NULL, 'US', NULL, '', '', '', 0, 0),
(3436, NULL, NULL, NULL, 'US', NULL, '', '', '', 0, 0),
(3437, NULL, NULL, NULL, 'US', NULL, '', '', '', 0, 0),
(3438, NULL, NULL, NULL, 'GB', NULL, '', '', '', 0, 0),
(3439, NULL, NULL, NULL, 'US', NULL, '', '', '', 0, 0),
(3440, NULL, NULL, NULL, 'US', NULL, '', '', '', 0, 0),
(3441, NULL, NULL, NULL, 'ZA', NULL, '', '', '', 0, 0),
(3442, NULL, NULL, NULL, 'US', NULL, '', '', '', 0, 0),
(3443, NULL, NULL, NULL, 'US', NULL, '', '', '', 0, 0),
(3444, NULL, NULL, NULL, 'GB', NULL, '', '', '', 0, 0),
(3445, NULL, NULL, NULL, 'IN', NULL, '', '', '', 0, 0),
(3446, NULL, NULL, NULL, 'US', NULL, '', '', '', 0, 0),
(3447, NULL, NULL, NULL, 'KR', NULL, '', '', '', 0, 0),
(3448, NULL, NULL, NULL, 'US', NULL, '', '', '', 0, 0),
(3449, NULL, NULL, NULL, 'CL', NULL, '', '', '', 0, 0),
(3450, NULL, NULL, NULL, 'DE', NULL, '', '', '', 0, 0),
(3451, NULL, NULL, NULL, 'US', NULL, '', '', '', 0, 0),
(3452, NULL, NULL, NULL, 'NG', NULL, '', '', '', 0, 0),
(3453, NULL, NULL, NULL, 'US', NULL, '', '', '', 0, 0),
(3454, NULL, NULL, NULL, 'US', NULL, '', '', '', 0, 0),
(3455, NULL, NULL, NULL, 'IN', NULL, '', '', '', 0, 0),
(3456, NULL, NULL, NULL, 'JP', NULL, '', '', '', 0, 0),
(3457, NULL, NULL, NULL, 'DE', NULL, '', '', '', 0, 0),
(3458, NULL, NULL, NULL, 'IN', NULL, '', '', '', 0, 0),
(3459, NULL, NULL, NULL, NULL, NULL, '', '', '', 0, 0),
(3460, NULL, NULL, NULL, 'IN', NULL, '', '', '', 0, 0),
(3461, NULL, NULL, NULL, 'IN', NULL, '', '', '', 0, 0),
(3462, NULL, NULL, NULL, 'IN', NULL, '', '', '', 0, 0),
(3463, NULL, NULL, NULL, 'US', NULL, '', '', '', 0, 0),
(3464, NULL, NULL, NULL, 'US', NULL, '', '', '', 0, 0),
(3465, NULL, NULL, NULL, 'MX', NULL, '', '', '', 0, 0),
(3466, NULL, NULL, NULL, 'IN', NULL, '', '', '', 0, 0),
(3467, NULL, NULL, NULL, 'US', NULL, '', '', '', 0, 0),
(3468, NULL, NULL, NULL, 'BR', NULL, '', '', '', 0, 0),
(3469, NULL, NULL, NULL, 'HK', NULL, '', '', '', 0, 0),
(3470, NULL, NULL, NULL, 'AU', NULL, '', '', '', 0, 0),
(3471, NULL, NULL, NULL, 'JP', NULL, '', '', '', 0, 0),
(3472, NULL, NULL, NULL, 'IN', NULL, '', '', '', 0, 0),
(3473, NULL, NULL, NULL, 'US', NULL, '', '', '', 0, 0),
(3474, NULL, NULL, NULL, 'US', NULL, '', '', '', 0, 0),
(3475, NULL, NULL, NULL, 'ID', NULL, '', '', '', 0, 0),
(3476, NULL, NULL, NULL, 'US', NULL, '', '', '', 0, 0),
(3477, NULL, NULL, NULL, 'JP', NULL, '', '', '', 0, 0),
(3478, NULL, NULL, NULL, 'DE', NULL, '', '', '', 0, 0),
(3479, NULL, NULL, NULL, 'IN', NULL, '', '', '', 0, 0),
(3480, NULL, NULL, NULL, 'IN', NULL, '', '', '', 0, 0),
(3481, NULL, NULL, NULL, 'NG', NULL, '', '', '', 0, 0),
(3482, NULL, NULL, NULL, 'US', NULL, '', '', '', 0, 0),
(3483, NULL, NULL, NULL, 'IN', NULL, '', '', '', 0, 0),
(3484, NULL, NULL, NULL, 'IN', NULL, '', '', '', 0, 0),
(3485, NULL, NULL, NULL, 'IN', NULL, '', '', '', 0, 0),
(3486, NULL, NULL, NULL, 'HK', NULL, '', '', '', 0, 0),
(3487, NULL, NULL, NULL, 'CN', NULL, '', '', '', 0, 0),
(3488, NULL, NULL, NULL, 'IN', NULL, '', '', '', 0, 0),
(3489, NULL, NULL, NULL, 'IN', NULL, '', '', '', 0, 0),
(3490, NULL, NULL, NULL, 'IN', NULL, '', '', '', 0, 0),
(3491, NULL, NULL, NULL, 'IN', NULL, '', '', '', 0, 0),
(3492, NULL, NULL, NULL, 'IN', NULL, '', '', '', 0, 0),
(3493, NULL, NULL, NULL, 'IN', NULL, '', '', '', 0, 0),
(3494, NULL, NULL, NULL, 'PH', NULL, '', '', '', 0, 0),
(3495, NULL, NULL, NULL, 'IN', NULL, '', '', '', 0, 0),
(3496, NULL, NULL, NULL, 'IN', NULL, '', '', '', 0, 0),
(3497, NULL, NULL, NULL, 'PH', NULL, '', '', '', 0, 0),
(3498, NULL, NULL, NULL, 'JP', NULL, '', '', '', 0, 0),
(3499, NULL, NULL, NULL, 'HK', NULL, '', '', '', 0, 0),
(3500, NULL, NULL, NULL, 'US', NULL, '', '', '', 0, 0),
(3501, NULL, NULL, NULL, 'PH', NULL, '', '', '', 0, 0),
(3502, NULL, NULL, NULL, 'EG', NULL, '', '', '', 0, 0),
(3503, NULL, NULL, NULL, 'EG', NULL, '', '', '', 0, 0),
(3504, NULL, NULL, NULL, 'PH', NULL, '', '', '', 0, 0),
(3505, NULL, NULL, NULL, 'EG', NULL, '', '', '', 0, 0),
(3506, NULL, NULL, NULL, 'US', NULL, '', '', '', 0, 0),
(3507, NULL, NULL, NULL, 'US', NULL, '', '', '', 0, 0),
(3508, NULL, NULL, NULL, 'IN', NULL, '', '', '', 0, 0),
(3509, NULL, NULL, NULL, 'TR', NULL, '', '', '', 0, 0),
(3510, NULL, NULL, NULL, 'IN', NULL, '', '', '', 0, 0),
(3511, NULL, NULL, NULL, 'IN', NULL, '', '', '', 0, 0),
(3512, NULL, NULL, NULL, 'ZA', NULL, '', '', '', 0, 0),
(3513, NULL, NULL, NULL, 'LB', NULL, '', '', '', 0, 0),
(3514, NULL, NULL, NULL, 'IN', NULL, '', '', '', 0, 0),
(3515, NULL, NULL, NULL, 'EG', NULL, '', '', '', 0, 0),
(3516, NULL, NULL, NULL, 'LB', NULL, '', '', '', 0, 0),
(3517, NULL, NULL, NULL, 'IN', NULL, '', '', '', 0, 0),
(3518, NULL, NULL, NULL, 'US', NULL, '', '', '', 0, 0),
(3519, NULL, NULL, NULL, 'EG', NULL, '', '', '', 0, 0),
(3520, NULL, NULL, NULL, 'FR', NULL, '', '', '', 0, 0),
(3521, NULL, NULL, NULL, 'US', NULL, '', '', '', 0, 0),
(3522, NULL, NULL, NULL, 'IN', NULL, '', '', '', 0, 0),
(3523, NULL, NULL, NULL, 'US', NULL, '', '', '', 0, 0),
(3524, NULL, NULL, NULL, 'US', NULL, '', '', '', 0, 0),
(3525, NULL, NULL, NULL, 'US', NULL, '', '', '', 0, 0),
(3526, NULL, NULL, NULL, 'US', NULL, '', '', '', 0, 0),
(3527, NULL, NULL, NULL, 'US', NULL, '', '', '', 0, 0),
(3528, NULL, NULL, NULL, 'US', NULL, '', '', '', 0, 0),
(3529, NULL, NULL, NULL, 'US', NULL, '', '', '', 0, 0),
(3530, NULL, NULL, NULL, 'US', NULL, '', '', '', 0, 0),
(3531, NULL, NULL, NULL, 'US', NULL, '', '', '', 0, 0),
(3532, NULL, NULL, NULL, 'US', NULL, '', '', '', 0, 0),
(3533, NULL, NULL, NULL, 'FR', NULL, '', '', '', 0, 0),
(3534, NULL, NULL, NULL, 'DE', NULL, '', '', '', 0, 0),
(3535, NULL, NULL, NULL, 'US', NULL, '', '', '', 0, 0),
(3536, NULL, NULL, NULL, 'ID', NULL, '', '', '', 0, 0),
(3537, NULL, NULL, NULL, NULL, NULL, '', '', '', 119, 0),
(3538, NULL, NULL, NULL, NULL, NULL, '', '', '', 110, 0),
(3539, NULL, NULL, NULL, NULL, NULL, '', '', '', 129, 0),
(3540, NULL, NULL, NULL, NULL, NULL, '', '', '', 119, 0),
(3541, NULL, NULL, NULL, NULL, NULL, '', '', '', 91, 0),
(3542, NULL, NULL, NULL, NULL, NULL, '', '', '', 109, 0),
(3543, NULL, NULL, NULL, NULL, NULL, '', '', '', 94, 0),
(3544, NULL, NULL, NULL, NULL, NULL, '', '', '', 120, 0),
(3545, NULL, NULL, NULL, NULL, NULL, '', '', '', 112, 0),
(3546, NULL, NULL, NULL, NULL, NULL, '', '', '', 102, 0),
(3547, NULL, NULL, NULL, NULL, NULL, '', '', '', 77, 0),
(3548, NULL, NULL, NULL, NULL, NULL, '', '', '', 78, 0),
(3549, NULL, NULL, NULL, NULL, NULL, '', '', '', 141, 0),
(3550, NULL, NULL, NULL, NULL, NULL, '', '', '', 152, 0),
(3551, NULL, NULL, NULL, NULL, NULL, '', '', '', 97, 0),
(3552, NULL, NULL, NULL, NULL, NULL, '', '', '', 150, 0),
(3553, NULL, NULL, NULL, NULL, NULL, '', '', '', 120, 0),
(3554, NULL, NULL, NULL, NULL, NULL, '', '', '', 138, 0),
(3555, NULL, NULL, NULL, NULL, NULL, '', '', '', 162, 0),
(3556, NULL, NULL, NULL, NULL, NULL, '', '', '', 163, 0),
(3557, NULL, NULL, NULL, NULL, NULL, '', '', '', 131, 0),
(3558, NULL, NULL, NULL, NULL, NULL, '', '', '', 186, 0),
(3559, NULL, NULL, NULL, NULL, NULL, '', '', '', 103, 0),
(3560, NULL, NULL, NULL, NULL, NULL, '', '', '', 120, 0),
(3561, NULL, NULL, NULL, NULL, NULL, '', '', '', 100, 0),
(3562, NULL, NULL, NULL, NULL, NULL, '', '', '', 124, 0),
(3563, NULL, NULL, NULL, NULL, NULL, '', '', '', 133, 0),
(3564, NULL, NULL, NULL, NULL, NULL, '', '', '', 133, 0),
(3565, NULL, NULL, NULL, NULL, NULL, '', '', '', 129, 0),
(3566, NULL, NULL, NULL, NULL, NULL, '', '', '', 142, 0),
(3567, NULL, NULL, NULL, NULL, NULL, '', '', '', 93, 0),
(3568, NULL, NULL, NULL, NULL, NULL, '', '', '', 153, 0),
(3569, NULL, NULL, NULL, NULL, NULL, '', '', '', 110, 0),
(3570, NULL, NULL, NULL, NULL, NULL, '', '', '', 114, 0),
(3571, NULL, NULL, NULL, NULL, NULL, '', '', '', 91, 0),
(3572, NULL, NULL, NULL, NULL, NULL, '', '', '', 101, 0),
(3573, NULL, NULL, NULL, NULL, NULL, '', '', '', 95, 0),
(3574, NULL, NULL, NULL, NULL, NULL, '', '', '', 98, 0),
(3575, NULL, NULL, NULL, NULL, NULL, '', '', '', 102, 0),
(3576, NULL, NULL, NULL, NULL, NULL, '', '', '', 104, 0),
(3577, NULL, NULL, NULL, NULL, NULL, '', '', '', 106, 0),
(3578, NULL, NULL, NULL, NULL, NULL, '', '', '', 161, 0),
(3579, NULL, NULL, NULL, NULL, NULL, '', '', '', 124, 0),
(3580, NULL, NULL, NULL, NULL, NULL, '', '', '', 116, 0),
(3581, NULL, NULL, NULL, NULL, NULL, '', '', '', 84, 0),
(3582, NULL, NULL, NULL, NULL, NULL, '', '', '', 100, 0),
(3583, NULL, NULL, NULL, NULL, NULL, '', '', '', 94, 0),
(3584, NULL, NULL, NULL, NULL, NULL, '', '', '', 107, 0),
(3585, NULL, NULL, NULL, NULL, NULL, '', '', '', 72, 0),
(3586, NULL, NULL, NULL, NULL, NULL, '', '', '', 108, 0),
(3587, NULL, NULL, NULL, NULL, NULL, '', '', '', 144, 0),
(3588, NULL, NULL, NULL, NULL, NULL, '', '', '', 77, 0),
(3589, NULL, NULL, NULL, NULL, NULL, '', '', '', 100, 0),
(3590, NULL, NULL, NULL, NULL, NULL, '', '', '', 135, 0),
(3591, NULL, NULL, NULL, NULL, NULL, '', '', '', 124, 0),
(3592, NULL, NULL, NULL, NULL, NULL, '', '', '', 174, 0),
(3593, NULL, NULL, NULL, NULL, NULL, '', '', '', 87, 0),
(3594, NULL, NULL, NULL, NULL, NULL, '', '', '', 100, 0),
(3595, NULL, NULL, NULL, NULL, NULL, '', '', '', 102, 0),
(3596, NULL, NULL, NULL, NULL, NULL, '', '', '', 134, 0),
(3597, NULL, NULL, NULL, NULL, NULL, '', '', '', 161, 0),
(3598, NULL, NULL, NULL, NULL, NULL, '', '', '', 162, 0),
(3599, NULL, NULL, NULL, NULL, NULL, '', '', '', 160, 0),
(3600, NULL, NULL, NULL, NULL, NULL, '', '', '', 172, 0),
(3601, NULL, NULL, NULL, NULL, NULL, '', '', '', 153, 0),
(3602, NULL, NULL, NULL, NULL, NULL, '', '', '', 159, 0),
(3603, NULL, NULL, NULL, NULL, NULL, '', '', '', 170, 0),
(3604, NULL, NULL, NULL, NULL, NULL, '', '', '', 148, 0),
(3605, NULL, NULL, NULL, NULL, NULL, '', '', '', 100, 0),
(3606, NULL, NULL, NULL, NULL, NULL, '', '', '', 172, 0),
(3607, NULL, NULL, NULL, NULL, NULL, '', '', '', 105, 0),
(3608, NULL, NULL, NULL, NULL, NULL, '', '', '', 100, 0),
(3609, NULL, NULL, NULL, NULL, NULL, '', '', '', 95, 0),
(3610, NULL, NULL, NULL, NULL, NULL, '', '', '', 151, 0),
(3611, NULL, NULL, NULL, NULL, NULL, '', '', '', 100, 0),
(3612, NULL, NULL, NULL, NULL, NULL, '', '', '', 129, 0),
(3613, NULL, NULL, NULL, NULL, NULL, '', '', '', 105, 0),
(3614, NULL, NULL, NULL, NULL, NULL, '', '', '', 142, 0),
(3615, NULL, NULL, NULL, NULL, NULL, '', '', '', 99, 0),
(3616, NULL, NULL, NULL, NULL, NULL, '', '', '', 101, 0),
(3617, NULL, NULL, NULL, NULL, NULL, '', '', '', 138, 0),
(3618, NULL, NULL, NULL, NULL, NULL, '', '', '', 124, 0),
(3619, NULL, NULL, NULL, NULL, NULL, '', '', '', 93, 0),
(3620, NULL, NULL, NULL, NULL, NULL, '', '', '', 107, 0),
(3621, NULL, NULL, NULL, NULL, NULL, '', '', '', 101, 0),
(3622, NULL, NULL, NULL, NULL, NULL, '', '', '', 95, 0),
(3623, NULL, NULL, NULL, NULL, NULL, '', '', '', 139, 0),
(3624, NULL, NULL, NULL, NULL, NULL, '', '', '', 125, 0),
(3625, NULL, NULL, NULL, NULL, NULL, '', '', '', 136, 0),
(3626, NULL, NULL, NULL, NULL, NULL, '', '', '', 108, 0),
(3627, NULL, NULL, NULL, NULL, NULL, '', '', '', 87, 0),
(3628, NULL, NULL, NULL, NULL, NULL, '', '', '', 102, 0),
(3629, NULL, NULL, NULL, NULL, NULL, '', '', '', 30, 0),
(3630, NULL, NULL, NULL, NULL, NULL, '', '', '', 75, 0),
(3631, NULL, NULL, NULL, NULL, NULL, '', '', '', 87, 0),
(3632, NULL, NULL, NULL, NULL, NULL, '', '', '', 94, 0),
(3633, NULL, NULL, NULL, NULL, NULL, '', '', '', 105, 0),
(3634, NULL, NULL, NULL, NULL, NULL, '', '', '', 95, 0),
(3635, NULL, NULL, NULL, NULL, NULL, '', '', '', 69, 0),
(3636, NULL, NULL, NULL, NULL, NULL, '', '', '', 104, 0),
(3637, NULL, NULL, NULL, NULL, NULL, '', '', '', 124, 0),
(3638, NULL, NULL, NULL, NULL, NULL, '', '', '', 88, 0),
(3639, NULL, NULL, NULL, NULL, NULL, '', '', '', 55, 0),
(3640, NULL, NULL, NULL, NULL, NULL, '', '', '', 126, 0),
(3641, NULL, NULL, NULL, NULL, NULL, '', '', '', 163, 0),
(3642, NULL, NULL, NULL, NULL, NULL, '', '', '', 123, 0),
(3643, NULL, NULL, NULL, NULL, NULL, '', '', '', 99, 0),
(3644, NULL, NULL, NULL, NULL, NULL, '', '', '', 93, 0),
(3645, NULL, NULL, NULL, NULL, NULL, '', '', '', 158, 0),
(3646, NULL, NULL, NULL, NULL, NULL, '', '', '', 141, 0),
(3647, NULL, NULL, NULL, NULL, NULL, '', '', '', 160, 0),
(3648, NULL, NULL, NULL, NULL, NULL, '', '', '', 148, 0),
(3649, NULL, NULL, NULL, NULL, NULL, '', '', '', 106, 0),
(3650, NULL, NULL, NULL, NULL, NULL, '', '', '', 206, 0),
(3651, NULL, NULL, NULL, NULL, NULL, '', '', '', 124, 0),
(3652, NULL, NULL, NULL, NULL, NULL, '', '', '', 177, 0),
(3653, NULL, NULL, NULL, NULL, NULL, '', '', '', 147, 0),
(3654, NULL, NULL, NULL, NULL, NULL, '', '', '', 106, 0),
(3655, NULL, NULL, NULL, NULL, NULL, '', '', '', 163, 0),
(3656, NULL, NULL, NULL, NULL, NULL, '', '', '', 174, 0),
(3657, NULL, NULL, NULL, NULL, NULL, '', '', '', 84, 0),
(3658, NULL, NULL, NULL, NULL, NULL, '', '', '', 153, 0),
(3659, NULL, NULL, NULL, NULL, NULL, '', '', '', 165, 0),
(3660, NULL, NULL, NULL, NULL, NULL, '', '', '', 165, 0),
(3661, NULL, NULL, NULL, NULL, NULL, '', '', '', 177, 0),
(3662, NULL, NULL, NULL, NULL, NULL, '', '', '', 172, 0),
(3663, NULL, NULL, NULL, NULL, NULL, '', '', '', 146, 0),
(3664, NULL, NULL, NULL, NULL, NULL, '', '', '', 163, 0),
(3665, NULL, NULL, NULL, NULL, NULL, '', '', '', 136, 0),
(3666, NULL, NULL, NULL, NULL, NULL, '', '', '', 160, 0),
(3667, NULL, NULL, NULL, NULL, NULL, '', '', '', 131, 0),
(3668, NULL, NULL, NULL, NULL, NULL, '', '', '', 59, 0),
(3669, NULL, NULL, NULL, NULL, NULL, '', '', '', 175, 0),
(3670, NULL, NULL, NULL, NULL, NULL, '', '', '', 58, 0),
(3671, NULL, NULL, NULL, NULL, NULL, '', '', '', 175, 0),
(3672, NULL, NULL, NULL, NULL, NULL, '', '', '', 105, 0),
(3673, NULL, NULL, NULL, NULL, NULL, '', '', '', 149, 0),
(3674, NULL, NULL, NULL, NULL, NULL, '', '', '', 162, 0),
(3675, NULL, NULL, NULL, NULL, NULL, '', '', '', 97, 0),
(3676, NULL, NULL, NULL, NULL, NULL, '', '', '', 118, 0),
(3677, NULL, NULL, NULL, NULL, NULL, '', '', '', 142, 0),
(3678, NULL, NULL, NULL, NULL, NULL, '', '', '', 145, 0),
(3679, NULL, NULL, NULL, NULL, NULL, '', '', '', 156, 0),
(3680, NULL, NULL, NULL, NULL, NULL, '', '', '', 50, 0),
(3681, NULL, NULL, NULL, NULL, NULL, '', '', '', 55, 0),
(3682, NULL, NULL, NULL, NULL, NULL, '', '', '', 129, 0),
(3683, NULL, NULL, NULL, NULL, NULL, '', '', '', 100, 0),
(3684, NULL, NULL, NULL, NULL, NULL, '', '', '', 153, 0),
(3685, NULL, NULL, NULL, NULL, NULL, '', '', '', 90, 0),
(3686, NULL, NULL, NULL, NULL, NULL, '', '', '', 160, 0),
(3687, NULL, NULL, NULL, NULL, NULL, '', '', '', 100, 0),
(3688, NULL, NULL, NULL, NULL, NULL, '', '', '', 56, 0),
(3689, NULL, NULL, NULL, NULL, NULL, '', '', '', 178, 0),
(3690, NULL, NULL, NULL, NULL, NULL, '', '', '', 144, 0),
(3691, NULL, NULL, NULL, NULL, NULL, '', '', '', 112, 0),
(3692, NULL, NULL, NULL, NULL, NULL, '', '', '', 152, 0),
(3693, NULL, NULL, NULL, NULL, NULL, '', '', '', 100, 0),
(3694, NULL, NULL, NULL, NULL, NULL, '', '', '', 179, 0),
(3695, NULL, NULL, NULL, NULL, NULL, '', '', '', 201, 0),
(3696, NULL, NULL, NULL, NULL, NULL, '', '', '', 134, 0),
(3697, NULL, NULL, NULL, NULL, NULL, '', '', '', 126, 0),
(3698, NULL, NULL, NULL, NULL, NULL, '', '', '', 117, 0),
(3699, NULL, NULL, NULL, NULL, NULL, '', '', '', 93, 0),
(3700, NULL, NULL, NULL, NULL, NULL, '', '', '', 117, 0),
(3701, NULL, NULL, NULL, NULL, NULL, '', '', '', 103, 0),
(3702, NULL, NULL, NULL, NULL, NULL, '', '', '', 170, 0),
(3703, NULL, NULL, NULL, NULL, NULL, '', '', '', 119, 0),
(3704, NULL, NULL, NULL, NULL, NULL, '', '', '', 104, 0),
(3705, NULL, NULL, NULL, NULL, NULL, '', '', '', 109, 0),
(3706, NULL, NULL, NULL, NULL, NULL, '', '', '', 106, 0),
(3707, NULL, NULL, NULL, NULL, NULL, '', '', '', 96, 0),
(3708, NULL, NULL, NULL, NULL, NULL, '', '', '', 132, 0),
(3709, NULL, NULL, NULL, NULL, NULL, '', '', '', 121, 0),
(3710, NULL, NULL, NULL, NULL, NULL, '', '', '', 149, 0),
(3711, NULL, NULL, NULL, NULL, NULL, '', '', '', 123, 0),
(3712, NULL, NULL, NULL, NULL, NULL, '', '', '', 121, 0),
(3713, NULL, NULL, NULL, NULL, NULL, '', '', '', 90, 0),
(3714, NULL, NULL, NULL, NULL, NULL, '', '', '', 100, 0),
(3715, NULL, NULL, NULL, NULL, NULL, '', '', '', 118, 0),
(3716, NULL, NULL, NULL, NULL, NULL, '', '', '', 85, 0),
(3717, NULL, NULL, NULL, NULL, NULL, '', '', '', 141, 0),
(3718, NULL, NULL, NULL, NULL, NULL, '', '', '', 90, 0),
(3719, NULL, NULL, NULL, NULL, NULL, '', '', '', 187, 0),
(3720, NULL, NULL, NULL, NULL, NULL, '', '', '', 97, 0),
(3721, NULL, NULL, NULL, NULL, NULL, '', '', '', 123, 0),
(3722, NULL, NULL, NULL, NULL, NULL, '', '', '', 130, 0),
(3723, NULL, NULL, NULL, NULL, NULL, '', '', '', 82, 0),
(3724, NULL, NULL, NULL, NULL, NULL, '', '', '', 100, 0),
(3725, NULL, NULL, NULL, NULL, NULL, '', '', '', 114, 0),
(3726, NULL, NULL, NULL, NULL, NULL, '', '', '', 95, 0),
(3727, NULL, NULL, NULL, NULL, NULL, '', '', '', 93, 0),
(3728, NULL, NULL, NULL, NULL, NULL, '', '', '', 170, 0),
(3729, NULL, NULL, NULL, NULL, NULL, '', '', '', 125, 0),
(3730, NULL, NULL, NULL, NULL, NULL, '', '', '', 94, 0),
(3731, NULL, NULL, NULL, NULL, NULL, '', '', '', 97, 0),
(3732, NULL, NULL, NULL, NULL, NULL, '', '', '', 123, 0),
(3733, NULL, NULL, NULL, NULL, NULL, '', '', '', 129, 0),
(3734, NULL, NULL, NULL, NULL, NULL, '', '', '', 92, 0),
(3735, NULL, NULL, NULL, NULL, NULL, '', '', '', 24, 0),
(3736, NULL, NULL, NULL, NULL, NULL, '', '', '', 178, 0),
(3737, NULL, NULL, NULL, NULL, NULL, '', '', '', 157, 0),
(3738, NULL, NULL, NULL, NULL, NULL, '', '', '', 207, 0),
(3739, NULL, NULL, NULL, NULL, NULL, '', '', '', 100, 0),
(3740, NULL, NULL, NULL, NULL, NULL, '', '', '', 115, 0),
(3741, NULL, NULL, NULL, NULL, NULL, '', '', '', 189, 0),
(3742, NULL, NULL, NULL, NULL, NULL, '', '', '', 60, 0),
(3743, NULL, NULL, NULL, NULL, NULL, '', '', '', 97, 0),
(3744, NULL, NULL, NULL, NULL, NULL, '', '', '', 144, 0),
(3745, NULL, NULL, NULL, NULL, NULL, '', '', '', 60, 0),
(3746, NULL, NULL, NULL, NULL, NULL, '', '', '', 88, 0),
(3747, NULL, NULL, NULL, NULL, NULL, '', '', '', 98, 0),
(3748, NULL, NULL, NULL, NULL, NULL, '', '', '', 133, 0),
(3749, NULL, NULL, NULL, NULL, NULL, '', '', '', 168, 0),
(3750, NULL, NULL, NULL, NULL, NULL, '', '', '', 103, 0),
(3751, NULL, NULL, NULL, NULL, NULL, '', '', '', 96, 0),
(3752, NULL, NULL, NULL, NULL, NULL, '', '', '', 93, 0),
(3753, NULL, NULL, NULL, NULL, NULL, '', '', '', 94, 0),
(3754, NULL, NULL, NULL, NULL, NULL, '', '', '', 84, 0),
(3755, NULL, NULL, NULL, NULL, NULL, '', '', '', 97, 0),
(3756, NULL, NULL, NULL, NULL, NULL, '', '', '', 106, 0),
(3757, NULL, NULL, NULL, NULL, NULL, '', '', '', 105, 0),
(3758, NULL, NULL, NULL, NULL, NULL, '', '', '', 42, 0),
(3759, NULL, NULL, NULL, NULL, NULL, '', '', '', 90, 0),
(3760, NULL, NULL, NULL, NULL, NULL, '', '', '', 141, 0),
(3761, NULL, NULL, NULL, NULL, NULL, '', '', '', 89, 0),
(3762, NULL, NULL, NULL, NULL, NULL, '', '', '', 110, 0),
(3763, NULL, NULL, NULL, NULL, NULL, '', '', '', 72, 0),
(3764, NULL, NULL, NULL, NULL, NULL, '', '', '', 155, 0),
(3765, NULL, NULL, NULL, NULL, NULL, '', '', '', 95, 0),
(3766, NULL, NULL, NULL, NULL, NULL, '', '', '', 155, 0),
(3767, NULL, NULL, NULL, NULL, NULL, '', '', '', 97, 0),
(3768, NULL, NULL, NULL, NULL, NULL, '', '', '', 99, 0),
(3769, NULL, NULL, NULL, NULL, NULL, '', '', '', 137, 0),
(3770, NULL, NULL, NULL, NULL, NULL, '', '', '', 141, 0),
(3771, NULL, NULL, NULL, NULL, NULL, '', '', '', 166, 0),
(3772, NULL, NULL, NULL, NULL, NULL, '', '', '', 135, 0),
(3773, NULL, NULL, NULL, NULL, NULL, '', '', '', 113, 0),
(3774, NULL, NULL, NULL, NULL, NULL, '', '', '', 122, 0),
(3775, NULL, NULL, NULL, NULL, NULL, '', '', '', 138, 0),
(3776, NULL, NULL, NULL, NULL, NULL, '', '', '', 155, 0),
(3777, NULL, NULL, NULL, NULL, NULL, '', '', '', 182, 0),
(3778, NULL, NULL, NULL, NULL, NULL, '', '', '', 113, 0),
(3779, NULL, NULL, NULL, NULL, NULL, '', '', '', 80, 0),
(3780, NULL, NULL, NULL, NULL, NULL, '', '', '', 150, 0),
(3781, NULL, NULL, NULL, NULL, NULL, '', '', '', 100, 0),
(3782, NULL, NULL, NULL, NULL, NULL, '', '', '', 86, 0),
(3783, NULL, NULL, NULL, NULL, NULL, '', '', '', 210, 0),
(3784, NULL, NULL, NULL, NULL, NULL, '', '', '', 165, 0),
(3785, NULL, NULL, NULL, NULL, NULL, '', '', '', 94, 0),
(3786, NULL, NULL, NULL, NULL, NULL, '', '', '', 167, 0),
(3787, NULL, NULL, NULL, NULL, NULL, '', '', '', 186, 0),
(3788, NULL, NULL, NULL, NULL, NULL, '', '', '', 97, 0),
(3789, NULL, NULL, NULL, NULL, NULL, '', '', '', 137, 0),
(3790, NULL, NULL, NULL, NULL, NULL, '', '', '', 55, 0),
(3791, NULL, NULL, NULL, NULL, NULL, '', '', '', 71, 0),
(3792, NULL, NULL, NULL, NULL, NULL, '', '', '', 101, 0),
(3793, NULL, NULL, NULL, NULL, NULL, '', '', '', 115, 0),
(3794, NULL, NULL, NULL, NULL, NULL, '', '', '', 72, 0),
(3795, NULL, NULL, NULL, NULL, NULL, '', '', '', 92, 0),
(3796, NULL, NULL, NULL, NULL, NULL, '', '', '', 95, 0),
(3797, NULL, NULL, NULL, NULL, NULL, '', '', '', 122, 0),
(3798, NULL, NULL, NULL, NULL, NULL, '', '', '', 106, 0),
(3799, NULL, NULL, NULL, NULL, NULL, '', '', '', 82, 0),
(3800, NULL, NULL, NULL, NULL, NULL, '', '', '', 89, 0),
(3801, NULL, NULL, NULL, NULL, NULL, '', '', '', 167, 0),
(3802, NULL, NULL, NULL, NULL, NULL, '', '', '', 109, 0),
(3803, NULL, NULL, NULL, NULL, NULL, '', '', '', 138, 0),
(3804, NULL, NULL, NULL, NULL, NULL, '', '', '', 88, 0),
(3805, NULL, NULL, NULL, NULL, NULL, '', '', '', 101, 0),
(3806, NULL, NULL, NULL, NULL, NULL, '', '', '', 224, 0),
(3807, NULL, NULL, NULL, NULL, NULL, '', '', '', 88, 0),
(3808, NULL, NULL, NULL, NULL, NULL, '', '', '', 82, 0),
(3809, NULL, NULL, NULL, NULL, NULL, '', '', '', 127, 0),
(3810, NULL, NULL, NULL, NULL, NULL, '', '', '', 101, 0),
(3811, NULL, NULL, NULL, NULL, NULL, '', '', '', 141, 0),
(3812, NULL, NULL, NULL, NULL, NULL, '', '', '', 178, 0),
(3813, NULL, NULL, NULL, NULL, NULL, '', '', '', 96, 0),
(3814, NULL, NULL, NULL, NULL, NULL, '', '', '', 193, 0),
(3815, NULL, NULL, NULL, NULL, NULL, '', '', '', 72, 0),
(3816, NULL, NULL, NULL, NULL, NULL, '', '', '', 175, 0),
(3817, NULL, NULL, NULL, NULL, NULL, '', '', '', 85, 0),
(3818, NULL, NULL, NULL, NULL, NULL, '', '', '', 145, 0),
(3819, NULL, NULL, NULL, NULL, NULL, '', '', '', 113, 0),
(3820, NULL, NULL, NULL, NULL, NULL, '', '', '', 108, 0),
(3821, NULL, NULL, NULL, NULL, NULL, '', '', '', 95, 0),
(3822, NULL, NULL, NULL, NULL, NULL, '', '', '', 80, 0),
(3823, NULL, NULL, NULL, NULL, NULL, '', '', '', 162, 0),
(3824, NULL, NULL, NULL, NULL, NULL, '', '', '', 213, 0),
(3825, NULL, NULL, NULL, NULL, NULL, '', '', '', 109, 0),
(3826, NULL, NULL, NULL, NULL, NULL, '', '', '', 183, 0),
(3827, NULL, NULL, NULL, NULL, NULL, '', '', '', 144, 0),
(3828, NULL, NULL, NULL, NULL, NULL, '', '', '', 129, 0),
(3829, NULL, NULL, NULL, NULL, NULL, '', '', '', 155, 0),
(3830, NULL, NULL, NULL, NULL, NULL, '', '', '', 90, 0),
(3831, NULL, NULL, NULL, NULL, NULL, '', '', '', 95, 0),
(3832, NULL, NULL, NULL, NULL, NULL, '', '', '', 106, 0),
(3833, NULL, NULL, NULL, NULL, NULL, '', '', '', 113, 0),
(3834, NULL, NULL, NULL, NULL, NULL, '', '', '', 179, 0),
(3835, NULL, NULL, NULL, NULL, NULL, '', '', '', 116, 0),
(3836, NULL, NULL, NULL, NULL, NULL, '', '', '', 117, 0),
(3837, NULL, NULL, NULL, NULL, NULL, '', '', '', 95, 0),
(3838, NULL, NULL, NULL, NULL, NULL, '', '', '', 113, 0),
(3839, NULL, NULL, NULL, NULL, NULL, '', '', '', 186, 0),
(3840, NULL, NULL, NULL, NULL, NULL, '', '', '', 126, 0),
(3841, NULL, NULL, NULL, NULL, NULL, '', '', '', 97, 0),
(3842, NULL, NULL, NULL, NULL, NULL, '', '', '', 85, 0),
(3843, NULL, NULL, NULL, NULL, NULL, '', '', '', 100, 0),
(3844, NULL, NULL, NULL, NULL, NULL, '', '', '', 88, 0),
(3845, NULL, NULL, NULL, NULL, NULL, '', '', '', 88, 0),
(3846, NULL, NULL, NULL, NULL, NULL, '', '', '', 114, 0),
(3847, NULL, NULL, NULL, NULL, NULL, '', '', '', 97, 0),
(3848, NULL, NULL, NULL, NULL, NULL, '', '', '', 110, 0),
(3849, NULL, NULL, NULL, NULL, NULL, '', '', '', 135, 0),
(3850, NULL, NULL, NULL, NULL, NULL, '', '', '', 167, 0),
(3851, NULL, NULL, NULL, NULL, NULL, '', '', '', 104, 0),
(3852, NULL, NULL, NULL, NULL, NULL, '', '', '', 124, 0),
(3853, NULL, NULL, NULL, NULL, NULL, '', '', '', 80, 0),
(3854, NULL, NULL, NULL, NULL, NULL, '', '', '', 90, 0),
(3855, NULL, NULL, NULL, NULL, NULL, '', '', '', 99, 0),
(3856, NULL, NULL, NULL, NULL, NULL, '', '', '', 100, 0),
(3857, NULL, NULL, NULL, NULL, NULL, '', '', '', 99, 0),
(3858, NULL, NULL, NULL, NULL, NULL, '', '', '', 135, 0),
(3859, NULL, NULL, NULL, NULL, NULL, '', '', '', 104, 0),
(3860, NULL, NULL, NULL, NULL, NULL, '', '', '', 71, 0),
(3861, NULL, NULL, NULL, NULL, NULL, '', '', '', 86, 0),
(3862, NULL, NULL, NULL, NULL, NULL, '', '', '', 98, 0),
(3863, NULL, NULL, NULL, NULL, NULL, '', '', '', 95, 0),
(3864, NULL, NULL, NULL, NULL, NULL, '', '', '', 120, 0),
(3865, NULL, NULL, NULL, NULL, NULL, '', '', '', 117, 0),
(3866, NULL, NULL, NULL, NULL, NULL, '', '', '', 94, 0),
(3867, NULL, NULL, NULL, NULL, NULL, '', '', '', 85, 0),
(3868, NULL, NULL, NULL, NULL, NULL, '', '', '', 90, 0),
(3869, NULL, NULL, NULL, NULL, NULL, '', '', '', 95, 0),
(3870, NULL, NULL, NULL, NULL, NULL, '', '', '', 85, 0),
(3871, NULL, NULL, NULL, NULL, NULL, '', '', '', 188, 0),
(3872, NULL, NULL, NULL, NULL, NULL, '', '', '', 160, 0),
(3873, NULL, NULL, NULL, NULL, NULL, '', '', '', 119, 0),
(3874, NULL, NULL, NULL, NULL, NULL, '', '', '', 96, 0),
(3875, NULL, NULL, NULL, NULL, NULL, '', '', '', 66, 0),
(3876, NULL, NULL, NULL, NULL, NULL, '', '', '', 165, 0),
(3877, NULL, NULL, NULL, NULL, NULL, '', '', '', 169, 0),
(3878, NULL, NULL, NULL, NULL, NULL, '', '', '', 137, 0),
(3879, NULL, NULL, NULL, NULL, NULL, '', '', '', 137, 0),
(3880, NULL, NULL, NULL, NULL, NULL, '', '', '', 88, 0),
(3881, NULL, NULL, NULL, NULL, NULL, '', '', '', 141, 0),
(3882, NULL, NULL, NULL, NULL, NULL, '', '', '', 118, 0),
(3883, NULL, NULL, NULL, NULL, NULL, '', '', '', 160, 0),
(3884, NULL, NULL, NULL, NULL, NULL, '', '', '', 115, 0),
(3885, NULL, NULL, NULL, NULL, NULL, '', '', '', 92, 0),
(3886, NULL, NULL, NULL, NULL, NULL, '', '', '', 69, 0),
(3887, NULL, NULL, NULL, NULL, NULL, '', '', '', 57, 0),
(3888, NULL, NULL, NULL, NULL, NULL, '', '', '', 95, 0),
(3889, NULL, NULL, NULL, NULL, NULL, '', '', '', 116, 0),
(3890, NULL, NULL, NULL, NULL, NULL, '', '', '', 161, 0),
(3891, NULL, NULL, NULL, NULL, NULL, '', '', '', 145, 0),
(3892, NULL, NULL, NULL, NULL, NULL, '', '', '', 106, 0),
(3893, NULL, NULL, NULL, NULL, NULL, '', '', '', 146, 0),
(3894, NULL, NULL, NULL, NULL, NULL, '', '', '', 145, 0),
(3895, NULL, NULL, NULL, NULL, NULL, '', '', '', 79, 0),
(3896, NULL, NULL, NULL, NULL, NULL, '', '', '', 120, 0);
INSERT INTO `Films` (`Films_ID`, `Title`, `Genre_ID`, `Rating_ID`, `Country`, `Description`, `PosterURL`, `TrailerURL`, `ScreenshotURL`, `Runtime`, `Release_Year`) VALUES
(3897, NULL, NULL, NULL, NULL, NULL, '', '', '', 225, 0),
(3898, NULL, NULL, NULL, NULL, NULL, '', '', '', 94, 0),
(3899, NULL, NULL, NULL, NULL, NULL, '', '', '', 99, 0),
(3900, NULL, NULL, NULL, NULL, NULL, '', '', '', 105, 0),
(3901, NULL, NULL, NULL, NULL, NULL, '', '', '', 47, 0),
(3902, NULL, NULL, NULL, NULL, NULL, '', '', '', 173, 0),
(3903, NULL, NULL, NULL, NULL, NULL, '', '', '', 125, 0),
(3904, NULL, NULL, NULL, NULL, NULL, '', '', '', 109, 0),
(3905, NULL, NULL, NULL, NULL, NULL, '', '', '', 91, 0),
(3906, NULL, NULL, NULL, NULL, NULL, '', '', '', 160, 0),
(3907, NULL, NULL, NULL, NULL, NULL, '', '', '', 105, 0),
(3908, NULL, NULL, NULL, NULL, NULL, '', '', '', 90, 0),
(3909, NULL, NULL, NULL, NULL, NULL, '', '', '', 110, 0),
(3910, NULL, NULL, NULL, NULL, NULL, '', '', '', 95, 0),
(3911, NULL, NULL, NULL, NULL, NULL, '', '', '', 120, 0),
(3912, NULL, NULL, NULL, NULL, NULL, '', '', '', 113, 0),
(3913, NULL, NULL, NULL, NULL, NULL, '', '', '', 85, 0),
(3914, NULL, NULL, NULL, NULL, NULL, '', '', '', 105, 0),
(3915, NULL, NULL, NULL, NULL, NULL, '', '', '', 61, 0),
(3916, NULL, NULL, NULL, NULL, NULL, '', '', '', 103, 0),
(3917, NULL, NULL, NULL, NULL, NULL, '', '', '', 105, 0),
(3918, NULL, NULL, NULL, NULL, NULL, '', '', '', 29, 0),
(3919, NULL, NULL, NULL, NULL, NULL, '', '', '', 73, 0),
(3920, NULL, NULL, NULL, NULL, NULL, '', '', '', 67, 0),
(3921, NULL, NULL, NULL, NULL, NULL, '', '', '', 143, 0),
(3922, NULL, NULL, NULL, NULL, NULL, '', '', '', 112, 0),
(3923, NULL, NULL, NULL, NULL, NULL, '', '', '', 69, 0),
(3924, NULL, NULL, NULL, NULL, NULL, '', '', '', 16, 0),
(3925, NULL, NULL, NULL, NULL, NULL, '', '', '', 82, 0),
(3926, NULL, NULL, NULL, NULL, NULL, '', '', '', 65, 0),
(3927, NULL, NULL, NULL, NULL, NULL, '', '', '', 105, 0),
(3928, NULL, NULL, NULL, NULL, NULL, '', '', '', 56, 0),
(3929, NULL, NULL, NULL, NULL, NULL, '', '', '', 88, 0),
(3930, NULL, NULL, NULL, NULL, NULL, '', '', '', 80, 0),
(3931, NULL, NULL, NULL, NULL, NULL, '', '', '', 100, 0),
(3932, NULL, NULL, NULL, NULL, NULL, '', '', '', 153, 0),
(3933, NULL, NULL, NULL, NULL, NULL, '', '', '', 105, 0),
(3934, NULL, NULL, NULL, NULL, NULL, '', '', '', 142, 0),
(3935, NULL, NULL, NULL, NULL, NULL, '', '', '', 143, 0),
(3936, NULL, NULL, NULL, NULL, NULL, '', '', '', 109, 0),
(3937, NULL, NULL, NULL, NULL, NULL, '', '', '', 134, 0),
(3938, NULL, NULL, NULL, NULL, NULL, '', '', '', 157, 0),
(3939, NULL, NULL, NULL, NULL, NULL, '', '', '', 102, 0),
(3940, NULL, NULL, NULL, NULL, NULL, '', '', '', 107, 0),
(3941, NULL, NULL, NULL, NULL, NULL, '', '', '', 107, 0),
(3942, NULL, NULL, NULL, NULL, NULL, '', '', '', 131, 0),
(3943, NULL, NULL, NULL, NULL, NULL, '', '', '', 103, 0),
(3944, NULL, NULL, NULL, NULL, NULL, '', '', '', 113, 0),
(3945, NULL, NULL, NULL, NULL, NULL, '', '', '', 145, 0),
(3946, NULL, NULL, NULL, NULL, NULL, '', '', '', 154, 0),
(3947, NULL, NULL, NULL, NULL, NULL, '', '', '', 125, 0),
(3948, NULL, NULL, NULL, NULL, NULL, '', '', '', 96, 0),
(3949, NULL, NULL, NULL, NULL, NULL, '', '', '', 64, 0),
(3950, NULL, NULL, NULL, NULL, NULL, '', '', '', 83, 0),
(3951, NULL, NULL, NULL, NULL, NULL, '', '', '', 97, 0),
(3952, NULL, NULL, NULL, NULL, NULL, '', '', '', 81, 0),
(3953, NULL, NULL, NULL, NULL, NULL, '', '', '', 75, 0),
(3954, NULL, NULL, NULL, NULL, NULL, '', '', '', 89, 0),
(3955, NULL, NULL, NULL, NULL, NULL, '', '', '', 165, 0),
(3956, NULL, NULL, NULL, NULL, NULL, '', '', '', 134, 0),
(3957, NULL, NULL, NULL, NULL, NULL, '', '', '', 96, 0),
(3958, NULL, NULL, NULL, NULL, NULL, '', '', '', 151, 0),
(3959, NULL, NULL, NULL, NULL, NULL, '', '', '', 120, 0),
(3960, NULL, NULL, NULL, NULL, NULL, '', '', '', 118, 0),
(3961, NULL, NULL, NULL, NULL, NULL, '', '', '', 154, 0),
(3962, NULL, NULL, NULL, NULL, NULL, '', '', '', 143, 0),
(3963, NULL, NULL, NULL, NULL, NULL, '', '', '', 68, 0),
(3964, NULL, NULL, NULL, NULL, NULL, '', '', '', 107, 0),
(3965, NULL, NULL, NULL, NULL, NULL, '', '', '', 104, 0),
(3966, NULL, NULL, NULL, NULL, NULL, '', '', '', 100, 0),
(3967, NULL, NULL, NULL, NULL, NULL, '', '', '', 77, 0),
(3968, NULL, NULL, NULL, NULL, NULL, '', '', '', 82, 0),
(3969, NULL, NULL, NULL, NULL, NULL, '', '', '', 128, 0),
(3970, NULL, NULL, NULL, NULL, NULL, '', '', '', 86, 0),
(3971, NULL, NULL, NULL, NULL, NULL, '', '', '', 108, 0),
(3972, NULL, NULL, NULL, NULL, NULL, '', '', '', 146, 0),
(3973, NULL, NULL, NULL, NULL, NULL, '', '', '', 58, 0),
(3974, NULL, NULL, NULL, NULL, NULL, '', '', '', 63, 0),
(3975, NULL, NULL, NULL, NULL, NULL, '', '', '', 102, 0),
(3976, NULL, NULL, NULL, NULL, NULL, '', '', '', 80, 0),
(3977, NULL, NULL, NULL, NULL, NULL, '', '', '', 108, 0),
(3978, NULL, NULL, NULL, NULL, NULL, '', '', '', 139, 0),
(3979, NULL, NULL, NULL, NULL, NULL, '', '', '', 135, 0),
(3980, NULL, NULL, NULL, NULL, NULL, '', '', '', 140, 0),
(3981, NULL, NULL, NULL, NULL, NULL, '', '', '', 111, 0),
(3982, NULL, NULL, NULL, NULL, NULL, '', '', '', 113, 0),
(3983, NULL, NULL, NULL, NULL, NULL, '', '', '', 137, 0),
(3984, NULL, NULL, NULL, NULL, NULL, '', '', '', 131, 0),
(3985, NULL, NULL, NULL, NULL, NULL, '', '', '', 149, 0),
(3986, NULL, NULL, NULL, NULL, NULL, '', '', '', 115, 0),
(3987, NULL, NULL, NULL, NULL, NULL, '', '', '', 122, 0),
(3988, NULL, NULL, NULL, NULL, NULL, '', '', '', 126, 0),
(3989, NULL, NULL, NULL, NULL, NULL, '', '', '', 135, 0),
(3990, NULL, NULL, NULL, NULL, NULL, '', '', '', 110, 0),
(3991, NULL, NULL, NULL, NULL, NULL, '', '', '', 101, 0),
(3992, NULL, NULL, NULL, NULL, NULL, '', '', '', 110, 0),
(3993, NULL, NULL, NULL, NULL, NULL, '', '', '', 140, 0),
(3994, NULL, NULL, NULL, NULL, NULL, '', '', '', 104, 0),
(3995, NULL, NULL, NULL, NULL, NULL, '', '', '', 125, 0),
(3996, NULL, NULL, NULL, NULL, NULL, '', '', '', 136, 0),
(3997, NULL, NULL, NULL, NULL, NULL, '', '', '', 104, 0),
(3998, NULL, NULL, NULL, NULL, NULL, '', '', '', 88, 0),
(3999, NULL, NULL, NULL, NULL, NULL, '', '', '', 118, 0),
(4000, NULL, NULL, NULL, NULL, NULL, '', '', '', 80, 0),
(4001, NULL, NULL, NULL, NULL, NULL, '', '', '', 125, 0),
(4002, NULL, NULL, NULL, NULL, NULL, '', '', '', 90, 0),
(4003, NULL, NULL, NULL, NULL, NULL, '', '', '', 115, 0),
(4004, NULL, NULL, NULL, NULL, NULL, '', '', '', 110, 0),
(4005, NULL, NULL, NULL, NULL, NULL, '', '', '', 96, 0),
(4006, NULL, NULL, NULL, NULL, NULL, '', '', '', 57, 0),
(4007, NULL, NULL, NULL, NULL, NULL, '', '', '', 78, 0),
(4008, NULL, NULL, NULL, NULL, NULL, '', '', '', 66, 0),
(4009, NULL, NULL, NULL, NULL, NULL, '', '', '', 97, 0),
(4010, NULL, NULL, NULL, NULL, NULL, '', '', '', 141, 0),
(4011, NULL, NULL, NULL, NULL, NULL, '', '', '', 150, 0),
(4012, NULL, NULL, NULL, NULL, NULL, '', '', '', 94, 0),
(4013, NULL, NULL, NULL, NULL, NULL, '', '', '', 93, 0),
(4014, NULL, NULL, NULL, NULL, NULL, '', '', '', 67, 0),
(4015, NULL, NULL, NULL, NULL, NULL, '', '', '', 76, 0),
(4016, NULL, NULL, NULL, NULL, NULL, '', '', '', 76, 0),
(4017, NULL, NULL, NULL, NULL, NULL, '', '', '', 142, 0),
(4018, NULL, NULL, NULL, NULL, NULL, '', '', '', 104, 0),
(4019, NULL, NULL, NULL, NULL, NULL, '', '', '', 96, 0),
(4020, NULL, NULL, NULL, NULL, NULL, '', '', '', 128, 0),
(4021, NULL, NULL, NULL, NULL, NULL, '', '', '', 123, 0),
(4022, NULL, NULL, NULL, NULL, NULL, '', '', '', 90, 0),
(4023, NULL, NULL, NULL, NULL, NULL, '', '', '', 153, 0),
(4024, NULL, NULL, NULL, NULL, NULL, '', '', '', 116, 0),
(4025, NULL, NULL, NULL, NULL, NULL, '', '', '', 103, 0),
(4026, NULL, NULL, NULL, NULL, NULL, '', '', '', 124, 0),
(4027, NULL, NULL, NULL, NULL, NULL, '', '', '', 113, 0),
(4028, NULL, NULL, NULL, NULL, NULL, '', '', '', 146, 0),
(4029, NULL, NULL, NULL, NULL, NULL, '', '', '', 123, 0),
(4030, NULL, NULL, NULL, NULL, NULL, '', '', '', 109, 0),
(4031, NULL, NULL, NULL, NULL, NULL, '', '', '', 101, 0),
(4032, NULL, NULL, NULL, NULL, NULL, '', '', '', 96, 0),
(4033, NULL, NULL, NULL, NULL, NULL, '', '', '', 95, 0),
(4034, NULL, NULL, NULL, NULL, NULL, '', '', '', 123, 0),
(4035, NULL, NULL, NULL, NULL, NULL, '', '', '', 106, 0),
(4036, NULL, NULL, NULL, NULL, NULL, '', '', '', 150, 0);

-- --------------------------------------------------------

--
-- Table structure for table `Film_genre`
--

CREATE TABLE `Film_genre` (
  `Film_genre_id` int(11) NOT NULL,
  `Film_id` int(11) NOT NULL,
  `Genre_id` int(11) NOT NULL
) ENGINE=InnoDB DEFAULT CHARSET=utf8mb4 COLLATE=utf8mb4_general_ci;

--
-- Dumping data for table `Film_genre`
--

INSERT INTO `Film_genre` (`Film_genre_id`, `Film_id`, `Genre_id`) VALUES
(1, 1, 1),
(2, 1, 1),
(3, 1, 2),
(4, 3, 3),
(5, 4, 3),
(6, 7, 5),
(7, 6, 7),
(8, 7, 7),
(9, 6, 1),
(10, 9, 9),
(11, 10, 10),
(12, 11, 11),
(13, 12, 12),
(14, 13, 13),
(15, 14, 14),
(16, 15, 15),
(17, 16, 16),
(18, 17, 17),
(19, 18, 18),
(20, 19, 19),
(21, 20, 20),
(22, 21, 21),
(23, 2, 22),
(24, 23, 23),
(25, 24, 24),
(26, 25, 25),
(27, 26, 1),
(28, 27, 2),
(29, 28, 3),
(30, 29, 4),
(31, 30, 5),
(32, 31, 6),
(33, 32, 7),
(34, 33, 8),
(35, 34, 9),
(36, 35, 10),
(37, 36, 11),
(38, 37, 12),
(39, 38, 13),
(40, 39, 14),
(41, 40, 15),
(42, 41, 16),
(43, 42, 17),
(44, 43, 18),
(45, 44, 19),
(46, 45, 20),
(47, 46, 21),
(48, 47, 22),
(49, 48, 23),
(50, 49, 24),
(51, 50, 25),
(52, 51, 1),
(53, 52, 2),
(54, 53, 3),
(55, 54, 4),
(56, 55, 5),
(57, 56, 6),
(58, 57, 7),
(59, 58, 8),
(60, 59, 9),
(61, 60, 10),
(62, 61, 11),
(63, 62, 12),
(64, 63, 13),
(65, 64, 14),
(66, 65, 15),
(67, 66, 16),
(68, 67, 17),
(69, 68, 18),
(70, 69, 19),
(71, 70, 20),
(72, 71, 21),
(73, 72, 22),
(74, 73, 23),
(75, 74, 24),
(76, 75, 25),
(77, 76, 1),
(78, 77, 2),
(79, 78, 3),
(80, 79, 4),
(81, 80, 5),
(82, 81, 6),
(83, 82, 7),
(84, 83, 8),
(85, 84, 9),
(86, 85, 10),
(87, 86, 11),
(88, 87, 12),
(89, 88, 13),
(90, 89, 14),
(91, 90, 15),
(92, 91, 16),
(93, 92, 17),
(94, 93, 18),
(95, 9, 19),
(96, 95, 20),
(97, 96, 21),
(98, 97, 22),
(99, 98, 23),
(100, 99, 24),
(101, 100, 25);

-- --------------------------------------------------------

--
-- Table structure for table `Genre`
--

CREATE TABLE `Genre` (
  `Genre_ID` int(11) NOT NULL,
  `Genre` varchar(255) NOT NULL
) ENGINE=InnoDB DEFAULT CHARSET=utf8mb4 COLLATE=utf8mb4_general_ci;

--
-- Dumping data for table `Genre`
--

INSERT INTO `Genre` (`Genre_ID`, `Genre`) VALUES
(1, 'action'),
(2, 'animation'),
(3, 'action'),
(4, 'adventure'),
(5, 'comedy'),
(6, 'drama'),
(7, 'horror'),
(8, 'scifi'),
(9, 'fantasy'),
(10, 'thriller'),
(11, 'mystery'),
(12, 'romance'),
(13, 'documentary'),
(14, 'music'),
(15, 'family'),
(16, 'western'),
(17, 'crime'),
(18, 'european'),
(19, 'sport'),
(20, 'history'),
(21, 'biographical'),
(22, 'spy'),
(23, 'war'),
(24, 'superhero'),
(25, 'teen'),
(26, 'political'),
(27, 'satire'),
(28, 'psychological'),
(29, 'supernatural'),
(30, 'family'),
(31, 'reality'),
(32, 'children'),
(33, 'anime');

-- --------------------------------------------------------

--
-- Table structure for table `Rating`
--

CREATE TABLE `Rating` (
  `Rating_ID` int(11) NOT NULL,
  `IMDB_score` decimal(3,1) NOT NULL,
  `IMDB_votes` int(11) NOT NULL,
  `TMDB_popularity` decimal(5,2) NOT NULL,
  `TMDB_score` decimal(3,1) NOT NULL,
  `CineTech_Rating` int(11) DEFAULT 0
) ENGINE=InnoDB DEFAULT CHARSET=utf8mb4 COLLATE=utf8mb4_general_ci;

--
-- Dumping data for table `Rating`
--

INSERT INTO `Rating` (`Rating_ID`, `IMDB_score`, `IMDB_votes`, `TMDB_popularity`, `TMDB_score`, `CineTech_Rating`) VALUES
(1, '8.1', 588100, '106.36', '7.8', 0),
(2, '7.2', 283316, '33.16', '7.4', 3),
(3, '8.3', 266738, '24.62', '8.0', NULL),
(4, '7.3', 216307, '75.70', '7.2', 3),
(5, '8.2', 547292, '20.96', '7.8', NULL),
(6, '7.4', 123611, '17.37', '7.0', NULL),
(7, '8.0', 405022, '19.79', '7.8', NULL),
(8, '7.5', 46586, '11.60', '7.2', NULL),
(9, '6.0', 1883, '7.87', '6.5', NULL),
(10, '6.9', 29706, '10.96', '6.6', NULL),
(11, '7.5', 4878, '7.37', '7.4', NULL),
(12, '8.1', 5141, '7.27', '7.4', NULL),
(13, '4.8', 37, '1.86', '6.0', NULL),
(14, '6.8', 199, '2.45', '7.0', NULL),
(15, '6.4', 433, '2.06', '6.1', NULL),
(16, '7.5', 2718, '7.16', '7.4', NULL),
(17, '6.7', 251, '2.81', '6.3', NULL),
(18, '6.2', 599, '3.71', '6.8', NULL),
(19, '6.5', 259, '1.48', '5.3', NULL),
(20, '6.9', 312, '1.91', '5.8', NULL),
(21, '5.3', 50, '2.46', '3.8', NULL),
(22, '7.6', 2670, '6.78', '7.1', NULL),
(23, '6.4', 1181, '5.15', '6.2', NULL),
(24, '6.7', 703, '3.00', '5.6', NULL),
(25, '7.4', 1219, '2.85', '6.9', NULL),
(26, '7.1', 863, '2.59', '5.6', NULL),
(27, '7.3', 1859, '2.47', '6.3', NULL),
(28, '5.8', 78, '2.36', '6.7', NULL),
(29, '8.0', 2189, '2.19', '8.4', NULL),
(30, '5.8', 81, '1.12', '6.0', NULL),
(31, '7.8', 80, '0.99', '5.0', NULL),
(32, '6.1', 147, '0.96', '7.0', NULL),
(33, '6.9', 465070, '117.25', '7.0', NULL),
(34, '6.7', 78096, '12.57', '6.6', NULL),
(35, '6.8', 211725, '78.19', '7.1', NULL),
(36, '7.3', 141134, '20.12', '7.3', NULL),
(37, '6.8', 197284, '58.89', '6.9', NULL),
(38, '6.9', 54766, '11.70', '6.7', NULL),
(39, '6.8', 78406, '18.60', '6.7', NULL),
(40, '5.3', 141682, '49.02', '5.8', NULL),
(41, '6.1', 129240, '40.43', '6.0', NULL),
(42, '7.1', 81880, '13.55', '7.2', NULL),
(43, '7.1', 51875, '13.96', '6.7', NULL),
(44, '6.0', 11350, '11.23', '6.0', NULL),
(45, '6.8', 15202, '8.58', '6.7', NULL),
(46, '6.2', 388, '1.22', '6.8', NULL),
(47, '5.5', 220, '2.21', '5.0', NULL),
(48, '6.8', 5093, '6.27', '6.3', NULL),
(49, '8.1', 1555, '1.76', '7.1', NULL),
(50, '6.4', 161, '2.32', '5.5', NULL),
(51, '7.6', 1322, '11.02', '7.6', NULL),
(52, '7.9', 15393, '10.07', '7.4', NULL),
(53, '6.1', 494, '2.64', '5.3', NULL),
(54, '7.2', 1378, '10.36', '7.3', NULL),
(55, '7.3', 1824, '8.87', '6.9', NULL),
(56, '7.6', 9142, '7.42', '6.4', NULL),
(57, '8.0', 6714, '7.59', '8.2', NULL),
(58, '6.0', 974, '3.39', '6.1', NULL),
(59, '7.2', 903, '2.68', '6.3', NULL),
(60, '6.4', 1548, '6.02', '5.5', NULL),
(61, '1.7', 26, '5.95', '6.1', NULL),
(62, '5.5', 232, '5.60', '8.0', NULL),
(63, '6.1', 297, '5.22', '5.8', NULL),
(64, '6.6', 5467, '3.88', '6.5', NULL),
(65, '6.2', 78, '2.69', '10.0', NULL),
(66, '5.2', 141, '2.03', '6.7', NULL),
(67, '6.4', 265, '1.95', '10.0', NULL),
(68, '5.4', 103, '1.93', '5.0', NULL),
(69, '7.2', 149, '1.93', '8.0', NULL),
(70, '4.8', 73, '1.91', '6.3', NULL),
(71, '6.5', 720, '1.76', '5.3', NULL),
(72, '6.9', 220, '1.74', '7.5', NULL),
(73, '5.9', 416, '1.65', '5.3', NULL),
(74, '6.3', 79, '1.51', '7.0', NULL),
(75, '6.8', 519, '1.47', '6.2', NULL),
(76, '7.3', 1190, '1.19', '6.7', NULL),
(77, '6.8', 180523, '17.74', '6.7', NULL),
(78, '8.8', 2106826, '69.61', '8.5', NULL),
(79, '8.3', 1031133, '31.65', '8.1', NULL),
(80, '7.4', 166882, '17.97', '7.1', NULL),
(81, '7.3', 272498, '20.24', '6.9', NULL),
(82, '7.2', 320706, '27.64', '7.3', NULL),
(83, '6.4', 222489, '24.72', '6.5', NULL),
(84, '6.5', 97101, '19.37', '6.5', NULL),
(85, '5.7', 142696, '15.89', '5.9', NULL),
(86, '6.7', 14015, '11.96', '6.3', NULL),
(87, '7.1', 147831, '22.43', '7.2', NULL),
(88, '6.8', 70584, '18.66', '7.1', NULL),
(89, '6.8', 188900, '37.87', '6.5', NULL),
(90, '6.8', 52243, '19.11', '6.6', NULL),
(91, '8.1', 57273, '34.89', '8.4', NULL),
(92, '6.9', 83620, '35.44', '7.4', NULL),
(93, '8.0', 3422, '2.31', '5.2', NULL),
(94, '7.8', 5998, '5.35', '7.5', NULL),
(95, '7.9', 4871, '6.59', '7.6', NULL),
(96, '7.0', 22470, '11.30', '6.8', NULL),
(97, '6.8', 5382, '4.54', '6.8', NULL),
(98, '5.7', 119572, '19.38', '5.6', NULL),
(99, '6.3', 3411, '11.19', '7.0', NULL),
(100, '6.8', 6803, '8.51', '6.5', NULL),
(101, '7.0', 743, '3.14', '6.0', NULL),
(102, '7.5', 7724, '11.51', '7.3', NULL),
(103, '7.3', 186, '2.08', '8.5', NULL),
(104, '5.4', 2260, '3.48', '5.8', NULL),
(105, '7.5', 29580, '7.35', '6.8', NULL),
(106, '7.8', 6414, '12.92', '8.0', NULL),
(107, '7.8', 7900, '11.98', '7.5', NULL),
(108, '6.3', 85125, '39.15', '6.5', NULL),
(109, '7.7', 18728, '8.07', '6.5', NULL),
(110, '8.1', 13031, '5.67', '7.2', NULL),
(111, '6.1', 7954, '5.66', '6.5', NULL),
(112, '5.5', 3014, '4.13', '6.7', NULL),
(113, '4.4', 51851, '19.54', '5.0', NULL),
(114, '7.5', 21674, '7.76', '6.4', NULL),
(115, '6.7', 1652, '4.92', '6.2', NULL),
(116, '7.5', 54032, '15.80', '7.6', NULL),
(117, '3.7', 168, '2.38', '6.0', NULL),
(118, '5.9', 1030, '0.84', '6.0', NULL),
(119, '6.5', 6508, '7.59', '6.6', NULL),
(120, '6.1', 5633, '4.44', '6.6', NULL),
(121, '6.9', 775, '2.67', '6.4', NULL),
(122, '4.0', 1790, '2.35', '5.2', NULL),
(123, '5.5', 7914, '6.79', '5.9', NULL),
(124, '7.6', 3056, '6.74', '7.1', NULL),
(125, '6.3', 8985, '6.59', '6.0', NULL),
(126, '5.4', 4087, '4.96', '5.1', NULL),
(127, '6.6', 6808, '4.90', '7.3', NULL),
(128, '4.6', 2459, '4.53', '5.3', NULL),
(129, '7.2', 2995, '3.91', '6.8', NULL),
(130, '7.9', 2706, '3.89', '7.4', NULL),
(131, '4.6', 4393, '3.80', '5.7', NULL),
(132, '7.7', 189, '3.40', '5.5', NULL),
(133, '7.8', 3693, '3.40', '7.8', NULL),
(134, '7.8', 1122, '3.35', '6.9', NULL),
(135, '6.4', 3728, '2.98', '6.5', NULL),
(136, '7.6', 4462, '2.91', '7.4', NULL),
(137, '6.1', 857, '2.72', '7.4', NULL),
(138, '5.8', 79, '2.67', '6.7', NULL),
(139, '6.9', 412, '2.57', '6.3', NULL),
(140, '5.1', 34554, '2.53', '7.8', NULL),
(141, '4.5', 214, '2.40', '5.0', NULL),
(142, '6.7', 1276, '2.18', '6.7', NULL),
(143, '5.0', 258, '2.18', '8.3', NULL),
(144, '7.7', 105, '2.00', '6.7', NULL),
(145, '6.4', 70, '1.94', '5.2', NULL),
(146, '6.5', 1056, '1.55', '6.1', NULL),
(147, '7.2', 256, '1.50', '5.1', NULL),
(148, '4.8', 345, '1.46', '5.5', NULL),
(149, '7.4', 123, '1.45', '7.7', NULL),
(150, '4.9', 137, '1.41', '6.0', NULL),
(151, '5.5', 364, '1.36', '6.0', NULL),
(152, '6.8', 128, '1.06', '5.8', NULL),
(153, '8.8', 1895545, '110.12', '8.4', NULL),
(154, '7.6', 560336, '27.12', '7.3', NULL),
(155, '7.5', 435120, '35.09', '7.5', NULL),
(156, '9.0', 2684317, '81.70', '8.5', NULL),
(157, '7.7', 797535, '93.27', '7.3', NULL),
(158, '8.8', 1684864, '87.78', '8.4', NULL),
(159, '9.0', 1865989, '83.62', '8.5', NULL),
(160, '7.7', 363924, '28.63', '7.8', NULL),
(161, '7.1', 317831, '29.46', '6.9', NULL),
(162, '7.7', 273370, '21.73', '7.4', NULL),
(163, '7.0', 397339, '23.93', '6.8', NULL),
(164, '8.0', 523095, '53.57', '7.9', NULL),
(165, '7.2', 224756, '17.71', '6.8', NULL),
(166, '7.5', 367757, '23.55', '7.2', NULL),
(167, '6.4', 88047, '14.46', '7.2', NULL),
(168, '6.2', 107941, '35.46', '6.4', NULL),
(169, '6.4', 184242, '38.23', '6.6', NULL),
(170, '8.0', 226508, '13.05', '7.7', NULL),
(171, '6.5', 200443, '20.57', '6.6', NULL),
(172, '7.0', 182511, '33.28', '6.9', NULL),
(173, '6.8', 8, '38.66', '6.8', NULL),
(174, '5.9', 411941, '28.77', '6.1', NULL),
(175, '7.0', 122606, '13.75', '6.7', NULL),
(176, '6.6', 125093, '50.88', '6.8', NULL),
(177, '6.0', 139012, '19.94', '6.0', NULL),
(178, '6.6', 275939, '22.08', '6.6', NULL),
(179, '5.7', 210846, '42.64', '5.8', NULL),
(180, '6.6', 130250, '35.96', '6.2', NULL),
(181, '7.3', 74525, '13.59', '7.0', NULL),
(182, '6.6', 125479, '39.68', '6.7', NULL),
(183, '7.2', 429687, '50.69', '6.9', NULL),
(184, '6.9', 474, '2.24', '6.5', NULL),
(185, '6.8', 256494, '28.29', '6.7', NULL),
(186, '6.4', 85726, '24.12', '6.0', NULL),
(187, '7.2', 78881, '66.62', '7.7', NULL),
(188, '6.4', 106798, '33.28', '6.9', NULL),
(189, '5.1', 18, '17.01', '6.6', NULL),
(190, '5.7', 136745, '19.71', '5.7', NULL),
(191, '5.6', 88700, '20.75', '5.8', NULL),
(192, '8.4', 406051, '33.02', '8.0', NULL),
(193, '7.1', 78301, '37.01', '7.0', NULL),
(194, '6.1', 202887, '20.55', '6.3', NULL),
(195, '5.8', 174100, '1.63', '6.0', NULL),
(196, '7.6', 306717, '19.17', '7.6', NULL),
(197, '5.9', 103951, '21.73', '6.1', NULL),
(198, '7.2', 1087, '1.51', '7.0', NULL),
(199, '5.0', 580, '3.07', '2.5', NULL),
(200, '7.1', 38540, '9.16', '7.0', NULL),
(201, '8.1', 119995, '9.80', '7.2', NULL),
(202, '6.3', 123, '7.64', '7.7', NULL),
(203, '5.8', 7930, '13.18', '7.0', NULL),
(204, '6.7', 115160, '20.27', '6.6', NULL),
(205, '8.2', 92794, '9.55', '7.3', NULL),
(206, '7.8', 3555, '7.24', '7.4', NULL),
(207, '5.6', 24056, '9.40', '5.8', NULL),
(208, '7.9', 31177, '7.15', '6.9', NULL),
(209, '7.6', 1813, '3.46', '7.5', NULL),
(210, '5.6', 70718, '24.01', '5.9', NULL),
(211, '6.3', 46554, '9.08', '5.9', NULL),
(212, '5.8', 100026, '19.05', '6.2', NULL),
(213, '6.5', 13930, '10.48', '6.4', NULL),
(214, '8.1', 79787, '9.79', '7.0', NULL),
(215, '6.3', 75039, '21.26', '6.1', NULL),
(216, '8.1', 290993, '42.58', '8.0', NULL),
(217, '6.4', 166773, '36.74', '6.2', NULL),
(218, '8.3', 12383, '6.68', '7.9', NULL),
(219, '5.9', 3526, '21.05', '6.5', NULL),
(220, '6.4', 200652, '19.16', '6.3', NULL),
(221, '6.3', 9085, '16.62', '6.8', NULL),
(222, '7.4', 1112, '1.74', '7.1', NULL),
(223, '7.2', 4288, '4.98', '6.9', NULL),
(224, '6.8', 16443, '3.10', '5.5', NULL),
(225, '6.6', 3488, '8.55', '6.6', NULL),
(226, '5.9', 149609, '20.29', '6.0', NULL),
(227, '7.8', 4056, '2.97', '7.1', NULL),
(228, '7.2', 25177, '8.39', '6.4', NULL),
(229, '7.1', 13151, '7.21', '6.7', NULL),
(230, '8.2', 16748, '4.27', '6.9', NULL),
(231, '6.3', 92, '0.88', '4.0', NULL),
(232, '5.6', 61295, '41.85', '5.9', NULL),
(233, '6.3', 12361, '7.97', '6.5', NULL),
(234, '8.4', 395, '2.84', '6.7', NULL),
(235, '7.7', 24249, '11.96', '6.8', NULL),
(236, '5.2', 8382, '5.24', '5.1', NULL),
(237, '7.5', 6072, '31.69', '7.5', NULL),
(238, '4.4', 266, '3.25', '4.0', NULL),
(239, '7.9', 54797, '11.06', '7.3', NULL),
(240, '7.4', 27357, '5.83', '6.8', NULL),
(241, '6.9', 26, '2.39', '2.0', NULL),
(242, '5.3', 215, '2.03', '5.1', NULL),
(243, '6.6', 241, '3.04', '5.5', NULL),
(244, '6.4', 15367, '8.02', '6.1', NULL),
(245, '7.4', 4559, '6.17', '7.4', NULL),
(246, '6.1', 99432, '22.93', '6.1', NULL),
(247, '7.4', 51658, '22.13', '7.8', NULL),
(248, '8.3', 196038, '19.42', '8.0', NULL),
(249, '6.2', 37841, '28.80', '6.3', NULL),
(250, '6.9', 12740, '8.12', '6.4', NULL),
(251, '7.9', 71235, '14.34', '7.4', NULL),
(252, '8.1', 7650, '44.48', '5.5', NULL),
(253, '7.5', 8374, '3.31', '6.5', NULL),
(254, '7.2', 12, '1.96', '6.5', NULL),
(255, '5.5', 24891, '22.45', '5.8', NULL),
(256, '7.3', 7615, '5.36', '6.8', NULL),
(257, '7.3', 10634, '5.29', '6.4', NULL),
(258, '7.7', 2623, '4.23', '6.9', NULL),
(259, '5.6', 46285, '15.05', '5.7', NULL),
(260, '5.7', 517, '4.29', '6.4', NULL),
(261, '5.4', 2749, '3.18', '5.2', NULL),
(262, '6.3', 112, '1.81', '2.0', NULL),
(263, '6.9', 7110, '8.57', '6.7', NULL),
(264, '5.5', 4509, '8.17', '5.6', NULL),
(265, '7.1', 18096, '5.78', '6.2', NULL),
(266, '6.8', 1298, '2.59', '6.4', NULL),
(267, '7.6', 32228, '6.40', '7.2', NULL),
(268, '5.6', 52056, '17.66', '5.9', NULL),
(269, '5.8', 73417, '13.19', '6.4', NULL),
(270, '8.1', 111053, '11.72', '7.3', NULL),
(271, '5.8', 31249, '11.01', '5.1', NULL),
(272, '7.3', 999, '2.21', '6.7', NULL),
(273, '8.0', 64031, '10.81', '7.3', NULL),
(274, '5.6', 36318, '10.29', '5.8', NULL),
(275, '6.4', 13588, '7.67', '6.2', NULL),
(276, '5.5', 5307, '5.25', '5.8', NULL),
(277, '6.4', 4634, '31.80', '6.6', NULL),
(278, '6.0', 20614, '23.83', '6.4', NULL),
(279, '7.5', 4596, '8.72', '7.3', NULL),
(280, '6.5', 15855, '5.85', '6.3', NULL),
(281, '3.2', 17228, '10.21', '4.8', NULL),
(282, '6.5', 15489, '8.49', '6.2', NULL),
(283, '4.6', 10452, '7.45', '6.5', NULL),
(284, '7.5', 106996, '3.69', '7.4', NULL),
(285, '6.3', 4293, '38.75', '7.1', NULL),
(286, '6.2', 559, '20.89', '7.7', NULL),
(287, '6.7', 45489, '18.55', '7.0', NULL),
(288, '7.5', 33358, '9.24', '7.4', NULL),
(289, '6.8', 2295, '8.00', '6.8', NULL),
(290, '8.1', 73303, '6.81', '6.9', NULL),
(291, '7.7', 22417, '5.31', '6.8', NULL),
(292, '5.6', 8263, '5.23', '6.0', NULL),
(293, '7.1', 10504, '4.89', '6.5', NULL),
(294, '6.8', 4798, '50.28', '7.3', NULL),
(295, '7.0', 3928, '39.33', '7.3', NULL),
(296, '5.7', 15375, '15.92', '5.8', NULL),
(297, '6.3', 10383, '13.43', '6.7', NULL),
(298, '7.0', 37237, '12.46', '6.9', NULL),
(299, '6.5', 61, '7.77', '6.4', NULL),
(300, '5.6', 754, '4.59', '4.8', NULL),
(301, '5.3', 5205, '2.96', '4.7', NULL),
(302, '6.6', 7244, '32.14', '7.2', NULL),
(303, '7.8', 23994, '8.13', '6.5', NULL),
(304, '4.7', 5582, '8.08', '4.2', NULL),
(305, '6.8', 272, '2.15', '7.4', NULL),
(306, '7.6', 805, '1.72', '6.9', NULL),
(307, '6.5', 70, '1.26', '5.9', NULL),
(308, '7.2', 2675, '30.59', '7.7', NULL),
(309, '7.2', 1898, '28.92', '7.6', NULL),
(310, '6.6', 3910, '12.42', '6.6', NULL),
(311, '5.8', 10240, '10.15', '6.6', NULL),
(312, '6.6', 2386, '8.31', '6.4', NULL),
(313, '7.1', 12571, '5.09', '6.1', NULL),
(314, '5.1', 2727, '4.68', '5.1', NULL),
(315, '7.4', 12464, '3.79', '7.3', NULL),
(316, '7.4', 12291, '3.68', '6.4', NULL),
(317, '6.4', 762, '1.50', '5.2', NULL),
(318, '7.6', 90, '0.63', '7.0', NULL),
(319, '7.6', 2284, '38.33', '7.8', NULL),
(320, '7.3', 2213, '22.49', '7.7', NULL),
(321, '5.2', 717, '12.18', '5.1', NULL),
(322, '7.4', 17495, '6.74', '6.8', NULL),
(323, '7.1', 2746, '4.22', '7.0', NULL),
(324, '8.0', 4053, '4.16', '6.6', NULL),
(325, '7.4', 3099, '3.94', '6.7', NULL),
(326, '7.0', 1699, '3.37', '6.7', NULL),
(327, '6.3', 268, '2.74', '5.2', NULL),
(328, '7.2', 3357, '2.56', '7.6', NULL),
(329, '6.5', 150, '1.41', '4.6', NULL),
(330, '6.7', 4321, '90.64', '7.4', NULL),
(331, '6.8', 3894, '56.22', '7.0', NULL),
(332, '6.8', 1810, '23.12', '6.8', NULL),
(333, '6.9', 1345, '20.44', '7.1', NULL),
(334, '5.2', 3516, '13.69', '5.3', NULL),
(335, '7.5', 20417, '10.53', '7.1', NULL),
(336, '7.0', 23565, '10.33', '6.9', NULL),
(337, '6.6', 2349, '9.54', '6.4', NULL),
(338, '7.0', 2911, '8.03', '5.7', NULL),
(339, '8.0', 37381, '6.17', '7.2', NULL),
(340, '6.9', 11508, '5.98', '6.1', NULL),
(341, '6.2', 8682, '5.82', '5.5', NULL),
(342, '8.1', 45600, '5.70', '7.2', NULL),
(343, '8.4', 8775, '5.02', '7.6', NULL),
(344, '6.5', 1494, '4.68', '6.5', NULL),
(345, '6.1', 8013, '4.31', '5.8', NULL),
(346, '6.1', 2741, '4.18', '5.3', NULL),
(347, '8.6', 23773, '4.01', '7.4', NULL),
(348, '5.6', 3264, '4.00', '5.9', NULL),
(349, '6.6', 3598, '3.96', '6.4', NULL),
(350, '6.6', 417, '3.65', '6.8', NULL),
(351, '8.0', 3624, '3.57', '7.2', NULL),
(352, '7.3', 423, '3.50', '6.9', NULL),
(353, '7.3', 10249, '3.33', '6.5', NULL),
(354, '7.3', 9068, '3.21', '6.6', NULL),
(355, '6.1', 4375, '3.14', '6.0', NULL),
(356, '5.5', 1236, '3.12', '5.0', NULL),
(357, '7.5', 5721, '3.08', '6.6', NULL),
(358, '7.9', 1743, '3.01', '5.5', NULL),
(359, '6.8', 90, '2.88', '10.0', NULL),
(360, '7.5', 226, '2.86', '4.8', NULL),
(361, '8.7', 338, '2.82', '6.5', NULL),
(362, '6.1', 1544, '2.73', '7.1', NULL),
(363, '5.8', 1176, '2.73', '6.4', NULL),
(364, '6.4', 279, '2.72', '5.7', NULL),
(365, '6.3', 7809, '2.70', '4.7', NULL),
(366, '7.1', 3237, '2.68', '5.5', NULL),
(367, '4.8', 1038, '2.66', '4.1', NULL),
(368, '5.2', 1146, '2.62', '6.0', NULL),
(369, '6.5', 1028, '2.54', '6.6', NULL),
(370, '4.8', 1082, '2.50', '6.2', NULL),
(371, '6.5', 3274, '2.45', '5.9', NULL),
(372, '6.2', 1395, '2.42', '6.4', NULL),
(373, '6.6', 448, '2.41', '6.4', NULL),
(374, '7.1', 1750, '2.40', '6.9', NULL),
(375, '6.4', 1243, '2.37', '6.8', NULL),
(376, '6.2', 1795, '2.37', '6.8', NULL),
(377, '5.0', 78, '2.32', '4.0', NULL),
(378, '6.3', 2214, '2.29', '6.6', NULL),
(379, '6.7', 404, '2.29', '6.6', NULL),
(380, '5.8', 791, '2.28', '5.5', NULL),
(381, '6.5', 402, '2.23', '7.3', NULL),
(382, '5.3', 123, '2.23', '3.4', NULL),
(383, '6.9', 367, '2.19', '7.0', NULL),
(384, '7.4', 454, '2.00', '8.0', NULL),
(385, '7.8', 3681, '1.95', '6.8', NULL),
(386, '6.4', 614, '1.85', '6.0', NULL),
(387, '7.5', 52, '1.84', '7.0', NULL),
(388, '6.7', 2324, '1.73', '4.8', NULL),
(389, '5.3', 68, '1.57', '5.8', NULL),
(390, '8.6', 14, '1.50', '10.0', NULL),
(391, '6.4', 567, '1.50', '6.6', NULL),
(392, '8.3', 59, '1.41', '8.0', NULL),
(393, '5.9', 413, '1.36', '6.8', NULL),
(394, '7.9', 2344, '1.23', '4.7', NULL),
(395, '6.9', 23, '0.72', '5.1', NULL),
(396, '5.7', 77, '0.60', '6.0', NULL),
(397, '3.6', 492, '78.60', '5.4', NULL),
(398, '7.2', 930840, '38.60', '7.2', NULL),
(399, '7.8', 704692, '46.10', '7.2', NULL),
(400, '7.2', 568067, '32.74', '6.9', NULL),
(401, '6.2', 144697, '19.22', '5.8', NULL),
(402, '7.5', 334080, '20.72', '7.3', NULL),
(403, '6.5', 508361, '73.58', '6.5', NULL),
(404, '7.2', 272942, '49.64', '6.8', NULL),
(405, '7.0', 515, '2.29', '4.5', NULL),
(406, '6.4', 131741, '16.30', '6.3', NULL),
(407, '6.6', 154654, '25.55', '6.4', NULL),
(408, '6.8', 264109, '52.08', '6.7', NULL),
(409, '7.8', 23242, '12.68', '7.0', NULL),
(410, '6.2', 414536, '20.67', '6.2', NULL),
(411, '8.0', 18468, '28.12', '8.1', NULL),
(412, '5.3', 144973, '4.86', '5.8', NULL),
(413, '7.1', 129, '1.82', '6.3', NULL),
(414, '6.1', 103254, '30.76', '5.7', NULL),
(415, '4.3', 56874, '16.52', '6.1', NULL),
(416, '4.4', 372, '2.55', '3.5', NULL),
(417, '8.0', 1358, '4.40', '7.6', NULL),
(418, '3.5', 26388, '25.46', '4.7', NULL),
(419, '4.2', 4696, '5.39', '5.3', NULL),
(420, '7.4', 27232, '23.49', '7.6', NULL),
(421, '7.4', 988, '1.94', '6.7', NULL),
(422, '8.1', 83373, '9.99', '7.5', NULL),
(423, '5.6', 567, '1.16', '7.8', NULL),
(424, '5.6', 2966, '3.27', '5.2', NULL),
(425, '8.2', 80288, '9.89', '7.5', NULL),
(426, '5.8', 22988, '7.45', '6.1', NULL),
(427, '6.2', 2076, '8.93', '7.7', NULL),
(428, '7.0', 2166, '2.95', '6.1', NULL),
(429, '7.4', 13818, '6.93', '6.9', NULL),
(430, '7.0', 13406, '4.17', '6.5', NULL),
(431, '7.7', 3601, '3.52', '6.9', NULL),
(432, '7.6', 1823, '7.83', '7.3', NULL),
(433, '5.9', 1859, '6.17', '6.2', NULL),
(434, '5.3', 1429, '2.64', '4.8', NULL),
(435, '7.8', 8017, '34.89', '7.5', NULL),
(436, '4.4', 1939, '2.85', '5.1', NULL),
(437, '8.2', 6907, '7.99', '8.1', NULL),
(438, '7.4', 2349, '3.67', '6.4', NULL),
(439, '7.0', 275, '1.70', '6.0', NULL),
(440, '7.0', 1462, '3.19', '6.2', NULL),
(441, '7.1', 5356, '71.74', '7.3', NULL),
(442, '7.0', 54790, '7.32', '7.0', NULL),
(443, '8.2', 36834, '6.56', '7.2', NULL),
(444, '7.5', 8114, '4.36', '7.0', NULL),
(445, '6.4', 182, '3.11', '4.6', NULL),
(446, '7.7', 7166, '6.31', '7.6', NULL),
(447, '6.3', 6161, '5.22', '6.4', NULL),
(448, '7.2', 43235, '7.65', '6.8', NULL),
(449, '7.6', 21972, '6.53', '6.9', NULL),
(450, '6.5', 1869, '4.18', '6.5', NULL),
(451, '6.7', 927, '3.01', '6.2', NULL),
(452, '7.2', 8607, '2.92', '6.3', NULL),
(453, '5.2', 2441, '3.98', '5.3', NULL),
(454, '4.8', 1121, '12.02', '6.1', NULL),
(455, '7.5', 30694, '8.03', '6.9', NULL),
(456, '5.8', 6974, '3.39', '5.6', NULL),
(457, '6.4', 5608, '2.62', '6.2', NULL),
(458, '7.2', 321, '2.10', '6.3', NULL),
(459, '8.1', 60153, '8.31', '7.3', NULL),
(460, '7.2', 11990, '5.38', '6.7', NULL),
(461, '6.1', 325, '1.94', '3.5', NULL),
(462, '6.6', 299, '6.94', '6.4', NULL),
(463, '5.0', 351, '4.80', '4.6', NULL),
(464, '5.9', 133, '3.59', '7.4', NULL),
(465, '6.4', 377, '3.38', '5.9', NULL),
(466, '6.1', 988, '3.31', '5.5', NULL),
(467, '7.0', 2502, '3.10', '6.9', NULL),
(468, '5.1', 304, '3.04', '4.8', NULL),
(469, '8.1', 4635, '3.00', '8.3', NULL),
(470, '7.2', 542, '2.93', '6.2', NULL),
(471, '6.7', 145, '2.75', '5.0', NULL),
(472, '8.3', 57, '2.65', '6.1', NULL),
(473, '6.4', 4353, '2.37', '6.4', NULL),
(474, '3.2', 1091, '2.14', '6.3', NULL),
(475, '6.8', 1066, '1.97', '6.0', NULL),
(476, '7.1', 1023, '1.76', '5.6', NULL),
(477, '6.8', 1334, '1.55', '5.9', NULL),
(478, '5.6', 234, '1.54', '4.7', NULL),
(479, '6.2', 109, '1.47', '7.0', NULL),
(480, '6.3', 385, '1.40', '5.3', NULL),
(481, '6.7', 314, '1.20', '3.0', NULL),
(482, '6.3', 47, '1.17', '5.6', NULL),
(483, '6.6', 249, '0.99', '5.7', NULL),
(484, '8.1', 39, '0.88', '7.0', NULL),
(485, '4.5', 23, '0.64', '5.0', NULL),
(486, '3.5', 231, '0.60', '2.8', NULL),
(487, '8.1', 732035, '44.14', '8.1', NULL),
(488, '7.0', 679048, '86.90', '6.8', NULL),
(489, '6.6', 82325, '15.37', '6.6', NULL),
(490, '7.0', 533544, '32.01', '6.6', NULL),
(491, '8.0', 781064, '61.45', '8.0', NULL),
(492, '7.5', 674427, '68.42', '7.4', NULL),
(493, '6.6', 464196, '99.74', '6.8', NULL),
(494, '6.7', 207550, '35.27', '6.5', NULL),
(495, '7.4', 159516, '14.42', '7.3', NULL),
(496, '5.6', 137456, '50.28', '5.8', NULL),
(497, '7.3', 121328, '21.82', '7.1', NULL),
(498, '8.1', 486063, '28.27', '7.7', NULL),
(499, '7.1', 192149, '10.54', '6.6', NULL),
(500, '7.9', 125656, '30.76', '7.6', NULL),
(501, '8.8', 2000000, '83.45', '8.0', 0),
(502, '8.8', 2000000, '83.45', '8.0', 0),
(503, '9.5', 1500000, '90.12', '9.2', 0),
(504, '9.5', 1500000, '90.12', '9.2', 0),
(505, '9.5', 1500000, '90.12', '9.2', 0),
(506, '8.8', 2000000, '83.45', '8.0', 0),
(507, '5.0', 1000, '100.00', '5.0', 0);

-- --------------------------------------------------------

--
-- Table structure for table `Shared_movies`
--

CREATE TABLE `Shared_movies` (
  `Share_ID` int(11) NOT NULL,
  `Receiver_ID` int(11) NOT NULL,
  `Sender_ID` int(11) NOT NULL,
  `FIlm_shared` int(11) NOT NULL
) ENGINE=InnoDB DEFAULT CHARSET=utf8mb4 COLLATE=utf8mb4_general_ci;

--
-- Dumping data for table `Shared_movies`
--

INSERT INTO `Shared_movies` (`Share_ID`, `Receiver_ID`, `Sender_ID`, `FIlm_shared`) VALUES
(1, 3, 4, 4),
(24, 19, 5, 17),
(25, 19, 5, 17),
(26, 19, 3, 2),
(27, 19, 3, 5),
(28, 19, 5, 17);

-- --------------------------------------------------------

--
-- Table structure for table `Shared_shows`
--

CREATE TABLE `Shared_shows` (
  `Shared_id` int(11) NOT NULL,
  `Sender_id` int(11) NOT NULL,
  `Receiver_ID` int(11) NOT NULL,
  `Show_ID` int(11) NOT NULL
) ENGINE=InnoDB DEFAULT CHARSET=utf8mb4 COLLATE=utf8mb4_general_ci;

--
-- Dumping data for table `Shared_shows`
--

INSERT INTO `Shared_shows` (`Shared_id`, `Sender_id`, `Receiver_ID`, `Show_ID`) VALUES
(1, 4, 3, 4),
(2, 4, 3, 4);

-- --------------------------------------------------------

--
-- Table structure for table `Shows`
--

CREATE TABLE `Shows` (
  `Show_id` int(11) NOT NULL,
  `Name` varchar(50) NOT NULL,
  `Seasons` int(11) NOT NULL,
  `RatingID` int(11) DEFAULT NULL,
  `Country` text NOT NULL,
  `Description` text DEFAULT NULL,
  `Runtime` int(11) NOT NULL,
  `Release_Year` int(11) NOT NULL,
  `Genre_ID` int(11) DEFAULT NULL,
  `ScreenshotURL` text NOT NULL,
  `TrailerURL` text NOT NULL,
  `PosterURL` text NOT NULL
) ENGINE=InnoDB DEFAULT CHARSET=utf8mb4 COLLATE=utf8mb4_general_ci;

--
-- Dumping data for table `Shows`
--

INSERT INTO `Shows` (`Show_id`, `Name`, `Seasons`, `RatingID`, `Country`, `Description`, `Runtime`, `Release_Year`, `Genre_ID`, `ScreenshotURL`, `TrailerURL`, `PosterURL`) VALUES
(1, 'Five Came Back: The Reference Films', 1, 2, 'US', 'This collection includes 12 World War II-era propaganda films — many of which are graphic and offensive — discussed in the docuseries \"Five Came Back.\"', 120, 2017, 28, '', '', 'https://www.themoviedb.org/t/p/w1280/2XlOc0kQGK9q7Xjq77FLBllppm8.jpg'),
(2, 'Monty Python\'s Flying Circus', 4, 1, 'UK', 'A British sketch comedy series with the shows being composed of surreality, risqué or innuendo-laden humour, sight gags and observational sketches without punchlines.', 30, 1969, 7, '', '', 'https://www.themoviedb.org/t/p/w1280/hZtMtL8Pqv9FAMljN9911U4qBhI.jpg'),
(3, 'Monty Python\'s Fliegender Zirkus', 2, 14, 'DE', 'Monty Python\'s Fliegender Zirkus consisted of two 45-minute Monty Python German television comedy specials produced by WDR for West German television. The two episodes were first broadcast in January and December 1972 and were shot entirely on film and mostly on location in Bavaria, with the first episode recorded in German and the second recorded in English and then dubbed into German.', 25, 1972, 12, '', '', 'https://www.themoviedb.org/t/p/w600_and_h900_bestv2/aKTPtEG1A24IvofenmkVw0oAJWD.jpg'),
(4, 'Seinfeld', 9, 30, 'US', 'A stand-up comedian and his three offbeat friends weather the pitfalls and payoffs of life in New York City in the \'90s. It\'s a show about nothing.', 22, 1989, 28, '', '', 'https://www.themoviedb.org/t/p/w600_and_h900_bestv2/aCw8ONfyz3AhngVQa1E2Ss4KSUQ.jpg'),
(5, 'Thomas & Friends', 25, 11, 'UK', 'Thomas & Friends is a British children\'s television series, which had its first broadcast on the ITV network on 4 September 1984. It is based on The Railway Series of books by the Reverend Wilbert Awdry and his son, Christopher Awdry. These books deal with the adventures of a group of anthropomorphised locomotives and road vehicles who live on the fictional Island of Sodor. The books were based on stories Wilbert told to entertain his son, Christopher during his recovery from measles. From Series one to four, many of the stories are based on events from Awdry\'s personal experience.', 11, 1984, 24, '', '', 'https://www.themoviedb.org/t/p/w600_and_h900_bestv2/s8RtAklJqHo6iMtKz1FIVBm92R2.jpg'),
(6, 'Fireman Sam', 11, 24, 'UK', 'Follow the adventures of fireman Sam and his colleagues as they protect the citizens of the Welsh town of Pontypandy. Whenever the alarm sounds, brave Sam and his co-workers can be counted on to jump into a fire engine, hop onto a helicopter, or even launch an inflatable lifeboat to battle blazes, mount rescue missions, or provide medical attention to those in need.', 10, 1987, 26, '', '', 'https://www.themoviedb.org/t/p/w600_and_h900_bestv2/sXsqaIOjemMuHxGu3XukIyVM7jN.jpg'),
(7, 'Danger Mouse', 11, 10, 'UK', 'Danger Mouse, the world\'s greatest secret agent, and his side-kick Penfold work to foil the evil schemes of Baron Greenback.', 25, 1981, 26, '', '', 'https://www.themoviedb.org/t/p/w600_and_h900_bestv2/cnWr5XFOPaiIwJfx2MCj3MEQtsL.jpg'),
(8, 'Survivor', 40, 17, 'US', 'A reality show contest where sixteen or more castaways split between two or more “Tribes” are taken to a remote isolated location and are forced to live off the land with meager supplies for roughly 39 days. Frequent physical challenges are used to pit the tribes against each other for rewards, such as food or luxuries, or for “Immunity”, forcing the other tribe to attend “Tribal Council”, where they must vote off one of their players.', 42, 2000, 18, '', '', 'https://www.themoviedb.org/t/p/w600_and_h900_bestv2/cSN3UGxe3G0p8jOIMFfGm5sROUd.jpg'),
(9, 'One Piece', 20, 10, 'JP', 'Years ago, the fearsome Pirate King, Gol D. Roger was executed leaving a huge pile of treasure and the famous \"One Piece\" behind. Whoever claims the \"One Piece\" will be named the new King of the Pirates.\r\n\r\nMonkey D. Luffy, a boy who consumed a \"Devil Fruit,\" decides to follow in the footsteps of his idol, the pirate Shanks, and find the One Piece. It helps, of course, that his body has the properties of rubber and that he\'s surrounded by a bevy of skilled fighters and thieves to help him along the way.\r\n\r\nLuffy will do anything to get the One Piece and become King of the Pirates!', 24, 1999, 26, '', '', 'https://www.themoviedb.org/t/p/w600_and_h900_bestv2/rVX05xRKS5JhEYQFObCi4lAnZT4.jpg'),
(10, 'Pokémon', 24, 30, 'JP', 'Join Ash accompanied by his partner Pikachu, as he travels through many regions, meets new friends and faces new challenges on his quest to become a Pokémon Master.', 22, 1997, 7, '', '', 'https://www.themoviedb.org/t/p/w600_and_h900_bestv2/rOuGm07PxBhEsK9TaGPRQVJQm1X.jpg'),
(11, 'Gilmore Girls', 7, 33, 'US', 'Set in the charming town of Stars Hollow, Connecticut, the series follows the captivating lives of Lorelai and Rory Gilmore, a mother/daughter pair who have a relationship most people only dream of.', 45, 2000, 14, '', '', 'https://media.themoviedb.org/t/p/w300_and_h450_bestv2/8vqjelflnBJAsfRWRQVGDkGfCFb.jpg'),
(12, 'Cowboy Bebop', 1, 31, 'JP', 'In 2071, roughly fifty years after an accident with a hyperspace gateway made the Earth almost uninhabitable, humanity has colonized most of the rocky planets and moons of the Solar System. Amid a rising crime rate, the Inter Solar System Police (ISSP) set up a legalized contract system, in which registered bounty hunters, also referred to as \"Cowboys\", chase criminals and bring them in alive in return for a reward.', 24, 1998, 29, '', '', 'https://media.themoviedb.org/t/p/w300_and_h450_bestv2/lSsCxZ1dnjcB4cmXSgMJt5qunOu.jpg'),
(13, 'Neon Genesis Evangelion', 1, 28, 'JP', 'At the turn of the century, the Angels returned to Earth, seeking to wipe out humanity in an apocalyptic fury. Devastated, mankind\'s last remnants moved underground to wait for the day when the Angels would come back to finish the job. Fifteen years later, that day has come... but this time, humanity is ready to fight back with terrifying bio-mechanical weapons known as the Evangelions. Watch as Shinji, Rei, Asuka and the rest of the mysterious shadow agency Nerv battle to save earth from total annihilation.', 23, 1995, 9, '', '', 'https://media.themoviedb.org/t/p/w300_and_h450_bestv2/y2ah9t0navXyIvoHg1uIbIHO3tt.jpg'),
(14, 'The Real World', 33, 29, 'US', 'Each year, seven strangers in their twenties, from different backgrounds and countries, are chosen to come live together in a major city.', 60, 1992, 3, '', '', 'https://media.themoviedb.org/t/p/w300_and_h450_bestv2/pqeqlmK1KEBfEfABnPjEr7oXjWL.jpg'),
(15, 'Power Rangers', 28, 30, 'US', 'A team of teenagers with attitude are recruited to save Angel Grove from the evil witch, Rita Repulsa, and later, Lord Zedd, Emperor of all he sees, and their horde of monsters.', 22, 1993, 5, '', '', 'https://www.themoviedb.org/t/p/w600_and_h900_bestv2/qx3SJlAp2RK656TusqKx1qEqVMW.jpg'),
(16, 'Big Brother', 23, 28, 'NL', 'American version of the reality game show which follows a group of HouseGuests living together 24 hours a day in the \"Big Brother\" house, isolated from the outside world but under constant surveillance with no privacy for three months.', 45, 1999, 26, '', '', 'https://media.themoviedb.org/t/p/w300_and_h450_bestv2/vFYZvhzq5wbsmxm5K4a0csujxFu.jpg'),
(17, 'The Magic School Bus', 4, 5, 'CA', 'An eccentric schoolteacher takes her class on wondrous educational field trips with the help of a magical school bus.', 22, 1994, 27, '', '', 'https://media.themoviedb.org/t/p/w300_and_h450_bestv2/3A70wxUpplD4V3IcL8WmNFBgAbV.jpg'),
(18, 'Inuyasha', 8, 29, 'JP', 'A teenage girl periodically travels back in time to feudal Japan to help a young half-demon recover the shards of a jewel of great power.', 24, 2000, 12, '', '', 'https://www.themoviedb.org/t/p/w600_and_h900_bestv2/m7gGPZCguDU7bmVqQ2ZiSo7b9Xc.jpg'),
(19, 'Yu-Gi-Oh!', 5, 2, 'JP', 'A timid young boy who loves all sorts of games, one day solves an ancient puzzle known as the Millennium Puzzle, causing his body to play host to a mysterious spirit with the personality of a gambler.', 23, 1998, 29, '', '', 'https://www.themoviedb.org/t/p/w600_and_h900_bestv2/j2PBnjCSbWr9XtJttWYmCkhJ7zM.jpg'),
(20, 'Adventures of Sonic the Hedgehog', 2, 12, 'US', 'Follow the adventures of Sonic the Hedgehog, and his sidekick Tails, as they attempt to stop Dr. Robotnik and his array of robots from taking over the planet Mobius.', 22, 1993, 1, '', '', 'https://media.themoviedb.org/t/p/w300_and_h450_bestv2/oK9hd751FxuBiN4xwFh16zGxbWH.jpg'),
(21, 'Kenan & Kel', 4, 24, 'US', 'Set in Chicago, the show follows the kid-friendly misadventures of two high-school friends who are always scheming and dreaming. Kenan, who works at a grocery store, constantly devises crazy plans to strike it rich, while orange-soda-loving buddy Kel is always dragged along for the ride despite his track record for messing things up.', 22, 1996, 21, '', '', 'https://media.themoviedb.org/t/p/w300_and_h450_bestv2/ftRkgMhF1CofVSLMeonh9Hjz7a4.jpg'),
(22, 'Girlfriends', 8, 10, 'US', 'The series revolves around the friendship of four African-American women in different phases of their lives. They explore the many trials and tribulations that most women face today such as relationships, family, friends and other current issues that will interest most women. Whether it’s getting over a divorce, finding a career, or looking for true love, Girlfriends delivers along with comedy and wit.', 22, 2000, 10, '', '', 'https://www.themoviedb.org/t/p/w600_and_h900_bestv2/buFnsyWEg4pPR7dco5Vbsm6HCIY.jpg'),
(23, 'H', 6, 7, 'JP', 'H is a French sitcom with seventy-one, 22-minute episodes. The series was created by Kader Aoun, Xavier Matthieu and Éric Judor, and produced by Phillippe Berthe, Édouard Molinaro, Jean-Luc Moreau and Charles Némès. It ran from 24 October 1998 to 20 April 2002 on Canal+. In Canada, it is shown weekly on TV5.\r\n\r\nThe title \"H\" comes from the three words that characterize the series: Humour, Histoire et Hôpital.', 24, 1995, 16, '', '', 'https://www.themoviedb.org/t/p/w600_and_h900_bestv2/oVYrvtcTS0MRPlnKfUBnZw6fOSX.jpg'),
(24, 'All That', 11, 15, 'US', 'The new kids of comedy bring the funny as All That, America’s #1 kid’s sketch comedy show, returns with a new cast and a few familiar faces. From Executive Producers Kenan Thompson and Kel Mitchell.', 23, 1994, 29, '', '', 'https://media.themoviedb.org/t/p/w300_and_h450_bestv2/ve8xcICNeTQqY99jnSmmEqXa0wP.jpg'),
(25, 'Heartbreak High', 7, 30, 'AU', 'The ins and outs of the classroom lives of a group of students who attend the fictional Hartley High School in Sydney.', 22, 1994, 3, '', '', 'https://media.themoviedb.org/t/p/w300_and_h450_bestv2/l92lwXFFnU0u6FH9ogd7FkBAURB.jpg'),
(26, 'The Wiggles', 11, 31, 'AU', 'A show geared for babies up to older toddlers. This show is full of music, teaching kids songs and easy dances.', 22, 1998, 5, '', '', 'https://media.themoviedb.org/t/p/w300_and_h450_bestv2/e4O9IXM3ZmuDsrEICslrwqCl7MT.jpg'),
(27, 'Cardcaptor Sakura', 3, 16, 'JP', 'Sakura Kinomoto, an elementary school student who discovers that she possesses magical powers after accidentally freeing a set of magical cards from the book they had been sealed in for years. She is then tasked with retrieving those cards in order to avoid an unknown catastrophe from befalling the world.', 24, 1998, 30, '', '', 'https://media.themoviedb.org/t/p/w300_and_h450_bestv2/4KWM7glMkjKuYK7WY5VFTZScveN.jpg'),
(28, 'Okupas', 1, 17, 'AR', 'During the year 2000, Ricardo, Pollo, Walter and Chiqui occupied a house in the Buenos Aires neighborhood of Congreso. The four young people forge a strong friendship that leads them to go through different stories of crime, drugs and social marginalization.', 48, 2000, 21, '', '', 'https://media.themoviedb.org/t/p/w300_and_h450_bestv2/88lzeVmNWhNah7TA2SVTreIRM8p.jpg'),
(29, 'The Parkers', 5, 21, 'US', 'The Parkers is an American sitcom that aired on UPN from August 30, 1999, to May 10, 2004. A spin-off of UPN\'s Moesha, The Parkers features the mother-daughter team of Nikki and Kim Parker. The Parkers\' signature \"Heeyyy\" greeting became very popular in the early 2000s.', 22, 1999, 11, '', '', 'https://media.themoviedb.org/t/p/w300_and_h450_bestv2/vV2wJKLoM3VnHUkNoRHMaLc968c.jpg'),
(30, 'Moesha', 6, 23, 'US', 'Moesha was an American sitcom series that aired on the UPN network from January 23, 1996 to May 14, 2001. The series stars R&B singer Brandy Norwood as Moesha Mitchell, a high school student living with her family in the Leimert Park neighborhood of South Central Los Angeles. It was originally ordered as a pilot for the CBS network\'s 1995-1996 television season, who rejected. It was then picked up by UPN, who aired it as a mid-season replacement. It went on to become the biggest success for the nascent network and one of the greatest hits over the course of the network\'s entire run.', 22, 1996, 4, '', '', 'https://media.themoviedb.org/t/p/w300_and_h450_bestv2/6I3VCk8GCscaPM3aKOTJlzIaqhc.jpg'),
(31, 'Sister, Sister', 6, 8, 'US', 'Twins Tia Landry and Tamera Campbell were separated and adopted at birth. Fourteen years later, they encounter each other by chance at the mall. After the families meet, Tia\'s widowed father agrees to let Tamera and her single mother move in with them.', 22, 1994, 11, '', '', 'https://media.themoviedb.org/t/p/w300_and_h450_bestv2/fzJHEbfgRM5uJaon5AVxwJxFMSF.jpg'),
(32, 'Barney & Friends', 13, 4, 'US', 'Barney & Friends is an American children\'s television series aimed at children from ages 2 to 5. The series, which first aired on April 6, 1992, features the title character Barney, a purple anthropomorphic Tyrannosaurus rex who conveys educational messages through songs and small dance routines with a friendly, optimistic attitude.', 30, 1992, 1, '', '', 'https://media.themoviedb.org/t/p/w300_and_h450_bestv2/ijt54PA1pZ2ae68ODBk3vfWSK0e.jpg'),
(33, 'My First Errand', 1, 31, 'JP', '“Hajimete no Otsukai” (First Errand) is a Japanese TV show that follows small children as they carry out errands for their parents.', 24, 1994, 15, '', '', 'https://th.bing.com/th/id/OIP.O4Y9PCMxGSxcHY8WgZxKEQHaKh?rs=1&pid=ImgDetMain'),
(34, 'Escalona', 1, 32, 'CO', 'The improbable real life of Rafael Escalona, who had no music education and became Colombia\'s king of vallenato music, chronicling everyday life.', 42, 1992, 8, '', '', 'https://media.themoviedb.org/t/p/w300_and_h450_bestv2/10AfopJHOWHC2Vd27UTUNR9vAzy.jpg'),
(36, 'The Walking Dead', 11, 13, 'US', 'Sheriff\'s deputy Rick Grimes awakens from a coma to find a post-apocalyptic world dominated by flesh-eating zombies. He sets out to find his family and encounters many other survivors along the way.', 42, 2010, 19, '', '', 'https://media.themoviedb.org/t/p/w300_and_h450_bestv2/n7PVu0hSz2sAsVekpOIoCnkWlbn.jpg'),
(37, 'Grey\'s Anatomy', 17, 18, 'US', 'Follows the personal and professional lives of a group of doctors at Seattle’s Grey Sloan Memorial Hospital.', 43, 2005, 27, '', '', 'https://media.themoviedb.org/t/p/w300_and_h450_bestv2/jcEl8SISNfGdlQFwLzeEtsjDvpw.jpg'),
(38, 'Arrested Development', 5, 4, 'US', 'The story of a wealthy family that lost everything, and the one son who had no choice but to keep them all together.', 28, 2003, 8, '', '', 'https://media.themoviedb.org/t/p/w300_and_h450_bestv2/qMzwO952hMWQSCfHkp7IL20s4K7.jpg'),
(39, 'Community', 6, 30, 'US', 'Follow the lives of a group of students at what is possibly the world’s worst community college in the fictional locale of Greendale, Colorado.', 22, 2009, 25, '', '', 'https://media.themoviedb.org/t/p/w300_and_h450_bestv2/3KUjDt8XY7w2Ku70UE0SECmv1zP.jpg'),
(40, 'NCIS', 19, 15, 'US', 'The cases of the Naval Criminal Investigative Service\'s Washington, D.C. Major Case Response Team, led by Special Agent Leroy Jethro Gibbs.', 42, 2003, 17, '', '', 'https://media.themoviedb.org/t/p/w300_and_h450_bestv2/2exOHePjOTquUsbThPGhuEjYTyA.jpg'),
(41, 'Avatar: The Last Airbender', 3, 8, 'US', 'In a war-torn world of elemental magic, a young boy reawakens to undertake a dangerous mystic quest to fulfill his destiny as the Avatar, and bring peace to the world.', 24, 2005, 13, '', '', 'https://media.themoviedb.org/t/p/w300_and_h450_bestv2/lzZpWEaqzP0qVA5nkCc5ASbNcSy.jpg'),
(42, 'Supernatural', 15, 10, 'US', 'When they were boys, Sam and Dean Winchester lost their mother to a mysterious and demonic supernatural force. Subsequently, their father raised them to be soldiers. He taught them about the paranormal evil that lives in the dark corners and on the back roads of America ... and he taught them how to kill it. Now, the Winchester brothers crisscross the country in their \'67 Chevy Impala, battling every kind of supernatural threat they encounter along the way. ', 42, 2005, 10, '', '', 'https://media.themoviedb.org/t/p/w300_and_h450_bestv2/KoYWXbnYuS3b0GyQPkbuexlVK9.jpg'),
(43, 'Top Gear', 30, 3, 'UK', 'This fast-paced and stunt-filled motor show tests whether cars, both mundane and extraordinary, live up to their manufacturers\' claims. The long-running show travels to locations around the world, performing extreme stunts and challenges to see what the featured cars are capable of doing. The current hosts are Paddy Mcguinness, Chris Harris and Andrew \"Freddie\" Flintoff.', 60, 2002, 26, '', '', 'https://media.themoviedb.org/t/p/w300_and_h450_bestv2/aqM6QnuhSXzjHlKbXyKUqxaGiWu.jpg'),
(44, 'The Great British Baking Show', 11, 23, 'UK', 'Bakers attempt three challenges each week trying to impress the judges enough to go through to the next round and eventually are crowned Britain\'s best amateur baker.', 60, 2010, 1, '', '', 'https://media.themoviedb.org/t/p/w300_and_h450_bestv2/7GYVMH5SY2O8kq1fa4cvTpyLAxB.jpg'),
(45, 'Friday Night Lights', 5, 31, 'US', 'The trials and triumphs of life in the small town of Dillon, Texas, where high school football is everything.', 44, 2006, 21, '', '', 'https://media.themoviedb.org/t/p/w300_and_h450_bestv2/Eu7MzZY1DldJ683z7vLkILHNRD.jpg'),
(46, 'The IT Crowd', 5, 6, 'UK', 'Two I.T. nerds and their clueless female manager, who work in the basement of a very successful company. When they are called on for help, they are never treated with any respect at all.', 25, 2006, 21, '', '', 'https://media.themoviedb.org/t/p/w300_and_h450_bestv2/vah1dnAyxXMBKGyGZDWB7g9Yz0q.jpg'),
(47, 'The Amazing Race', 32, 33, 'US', 'This reality competition sees teams embark on a trek around the world to amazing destinations where they must compete in a series of challenges, some mental and some physical. Only when the tasks are completed will they learn of their next location. Teams who are the farthest behind will gradually be eliminated as the contest progresses, with the first team to arrive at the final destination winning the race and the $1 million prize.', 45, 2001, 20, '', '', 'https://media.themoviedb.org/t/p/w300_and_h450_bestv2/x1jq0atcQg6UkaZpco0kFL6QHuM.jpg'),
(48, 'Heartland', 15, 19, 'CA', 'Life is hard on the Flemings\' ranch in the Alberta foothills where abused or neglected horses find refuge with a kind, hard-working family. Debts abound and the bank is about to foreclose. Can they keep the ranch running?', 42, 2007, 1, '', '', 'https://media.themoviedb.org/t/p/w300_and_h450_bestv2/uc2gtWczT58BiAUJWFz9P5aZmNF.jpg'),
(49, 'DEATH NOTE', 1, 12, 'JP', 'Light Yagami is an ace student with great prospects—and he’s bored out of his mind. But all that changes when he finds the Death Note, a notebook dropped by a rogue Shinigami death god. Any human whose name is written in the notebook dies, and Light has vowed to use the power of the Death Note to rid the world of evil. But will Light succeed in his noble goal, or will the Death Note turn him into the very thing he fights against?', 24, 2006, 27, '', '', 'https://media.themoviedb.org/t/p/w300_and_h450_bestv2/tCZFfYTIwrR7n94J6G14Y4hAFU6.jpg'),
(52, 'Mononoke', 1, 3, 'JP', 'The Medicine Seller is a deadly and mysterious master of the occult who travels across feudal Japan in search of malevolent spirits called mononoke to slay. When he locates one of these spirits, he cannot simply kill it; he must first learn its Form, its Truth, and its Reason in order to wield the mighty Exorcism Sword and fight against it. He must begin his strange exorcisms with intense psychological analysis and careful investigative work—an extremely dangerous step, as he must first confront and learn about the mononoke before he even has the means to defeat it.', 24, 2007, 27, '', '', 'https://picfiles.alphacoders.com/117/thumb-1920-117208.jpg'),
(53, 'Chappelle\'s Show', 3, 15, 'US', 'Dave Chappelle\'s singular point of view is unleashed through a combination of laidback stand-up and street-smart sketches.', 22, 2003, 11, '', '', 'https://media.themoviedb.org/t/p/w300_and_h450_bestv2/aHpTmNU2wLHokoVpzcnh2VQBJOI.jpg'),
(54, 'Ancient Aliens', 16, 25, 'US', 'Did intelligent beings from outer space visit Earth thousands of years ago? From the age of the dinosaurs to ancient Egypt, from early cave drawings to continued mass sightings in the US, each episode gives historic depth to the questions, speculations, provocative controversies, first-hand accounts and grounded theories surrounding this age old debate.', 60, 2009, 23, '', '', 'https://media.themoviedb.org/t/p/w300_and_h450_bestv2/8yR1FK6z1Gx0pyvyXRJrvbxOyuU.jpg'),
(55, 'The Mole', 7, 23, 'US', 'Players working as a team complete a series of difficult physical and psychological tests, each worth a set amount of money. One of the players, however, is a \"Mole\" or saboteur, whose goal is to foil the efforts of the other players without revealing his or her identity. At the end of each episode, the group is given a quiz on The Mole\'s identity. The player who knows the least information about The Mole is then immediately sent home. In the final episode, The Mole is revealed and the one remaining player wins the jackpot, up to $1,000,000.', 60, 2001, 10, '', '', 'https://media.themoviedb.org/t/p/w300_and_h450_bestv2/uhUPGELqpHJ3hoeO5DjOwlDRpwe.jpg'),
(56, 'American Pickers', 22, 31, 'US', 'Pickers like Mike Wolfe and Frank Fritz are on a mission to recycle America, even if it means diving into countless piles of grimy junk or getting chased off a gun-wielding homeowner’s land. Hitting back roads from coast to coast, the two men earn a living by restoring forgotten relics to their former glory, transforming one person’s trash into another’s treasure.', 42, 2010, 5, '', '', 'https://media.themoviedb.org/t/p/w300_and_h450_bestv2/obWweSxU8XrAtCqteHLasV8ktmD.jpg'),
(57, 'Code Geass: Lelouch of the Rebellion', 2, 25, 'JP', 'Japan has been invaded and conquered by the Britannian Empire. Japan is now known as Area 11 and its citizens known as Elevens. The Britannian Empire takes away Japan\'s autonomous power and imposes its rule through the use of Knightmares. The Empire\'s rule has never faltered, but cracks have begun to show...', 24, 2006, 28, '', '', 'https://media.themoviedb.org/t/p/w300_and_h450_bestv2/2cBDhzbP7KOLbWtTzxS4WIDLh70.jpg'),
(58, 'Pawn Stars', 18, 17, 'US', 'Go inside the colorful world of the pawn business. At the Gold & Silver Pawn Shop on the outskirts of Las Vegas, generations of the Harrison family run the family business, and there’s clashing and camaraderie every step of the way.', 22, 2009, 15, '', '', 'https://media.themoviedb.org/t/p/w300_and_h450_bestv2/8GeBQWQOTu7yLwNfCV6iWyL8xNf.jpg'),
(59, 'My Little Pony: Friendship Is Magic', 9, 20, 'US', '\"Get your muzzle out of those books and make some friends!\" That\'s what Princess Celestia tells Twilight Sparkle. She may be the smartest unicorn in Equestria, but Twilight Sparkle gets an \"incomplete\" in friendship. There\'s more to life than learning magic, after all -- so she goes to Ponyville on a mission to make friends. There she meets five special ponies who take her on exciting adventures and teach her the most powerful magic of all ... the magic of friendship!', 22, 2010, 15, '', '', 'https://media.themoviedb.org/t/p/w300_and_h450_bestv2/fwW7WgJIjhBsnzk87Gyh6g9187m.jpg'),
(60, 'The Hills', 6, 13, 'US', 'After high school graduation, \"Laguna Beach\" alumna Lauren sets out to live on her own in Los Angeles and work as an intern at Teen Vogue.', 50, 2003, 33, '', '', 'https://media.themoviedb.org/t/p/w300_and_h450_bestv2/1fqN8y5S2XpLUtm9IOZHBGzDrZC.jpg');

-- --------------------------------------------------------

--
-- Table structure for table `show_genre`
--

CREATE TABLE `show_genre` (
  `ShowGenreID` int(11) NOT NULL,
  `Show_ID` int(11) DEFAULT NULL,
  `Genre_ID` int(11) DEFAULT NULL
) ENGINE=InnoDB DEFAULT CHARSET=utf8mb4 COLLATE=utf8mb4_general_ci;

--
-- Dumping data for table `show_genre`
--

INSERT INTO `show_genre` (`ShowGenreID`, `Show_ID`, `Genre_ID`) VALUES
(1, 1, 13),
(3, 2, 5),
(4, 2, 18),
(5, 3, 5),
(6, 4, 5),
(7, 5, 2),
(8, 5, 30),
(9, 6, 5),
(10, 6, 2),
(11, 7, 5),
(12, 7, 2),
(13, 8, 31),
(14, 9, 5),
(15, 9, 3),
(16, 10, 8),
(17, 10, 3),
(18, 10, 2),
(19, 10, 5),
(20, 10, 9),
(21, 10, 8),
(22, 10, 30),
(23, 11, 5),
(24, 11, 6),
(25, 12, 8),
(26, 12, 16),
(27, 12, 1),
(28, 12, 10),
(29, 12, 2),
(30, 12, 5),
(31, 12, 6);

-- --------------------------------------------------------

--
-- Table structure for table `users`
--

CREATE TABLE `users` (
  `user_id` int(11) NOT NULL,
  `name` varchar(50) NOT NULL,
  `surname` varchar(50) NOT NULL,
  `username` varchar(20) NOT NULL,
  `email` varchar(100) NOT NULL,
  `password` varchar(150) NOT NULL,
  `salt` varchar(20) NOT NULL,
  `apikey` varchar(60) NOT NULL
) ENGINE=InnoDB DEFAULT CHARSET=utf8mb4 COLLATE=utf8mb4_general_ci;

--
-- Dumping data for table `users`
--

INSERT INTO `users` (`user_id`, `name`, `surname`, `username`, `email`, `password`, `salt`, `apikey`) VALUES
(3, 'Bruce', 'Wayne', 'Batman', 'maybeBats@cinetech.com', '04527063eae7be1c1a9b6ea3e664f7b1a8a9c8131a3a65d0a3951cd05a0c0797', 'NGsIOaIEkv', '1f9a0f9ee7d1984ecda1a68aeec0d2fa'),
(4, 'Harly', 'Quinn', 'BlueRedGirl', 'shesCrazy@cinetech.com', '3dfbb789d50f3463712707a229e0f81b70db4f5fdfbe19fffc14f77311b7aa8b', 'Z6GKd3ePIr', 'ed3dfe663fe60016317a2a325040fa99'),
(5, 'Barbie', 'Girl', 'BarbieGirl', 'barbiegirl@cinetech.com', '16b69d4bcfecc942b5de594e316b6d64c03a126b9c4ec45841130d7ff7afbae1', 'w8pKkxif9c', '15deeebaf69a86209fb4baa1fd24d0c6'),
(12, 'Tom', 'Hillfiger', 'TommyH', 'tommyH29@gmail.com', 'f1635bcffb46d87f3b9808adf819afc684a8a29db1d026c1385c5347786c0d7c', 'YH8vvuxJcc', 'b6a289f0d897f7ca23f3301e2fbc7e7b'),
(13, 'John', 'Wick', 'MrWick', 'johnwik@continental.com', '2261ab1bb1556759cd0d4fd6c21c5e8f0288287e4a781af112859914bd827a10', '87yHpgw0vn', '8cd58c72886d4f760f4f8ca705ad2ce5'),
(16, 'Peter', 'Parker', 'Spidey', 'iAmSpiderMan@marvel.com', 'd8b640b3a5c0971250aaa746e57943922eb5394c7ab6e662bcdf903e2c7b1957', 'wGnZ8ZjT61', 'cc7b639d2d2214179a5a95143bf71aaf'),
(17, 'Kelvin', 'Momo', 'MoreMoMO', 'momo@booking.com', '7092077a3b8023852416f479092c9fd039d78b29e2bf0ccd23b4ecac2b16b820', 'g2LCoyPTru', 'b18b65f511598f33e701c32570ddf1a3'),
(18, 'Blue', 'Ocean', 'ThatAvatar', 'blueOcean@gamil.com', '172a056ee3303a068ef942a3cf12b3f593b015b52d20115076ec80dc5b80db3e', 'rse9oo29FT', '55962e0fbc0f811953d54caed63e4ca8'),
(19, 'Absent', 'Father', 'AbsentFather', 'absentfather@gmail.com', '31efa97b1704b4840d71f45a375834cc39d3e484ec49f24bc94615785fc15c7a', 'xtCkzzWAWF', 'ef06168e1073589a41559f1f21f0feae'),
(20, 'Beauty', 'WithBrains', 'GirlWithBrains', 'beauty23@gmail.com', 'dd9a821e3e2a49a95eda3da07c37cd2587de38e0b043ca32a6d8a782f072269b', 'W6mVBSZfVK', '493a1028417c8f93df339b84fbf1a10e');

-- --------------------------------------------------------

--
-- Table structure for table `users_recomm`
--

CREATE TABLE `users_recomm` (
  `user_id` int(11) NOT NULL,
  `genre_id` int(11) NOT NULL
) ENGINE=InnoDB DEFAULT CHARSET=utf8mb4 COLLATE=utf8mb4_general_ci;

-- --------------------------------------------------------

--
-- Table structure for table `watchList`
--

CREATE TABLE `watchList` (
  `user_id` int(11) NOT NULL,
  `films_id` int(11) NOT NULL,
  `show_id` int(11) NOT NULL
) ENGINE=InnoDB DEFAULT CHARSET=utf8mb4 COLLATE=utf8mb4_general_ci;

--
-- Indexes for dumped tables
--

--
-- Indexes for table `Actor`
--
ALTER TABLE `Actor`
  ADD PRIMARY KEY (`Actor_ID`),
  ADD KEY `actor_films` (`Films_ID`),
  ADD KEY `actor_shows` (`Shows_ID`);

--
-- Indexes for table `Admins`
--
ALTER TABLE `Admins`
  ADD PRIMARY KEY (`admin_id`);

--
-- Indexes for table `CineTech_Film_Rating`
--
ALTER TABLE `CineTech_Film_Rating`
  ADD PRIMARY KEY (`Film_Rating_ID`);

--
-- Indexes for table `CineTech_Show_Rating`
--
ALTER TABLE `CineTech_Show_Rating`
  ADD PRIMARY KEY (`Shows_Rating_ID`);

--
-- Indexes for table `Director`
--
ALTER TABLE `Director`
  ADD PRIMARY KEY (`Dir_ID`),
  ADD KEY `dir_films` (`Films_ID`),
  ADD KEY `dir_shows` (`Shows_ID`);

--
-- Indexes for table `favourites`
--
ALTER TABLE `favourites`
  ADD KEY `fav_users` (`user_id`),
  ADD KEY `fav_shows` (`shows_id`),
  ADD KEY `fav_films` (`films_id`);

--
-- Indexes for table `Films`
--
ALTER TABLE `Films`
  ADD PRIMARY KEY (`Films_ID`);

--
-- Indexes for table `Film_genre`
--
ALTER TABLE `Film_genre`
  ADD PRIMARY KEY (`Film_genre_id`);

--
-- Indexes for table `Genre`
--
ALTER TABLE `Genre`
  ADD PRIMARY KEY (`Genre_ID`);

--
-- Indexes for table `Rating`
--
ALTER TABLE `Rating`
  ADD PRIMARY KEY (`Rating_ID`);

--
-- Indexes for table `Shared_movies`
--
ALTER TABLE `Shared_movies`
  ADD PRIMARY KEY (`Share_ID`),
  ADD KEY `Shared_film` (`FIlm_shared`),
  ADD KEY `Sender_id` (`Sender_ID`),
  ADD KEY `Reciever_id` (`Receiver_ID`);

--
-- Indexes for table `Shared_shows`
--
ALTER TABLE `Shared_shows`
  ADD PRIMARY KEY (`Shared_id`);

--
-- Indexes for table `Shows`
--
ALTER TABLE `Shows`
  ADD PRIMARY KEY (`Show_id`);

--
-- Indexes for table `show_genre`
--
ALTER TABLE `show_genre`
  ADD PRIMARY KEY (`ShowGenreID`);

--
-- Indexes for table `users`
--
ALTER TABLE `users`
  ADD PRIMARY KEY (`user_id`);

--
-- Indexes for table `users_recomm`
--
ALTER TABLE `users_recomm`
  ADD PRIMARY KEY (`user_id`),
  ADD UNIQUE KEY `genre_id` (`genre_id`);

--
-- Indexes for table `watchList`
--
ALTER TABLE `watchList`
  ADD KEY `watchListUsers` (`user_id`),
  ADD KEY `watchListFilms` (`films_id`),
  ADD KEY `watchListShows` (`show_id`);

--
-- AUTO_INCREMENT for dumped tables
--

--
-- AUTO_INCREMENT for table `Actor`
--
ALTER TABLE `Actor`
  MODIFY `Actor_ID` int(11) NOT NULL AUTO_INCREMENT, AUTO_INCREMENT=501;

--
-- AUTO_INCREMENT for table `Admins`
--
ALTER TABLE `Admins`
  MODIFY `admin_id` int(11) NOT NULL AUTO_INCREMENT, AUTO_INCREMENT=9;

--
-- AUTO_INCREMENT for table `CineTech_Film_Rating`
--
ALTER TABLE `CineTech_Film_Rating`
  MODIFY `Film_Rating_ID` int(11) NOT NULL AUTO_INCREMENT, AUTO_INCREMENT=3;

--
-- AUTO_INCREMENT for table `CineTech_Show_Rating`
--
ALTER TABLE `CineTech_Show_Rating`
  MODIFY `Shows_Rating_ID` int(11) NOT NULL AUTO_INCREMENT, AUTO_INCREMENT=3;

--
-- AUTO_INCREMENT for table `Director`
--
ALTER TABLE `Director`
  MODIFY `Dir_ID` int(11) NOT NULL AUTO_INCREMENT, AUTO_INCREMENT=501;

--
-- AUTO_INCREMENT for table `Films`
--
ALTER TABLE `Films`
  MODIFY `Films_ID` int(11) NOT NULL AUTO_INCREMENT, AUTO_INCREMENT=4052;

--
-- AUTO_INCREMENT for table `Film_genre`
--
ALTER TABLE `Film_genre`
  MODIFY `Film_genre_id` int(11) NOT NULL AUTO_INCREMENT, AUTO_INCREMENT=102;

--
-- AUTO_INCREMENT for table `Genre`
--
ALTER TABLE `Genre`
  MODIFY `Genre_ID` int(11) NOT NULL AUTO_INCREMENT, AUTO_INCREMENT=35;

--
-- AUTO_INCREMENT for table `Rating`
--
ALTER TABLE `Rating`
  MODIFY `Rating_ID` int(11) NOT NULL AUTO_INCREMENT, AUTO_INCREMENT=508;

--
-- AUTO_INCREMENT for table `Shared_movies`
--
ALTER TABLE `Shared_movies`
  MODIFY `Share_ID` int(11) NOT NULL AUTO_INCREMENT, AUTO_INCREMENT=29;

--
-- AUTO_INCREMENT for table `Shared_shows`
--
ALTER TABLE `Shared_shows`
  MODIFY `Shared_id` int(11) NOT NULL AUTO_INCREMENT, AUTO_INCREMENT=3;

--
-- AUTO_INCREMENT for table `Shows`
--
ALTER TABLE `Shows`
  MODIFY `Show_id` int(11) NOT NULL AUTO_INCREMENT, AUTO_INCREMENT=68;

--
-- AUTO_INCREMENT for table `show_genre`
--
ALTER TABLE `show_genre`
  MODIFY `ShowGenreID` int(11) NOT NULL AUTO_INCREMENT, AUTO_INCREMENT=32;

--
-- AUTO_INCREMENT for table `users`
--
ALTER TABLE `users`
  MODIFY `user_id` int(11) NOT NULL AUTO_INCREMENT, AUTO_INCREMENT=23;

--
-- Constraints for dumped tables
--

--
-- Constraints for table `Actor`
--
ALTER TABLE `Actor`
  ADD CONSTRAINT `actor_films` FOREIGN KEY (`Films_ID`) REFERENCES `Films` (`Films_ID`) ON DELETE CASCADE ON UPDATE CASCADE,
  ADD CONSTRAINT `actor_shows` FOREIGN KEY (`Shows_ID`) REFERENCES `shows` (`Show_ID`) ON DELETE CASCADE ON UPDATE CASCADE;

--
-- Constraints for table `users_recomm`
--
ALTER TABLE `users_recomm`
  ADD CONSTRAINT `id_genre` FOREIGN KEY (`genre_id`) REFERENCES `Genre` (`genre_id`) ON DELETE CASCADE ON UPDATE CASCADE,
  ADD CONSTRAINT `id_users` FOREIGN KEY (`user_id`) REFERENCES `users` (`user_id`) ON DELETE CASCADE ON UPDATE CASCADE;

--
-- Constraints for table `watchList`
--
ALTER TABLE `watchList`
  ADD CONSTRAINT `watchListFilms` FOREIGN KEY (`films_id`) REFERENCES `Films` (`Films_ID`) ON DELETE CASCADE ON UPDATE CASCADE,
  ADD CONSTRAINT `watchListShows` FOREIGN KEY (`show_id`) REFERENCES `shows` (`Show_ID`) ON DELETE CASCADE ON UPDATE CASCADE,
  ADD CONSTRAINT `watchListUsers` FOREIGN KEY (`user_id`) REFERENCES `users` (`user_id`) ON DELETE CASCADE ON UPDATE CASCADE;
COMMIT;

/*!40101 SET CHARACTER_SET_CLIENT=@OLD_CHARACTER_SET_CLIENT */;
/*!40101 SET CHARACTER_SET_RESULTS=@OLD_CHARACTER_SET_RESULTS */;
/*!40101 SET COLLATION_CONNECTION=@OLD_COLLATION_CONNECTION */;
